feature,importance_mean,importance_std,signal_to_noise,selected_top100,selected_top100_plus
robust_elo_home_win_prob,0.00029310209531825394,9.261973756695688e-05,3.1645748845527,True,True
diff_starter_starter_statcast_sc_k_rate_season_to_date,0.00020597260319827894,0.00015988360627591588,1.2882659329238917,True,True
diff_box_box_box_pitch_whip_last3,0.00019858136882219268,0.00011463465178041085,1.7322979198522495,True,True
diff_team_sc_team_off_sc_pitches_seen_season_to_date,0.00019219530110219373,4.5271009713662994e-05,4.2454387988653215,True,True
diff_team_ewm_run_diff_hl30,0.00017369698579489112,6.889252184251978e-05,2.5212748952918584,True,True
home_team_sc_team_off_sc_pitches_seen_season_to_date,0.0001710770596440758,3.760358919550398e-05,4.549487517125902,True,True
robust_away_elo_pre,0.00016602803867395987,7.676728139192402e-05,2.1627448004355947,True,True
diff_box_box_box_pitch_baseOnBalls_season_to_date,0.00014956504401130165,5.2050439914774006e-05,2.8734635913970266,True,True
diff_team_pitchmix_team_pitchmix_pt_pitches_fastball_season_to_date,0.0001481828413977926,6.573101912004078e-05,2.254382228992598,True,True
home_team_team_run_diff_season_to_date,0.00013894043925253286,2.6393586658256696e-05,5.2641742500376765,True,True
diff_team_sc_team_off_sc_xwoba_contact_season_to_date,0.0001337017792223838,8.010255458799357e-05,1.6691325252993132,True,True
diff_box_box_box_pitch_obp_season_to_date,0.00012780733684112367,4.286504928370839e-05,2.981621133693624,True,True
diff_box_box_box_pitch_hits_season_to_date,0.0001267608259185149,3.7613886153958156e-05,3.3700539582554065,True,True
elo_home_win_prob,0.00012551385698980066,7.535816184732317e-05,1.665564205826752,True,True
diff_box_box_box_pitch_era_last10,0.0001216383014256972,3.864635048017655e-05,3.1474718806395696,True,True
robust_diff_elo_home_adv,0.00012105941700069067,7.40265457698642e-05,1.63535142348859,True,True
diff_starter_starter_statcast_sc_k_rate_last20,0.00012104975117487316,6.876984877382407e-05,1.7602154626367077,True,True
diff_starter_box_rolling10_ip,0.00011971960136185622,6.0313501667127426e-05,1.98495524306636,True,True
diff_team_ewm_run_diff_hl15,0.00011729057911847862,3.811259452239753e-05,3.0774755848634436,True,True
diff_starter_starter_statcast_sc_pitches_last10,0.00011667366792348366,5.543172058365569e-05,2.1048177234080923,True,True
away_box_box_runs_against_season_to_date,0.00011587131178729671,6.133972283425014e-05,1.8890093797847725,True,True
home_team_pitchmix_team_pitchmix_pt_pitches_fastball_season_to_date,0.00011338485350268491,3.439178175641133e-05,3.296858950366759,True,True
diff_box_box_box_pitch_runs_season_to_date,0.00011246132568745181,6.450099154824215e-05,1.7435596413016186,True,True
diff_elo_pre,0.00011181927566958905,6.993785878253465e-05,1.5988375626036941,True,True
away_team_team_win_season_to_date,0.00011049165545609085,3.769106646694198e-05,2.9315078031289112,True,True
diff_starter_starter_statcast_sc_whiff_rate_season_to_date,0.00010816534437810832,3.3609680160146564e-05,3.218279491584327,True,True
diff_box_box_box_pitch_era_season_to_date,0.00010663663663686984,5.3816222076850806e-05,1.9814961459871758,True,True
home_box_box_runs_against_season_to_date,9.923351761352839e-05,3.047408645575869e-05,3.2563246073870813,True,True
home_box_box_box_pitch_whip_last10,9.528789326446185e-05,4.7322986586627497e-05,2.0135646572101233,True,True
home_box_box_box_pitch_homeRuns_season_to_date,9.292253035262377e-05,6.478185565870379e-05,1.434391303055227,True,True
home_starter_box_rolling5_ip,8.920086524139004e-05,3.2560726880507614e-05,2.7395231552643833,True,True
diff_box_box_box_pitch_earnedRuns_season_to_date,8.856131323425886e-05,4.651655876200526e-05,1.9038663992185891,True,True
diff_box_box_box_pitch_battersFaced_season_to_date,8.768289984139033e-05,3.2359939452737296e-05,2.7096126050993994,True,True
home_team_sc_team_off_sc_avg_la_season_to_date,8.70935236949255e-05,4.1720207148583674e-05,2.087562110723656,True,True
robust_diff_elo_pre,8.417863460258301e-05,7.906623632644242e-05,1.0646596893145759,True,True
away_box_box_box_pitch_battersFaced_season_to_date,8.010949782319977e-05,5.8380145272691385e-05,1.3722044960493234,True,True
away_box_box_box_pitch_groundOuts_last20,7.95881158332623e-05,2.1290910701232628e-05,3.738126421649713,True,True
home_box_box_box_pitch_strikes_season_to_date,7.947273313175795e-05,3.4973989195526325e-05,2.272338242213549,True,True
away_box_box_box_pitch_baseOnBalls_season_to_date,7.941677235940858e-05,3.100485040310973e-05,2.5614305931772283,True,True
home_box_box_box_pitch_obp_season_to_date,7.884860462905596e-05,5.2046772113093665e-05,1.5149566712364786,True,True
robust_home_elo_pre,7.819247799965013e-05,4.915690718153472e-05,1.5906712298006884,True,True
away_box_box_box_pitch_strikeOuts_last20,7.707423245539857e-05,4.628005952824867e-05,1.665387496063042,True,True
home_box_box_box_pitch_baseOnBalls_season_to_date,7.628732368132329e-05,4.196124574171892e-05,1.8180423944248283,True,True
diff_starter_box_rolling5_k_per_9,7.505599336447011e-05,3.504429258591883e-05,2.1417465677315004,True,True
diff_starter_box_rolling10_avg_pitches,7.378909956581303e-05,3.684827723085502e-05,2.002511517798327,True,True
diff_starter_starter_statcast_sc_xwoba_allowed_last3,7.335285932258406e-05,3.499313027010374e-05,2.096207420039036,True,True
away_box_box_box_pitch_shutouts_season_to_date,7.221502932469592e-05,2.066725788615168e-05,3.4941756532241457,True,True
home_team_pitchmix_team_pitchmix_pt_whiff_rate_fastball_season_to_date,7.208888598304597e-05,1.897957427857017e-05,3.798235140839882,True,True
home_box_box_box_pitch_pitchesThrown_last20,7.088504421910446e-05,3.8966457778045545e-05,1.819129791649742,True,True
diff_team_sc_team_off_sc_whiff_rate_last5,7.049726008692136e-05,3.3141364205484585e-05,2.1271683220346955,True,True
diff_team_team_runs_against_season_to_date,6.952028290199141e-05,5.321607790746164e-05,1.3063774264402093,True,True
away_box_box_box_bat_leftOnBase_season_to_date,6.914896514718106e-05,2.3033558115735994e-05,3.0020965410437426,True,True
diff_box_box_box_pitch_whip_last10,6.90639148066885e-05,8.454080283451962e-05,0.816929961522537,True,True
diff_box_box_box_pitch_pitchesThrown_season_to_date,6.830568761110323e-05,2.6379478048532122e-05,2.5893494740660374,True,True
diff_team_sc_team_off_sc_swing_rate_last20,6.823298012141877e-05,2.6679805958374512e-05,2.5574766258748274,True,True
home_box_box_box_pitch_runs_season_to_date,6.714052299595652e-05,1.8902929026148027e-05,3.5518581751580633,True,True
diff_starter_box_rolling10_whip,6.64883497842661e-05,3.145687714755165e-05,2.113634785563608,True,True
diff_team_sc_team_off_sc_whiff_rate_last3,6.476444616784204e-05,2.9022052327037442e-05,2.2315598303675572,True,True
home_starter_box_rolling10_bb_per_9,6.444807339170966e-05,2.9126264068901974e-05,2.212713351744987,True,True
home_box_box_box_pitch_pitchesThrown_season_to_date,6.437102663334749e-05,5.979562577552227e-05,1.0765173170860634,True,True
diff_starter_starter_statcast_sc_pitchmix_entropy_last20,6.25906027794998e-05,3.016763222858293e-05,2.0747602034274695,True,True
home_starter_starter_statcast_sc_swing_rate_last20,6.1908194058935e-05,1.9845235737025367e-05,3.1195494414527176,True,True
home_team_pitchmix_team_pitchmix_pt_avg_ev_breaking_last5,6.18696849504885e-05,3.567209300402383e-05,1.7344001918673393,True,True
diff_box_box_box_pitch_balls_last10,6.185464695078746e-05,2.657197276190583e-05,2.3278153829610897,True,True
diff_team_pitchmix_team_pitchmix_pt_whiff_rate_fastball_season_to_date,6.12188928889923e-05,2.777794625556119e-05,2.203866777110499,True,True
away_team_sc_team_off_sc_whiff_rate_season_to_date,6.11571943035627e-05,4.776180993577159e-05,1.2804622434912905,True,True
diff_box_box_runs_against_season_to_date,6.110635773869389e-05,7.177618518687713e-05,0.8513458548904044,True,True
home_box_box_box_pitch_intentionalWalks_season_to_date,6.102656942950091e-05,3.850934590807326e-05,1.584721007081739,True,True
diff_team_ewm_team_win_hl15,6.063534561151496e-05,4.43048561689204e-05,1.3685936679340875,True,True
home_starter_starter_statcast_sc_pitches_last10,6.0023076231441316e-05,4.381682462182e-05,1.3698636710783212,True,True
diff_box_box_box_pitch_balls_season_to_date,5.926242245356539e-05,2.860492665003366e-05,2.0717557915323535,True,True
diff_team_ewm_team_win_hl60,5.924367864164059e-05,3.3516830984429436e-05,1.7675799561468926,True,True
away_box_box_box_bat_stolenBases_season_to_date,5.8822583624862367e-05,4.037288096658642e-05,1.456982563952901,True,True
home_box_box_box_pitch_strikes_last20,5.84278742666311e-05,1.8217342436296064e-05,3.2072666181111,True,True
home_starter_box_rolling3_ip,5.6864115141164184e-05,2.1619953403218204e-05,2.6301682561767117,True,True
diff_starter_box_rolling10_k_per_9,5.6345020941506176e-05,3.665565252406064e-05,1.5371441254393579,True,True
diff_team_sc_team_off_sc_csw_rate_last10,5.630564221140721e-05,4.177731113984803e-05,1.347756489711033,True,True
away_starter_starter_statcast_sc_xwoba_allowed_last3,5.6259530413038664e-05,2.20113425370776e-05,2.555933620053878,True,True
away_team_sc_team_off_sc_k_rate_last3,5.6094004432194475e-05,2.505891479262706e-05,2.2384849821469004,True,True
diff_starter_box_rolling5_ip,5.5471237079696144e-05,3.744494649279333e-05,1.4814078340416954,True,True
diff_box_box_box_pitch_whip_last5,5.532227256374034e-05,0.00010701752940971496,0.5169458953956961,True,True
diff_team_team_run_diff_season_to_date,5.528436684208993e-05,9.532482675639979e-05,0.579957695421443,True,True
away_team_pitchmix_team_pitchmix_pt_whiff_rate_breaking_last3,5.5104119162074915e-05,3.679954392629808e-05,1.4974131003481221,True,True
away_elo_pre,5.456363313420809e-05,3.763185632579872e-05,1.4499320113741425,True,True
diff_starter_box_rolling3_ip,5.4500676624524845e-05,1.7480963829882126e-05,3.1177157709897476,True,True
diff_box_box_box_bat_baseOnBalls_season_to_date,5.447265488544018e-05,3.406926286480286e-05,1.5988797615494106,True,True
away_team_sc_team_off_sc_csw_rate_season_to_date,5.427890173816952e-05,3.495162758452122e-05,1.552972078536555,True,True
home_team_sc_team_off_sc_whiff_rate_last20,5.3958264427178546e-05,1.3638998341925912e-05,3.9561750118637597,True,True
diff_starter_box_last_outing_whip,5.391118555341246e-05,1.9102647362416393e-05,2.822183990030634,True,True
away_box_box_box_pitch_runs_season_to_date,5.378100809858566e-05,4.127188845508839e-05,1.3030905565930078,True,True
diff_box_box_box_pitch_rbi_season_to_date,5.340931898608625e-05,3.583551385325619e-05,1.4904019293484534,True,True
home_starter_box_last_outing_avg_pitches,5.303453322111906e-05,1.4781235763906957e-05,3.5879634198528634,True,True
away_box_box_box_pitch_strikes_last20,5.2957904081196715e-05,1.6920570430114057e-05,3.129794252500253,True,True
away_box_box_box_pitch_triples_season_to_date,5.2748331153840146e-05,4.331406357099943e-05,1.2178107248555952,True,True
home_team_pitchmix_team_pitchmix_pt_avg_ev_fastball_last3,5.2635535855638514e-05,2.1038472026086506e-05,2.501870658210038,True,True
away_starter_starter_statcast_sc_avg_extension_last20,5.2105426706472446e-05,1.8381728503664548e-05,2.834631503565337,True,True
home_box_box_box_bat_rbi_season_to_date,5.1691698773215225e-05,2.0419804111911868e-05,2.5314492974524145,True,True
diff_starter_starter_statcast_sc_pitches_last5,5.157902166637029e-05,4.5671067212598047e-05,1.1293588000970247,True,True
home_box_box_box_pitch_flyOuts_last20,5.156746669806589e-05,3.009508000757109e-05,1.7134849511977686,True,True
home_team_sc_team_off_sc_swing_rate_last20,5.102081338227426e-05,3.888324121221826e-05,1.312154331574653,True,True
home_team_pitchmix_team_pitchmix_pt_whiff_rate_fastball_last10,5.093686205996928e-05,4.3782861951973754e-05,1.1633972698231305,False,False
diff_starter_starter_statcast_sc_avg_spin_last3,5.057434715112219e-05,2.1798136086054145e-05,2.3201225532066605,False,False
home_starter_starter_statcast_sc_pitches_last5,5.0433365999813515e-05,1.7572068467334545e-05,2.8700870414639126,False,False
diff_team_sc_team_off_sc_avg_ev_last20,5.026767710224478e-05,2.4346015055482042e-05,2.0647188867537443,False,False
home_starter_starter_statcast_sc_woba_allowed_last20,4.997593668230049e-05,2.590320372116579e-05,1.9293341943438682,False,False
away_team_sc_team_off_sc_bb_rate_season_to_date,4.9475265680831715e-05,4.199697405009844e-05,1.17806739175571,False,False
home_team_pitchmix_team_pitchmix_pt_avg_ev_fastball_season_to_date,4.926640564172358e-05,1.3604058454032554e-05,3.621449129183938,False,False
away_team_sc_team_off_sc_csw_rate_last10,4.91497630248916e-05,3.945557211750921e-05,1.2456989060635213,False,False
away_starter_starter_statcast_sc_woba_allowed_last20,4.875217917358343e-05,2.204209524769318e-05,2.211776086880198,False,False
away_box_box_box_pitch_flyOuts_season_to_date,4.811447929038426e-05,1.8861392246067483e-05,2.5509505694318992,False,False
away_starter_starter_statcast_sc_max_velo_last3,4.792819307725127e-05,2.115421684942467e-05,2.265656697121112,False,False
home_starter_box_rolling3_avg_pitches,4.7690746921791316e-05,1.7869841401716666e-05,2.6687840059514967,False,False
away_box_box_box_pitch_caughtStealing_season_to_date,4.767157814660195e-05,1.2228287018003857e-05,3.8984673876573637,False,False
away_team_sc_team_off_sc_sweetspot_rate_last3,4.718990777535792e-05,3.582408437565876e-05,1.3172676593912294,False,False
away_box_box_box_pitch_balls_season_to_date,4.695487815424837e-05,2.3713245032245773e-05,1.9801118779989046,False,False
away_team_team_run_diff_season_to_date,4.680013551017215e-05,6.825746035804667e-05,0.6856413242549687,False,False
diff_box_box_runs_against_last3,4.6201493927489065e-05,1.7361751687803225e-05,2.6611078627478584,False,False
away_starter_starter_statcast_sc_whiff_rate_season_to_date,4.613964877763222e-05,3.985543422186707e-05,1.1576752249337494,False,False
home_team_pitchmix_team_pitchmix_pt_hard_hit_rate_breaking_last10,4.580425745966954e-05,1.574678572865596e-05,2.908800452927677,False,False
home_starter_starter_statcast_sc_xwoba_allowed_season_to_date,4.5766751960518716e-05,1.779339436881237e-05,2.5721203617414927,False,False
home_box_box_box_pitch_balls_last20,4.569368832827436e-05,3.579198135733759e-05,1.2766459579893263,False,False
diff_box_box_box_pitch_hits_last20,4.5444281711104484e-05,2.34716157343463e-05,1.9361377685050165,False,False
home_box_box_box_pitch_atBats_last10,4.5443637150566206e-05,1.5189364202812485e-05,2.9918064076804343,False,False
away_team_pitchmix_team_pitchmix_pt_whiff_rate_fastball_last10,4.542856389423422e-05,3.483044957446706e-05,1.3042772760399926,False,False
away_team_pitchmix_team_pitchmix_pt_whiff_rate_offspeed_last5,4.542824094035947e-05,3.1459332339688794e-05,1.4440306758528259,False,False
away_starter_starter_statcast_sc_max_velo_last10,4.5224645057206915e-05,1.6346492421007387e-05,2.766626863576391,False,False
diff_team_sc_team_off_sc_hr_rate_last5,4.5096516939191475e-05,3.742577009620181e-05,1.20495895804608,False,False
away_team_pitchmix_team_pitchmix_pt_woba_fastball_season_to_date,4.504585386870819e-05,1.8738544401940495e-05,2.40391424768529,False,False
diff_starter_starter_statcast_sc_max_velo_last3,4.480526009362773e-05,3.8515355361538305e-05,1.163309014626685,False,False
diff_team_sc_team_off_sc_avg_ev_season_to_date,4.4492472587776e-05,4.041283458753637e-05,1.1009490683313223,False,False
home_box_box_box_pitch_groundOuts_season_to_date,4.4437208187142474e-05,3.361766669631416e-05,1.321840941210074,False,False
away_box_box_box_pitch_numberOfPitches_last20,4.434936434390968e-05,1.6595210994051017e-05,2.6724194323174233,False,False
away_team_pitchmix_team_pitchmix_pt_whiff_rate_breaking_last5,4.3846837172134554e-05,2.0224790900912763e-05,2.1679748080933536,False,False
home_box_box_box_bat_obp_season_to_date,4.370368424366777e-05,2.1349496740606254e-05,2.04705922461134,False,False
diff_team_sc_team_off_sc_hard_hit_rate_last20,4.369925921146045e-05,1.430704861710389e-05,3.0543867139179603,False,False
diff_team_sc_team_off_sc_bb_rate_season_to_date,4.3298728084861794e-05,1.9315709960098588e-05,2.2416327525266277,False,False
away_box_box_box_pitch_rbi_season_to_date,4.3258140751489814e-05,2.7489785947136176e-05,1.5736077696158397,False,False
away_box_box_box_bat_airOuts_last20,4.2930671009333564e-05,1.1308842186281907e-05,3.7962039174452573,False,False
home_team_pitchmix_team_pitchmix_pt_woba_offspeed_last20,4.289040284055634e-05,1.8160224981158146e-05,2.361777064163941,False,False
home_team_cluster_recent,4.288989386836972e-05,1.6414415964759415e-05,2.612940598096897,False,True
diff_team_pitchmix_team_pitchmix_pt_hard_hit_rate_fastball_last20,4.283902759851799e-05,2.1178218760092516e-05,2.0227870947882707,False,False
diff_starter_starter_statcast_sc_avg_extension_last5,4.281695299438448e-05,2.367758331842204e-05,1.808332903682417,False,False
home_team_sc_team_off_sc_woba_last20,4.219306967742087e-05,2.8873941044860207e-05,1.4612854411480338,False,False
diff_box_box_box_pitch_pitchesThrown_last20,4.184766252799399e-05,2.976377522626702e-05,1.4059930976451784,False,False
diff_box_box_box_pitch_shutouts_season_to_date,4.172717109968138e-05,2.491506482352286e-05,1.6747767423139852,False,False
diff_team_pitchmix_team_pitchmix_pt_hard_hit_rate_offspeed_last5,4.149314680467198e-05,2.368431314613688e-05,1.7519252742796925,False,False
diff_starter_starter_statcast_sc_hr_rate_last10,4.138158562304595e-05,2.3460616695578453e-05,1.7638745886353875,False,False
away_box_box_box_pitch_hitByPitch_last5,4.090674829156926e-05,6.496962351215428e-06,6.296288339106133,False,False
away_team_pitchmix_team_pitchmix_pt_whiff_rate_fastball_season_to_date,4.0854875494245045e-05,1.7128046018276056e-05,2.3852618944771558,False,False
away_team_pitchmix_team_pitchmix_pt_woba_fastball_last10,4.0775847644891616e-05,3.9182102751570624e-05,1.0406753283106305,False,False
away_box_box_box_bat_ops_last10,4.0772584036885553e-05,4.126834157414592e-05,0.9879869769816253,False,False
diff_starter_box_rolling5_era,4.0703195670011016e-05,1.2944530602522267e-05,3.1444319550745177,False,False
away_box_box_box_pitch_flyOuts_last10,4.042406358139017e-05,2.408897836994289e-05,1.678114487073036,False,False
diff_box_box_box_bat_obp_last10,4.034201409411908e-05,2.8228444906907263e-05,1.42912633788933,False,False
away_team_pitchmix_team_pitchmix_pt_pitches_breaking_last20,4.0273823517544825e-05,1.526886716310195e-05,2.6376431916880327,False,False
home_starter_box_rolling5_bb_per_9,3.990738797494675e-05,3.3402754085012223e-05,1.1947334604020914,False,False
away_starter_starter_statcast_sc_pitches_last20,3.9816943286574705e-05,2.335262227556717e-05,1.7050309304336,False,False
away_box_box_box_pitch_numberOfPitches_last5,3.945372004230396e-05,2.5481400793911303e-05,1.5483340323947692,False,False
away_box_box_box_pitch_balls_last10,3.942624500244962e-05,2.4013761084361683e-05,1.6418188247956254,False,False
home_box_box_box_bat_flyOuts_season_to_date,3.935151986996788e-05,1.5416271534129182e-05,2.552596442197444,False,False
home_starter_box_rolling10_ip,3.9273835649322744e-05,2.6109387334510088e-05,1.5042036469929934,False,False
home_team_pitchmix_team_pitchmix_pt_avg_ev_offspeed_last3,3.912885133237065e-05,2.545644511368855e-05,1.537090161553237,False,False
diff_team_sc_team_off_sc_bb_rate_last10,3.8976091792986e-05,1.8260718165049393e-05,2.134422723175552,False,False
away_team_sc_team_off_sc_xwoba_contact_last10,3.893010420360499e-05,2.1037655006433788e-05,1.8504963690914833,False,False
away_box_box_box_bat_rbi_last20,3.8928707924423825e-05,1.6069444864711612e-05,2.4225297296928403,False,False
diff_team_ewm_team_win_hl30,3.8846325907204714e-05,8.795962885191819e-05,0.44163812892620646,False,False
diff_box_box_box_pitch_balls_last20,3.883062808670568e-05,3.897924326076534e-05,0.9961873253140024,False,False
home_box_box_box_bat_lineOuts_last20,3.875522681214827e-05,1.2625030605361258e-05,3.0697134940560655,False,False
home_box_box_box_pitch_numberOfPitches_last3,3.843103245225743e-05,2.9065593951166316e-05,1.322217344562997,False,False
diff_team_sc_team_off_sc_pa_season_to_date,3.8382066620545885e-05,8.814720702027332e-06,4.354314551534031,False,False
away_box_box_box_bat_rbi_last10,3.827124183083397e-05,1.56042879803514e-05,2.4526105823619977,False,False
diff_box_box_box_pitch_stolenBases_season_to_date,3.8253768054552495e-05,3.022366722787087e-05,1.2656891622760007,False,False
home_box_box_box_pitch_battersFaced_season_to_date,3.802212506081038e-05,2.6996942423417822e-05,1.4083863448117382,False,False
home_starter_starter_statcast_sc_bb_rate_last5,3.790744934621948e-05,2.139284209115085e-05,1.771968828858878,False,False
diff_team_pitchmix_team_pitchmix_pt_whiff_rate_fastball_last10,3.774044735049831e-05,2.483936069357769e-05,1.5193807850399403,False,False
away_starter_starter_statcast_sc_avg_extension_last5,3.7686471541664715e-05,2.425881923451508e-05,1.553516318223971,False,False
diff_box_box_box_pitch_strikes_last3,3.76780729468118e-05,2.083272284922724e-05,1.808600499296203,False,False
diff_box_box_box_bat_popOuts_last3,3.7646819532821676e-05,3.206597293059461e-05,1.174042640599322,False,False
away_box_box_box_bat_avg_last5,3.759054670516848e-05,2.2214696014589026e-05,1.692147697203765,False,False
diff_starter_starter_statcast_sc_bb_rate_last3,3.750592608667835e-05,1.9305378336460467e-05,1.9427708399707464,False,False
diff_team_sc_team_off_sc_woba_season_to_date,3.735827318567253e-05,2.385516430687886e-05,1.566045519749362,False,False
home_box_box_box_bat_leftOnBase_last10,3.733091686021206e-05,1.4520142735574198e-05,2.570974510378035,False,False
diff_team_pitchmix_team_pitchmix_pt_woba_fastball_last5,3.723205586420031e-05,1.548521867174163e-05,2.404361000864885,False,False
home_team_team_runs_against_season_to_date,3.716475078097137e-05,1.7711268811227526e-05,2.098367495693583,False,False
away_box_box_box_bat_obp_last20,3.6952007044155354e-05,2.8446199211474565e-05,1.299013860145145,False,False
diff_team_sc_team_off_sc_hr_rate_last20,3.6868759503072555e-05,1.9266582914039254e-05,1.9136117529282721,False,False
diff_team_pitchmix_team_pitchmix_pt_whiff_rate_breaking_last5,3.676506164574933e-05,1.7171053205940507e-05,2.1411069667543785,False,False
diff_starter_starter_statcast_sc_xwoba_allowed_season_to_date,3.662147310977693e-05,4.693228105889728e-05,0.780304564012542,False,False
diff_box_box_box_bat_runs_season_to_date,3.661439195641325e-05,3.771060135601466e-05,0.9709310018885029,False,False
home_box_box_box_bat_totalBases_last20,3.642797048930557e-05,1.4171554302192747e-05,2.570499305335133,False,False
away_box_box_box_bat_airOuts_last10,3.6397247727082416e-05,1.675064167072562e-05,2.1728867730895547,False,False
home_team_sc_team_off_sc_csw_rate_last10,3.634944739648871e-05,2.801409925865579e-05,1.2975411795636254,False,False
diff_team_ewm_scored_5plus_hl30,3.627323394349569e-05,4.474453503454746e-05,0.8106740614354124,False,False
away_starter_starter_statcast_sc_k_rate_last10,3.624960935578736e-05,1.9002335793203738e-05,1.9076396581073036,False,False
diff_team_sc_team_off_sc_xwoba_contact_last3,3.6116690038190403e-05,1.6627496737555496e-05,2.1721062772254753,False,False
diff_box_box_box_bat_slg_last5,3.6112375243124716e-05,5.036238044729132e-05,0.7170506025011963,False,False
diff_box_box_box_bat_totalBases_season_to_date,3.608188283911184e-05,2.039859364744723e-05,1.7688416889282603,False,False
home_team_sc_team_off_sc_k_rate_last10,3.589795013266839e-05,1.8603055115778726e-05,1.9296803621368885,False,False
away_starter_starter_statcast_sc_xwoba_allowed_last5,3.5894676489622857e-05,2.3171081242605707e-05,1.5491153008268645,False,False
away_box_box_box_pitch_doubles_last10,3.583487696684484e-05,1.554797146091287e-05,2.3047943622055542,False,False
away_team_sc_team_off_sc_whiff_rate_last5,3.580916763225028e-05,3.471997613317398e-05,1.031370744464182,False,False
away_box_box_box_pitch_battersFaced_last3,3.567249042518705e-05,1.9131445202068665e-05,1.8645998798527683,False,False
diff_team_pitchmix_team_pitchmix_pt_whiff_rate_breaking_last10,3.548920459922611e-05,2.243388604093144e-05,1.5819463705251406,False,False
diff_team_ewm_runs_against_hl120,3.5295470642882075e-05,2.193163755843378e-05,1.609340412855275,False,False
home_box_box_box_pitch_whip_last3,3.520956381619644e-05,4.118929757723627e-05,0.8548231188010209,False,False
home_box_box_box_pitch_stolenBases_season_to_date,3.5055735313682666e-05,1.1875203722037152e-05,2.9520112778047545,False,False
diff_box_box_box_pitch_pitchesThrown_last5,3.498572132271116e-05,2.213565372899079e-05,1.5805144836039244,False,False
away_starter_starter_statcast_sc_max_velo_last5,3.4951568708052606e-05,2.8676480912926054e-05,1.2188234956088364,False,False
diff_team_team_run_diff_last3,3.4897085830709607e-05,2.240871748487681e-05,1.5572995578288202,False,False
home_team_pitchmix_team_pitchmix_pt_hard_hit_rate_fastball_last5,3.4848480565286e-05,3.608792788565562e-05,0.9656547939162148,False,False
home_box_box_box_bat_airOuts_season_to_date,3.4841158811882435e-05,2.6641305055231565e-05,1.3077872401389985,False,False
away_box_box_box_pitch_earnedRuns_season_to_date,3.481100242436197e-05,3.158033337484023e-05,1.102300029932413,False,False
diff_starter_starter_statcast_sc_avg_extension_last10,3.455745497463747e-05,1.0321204102136928e-05,3.348199941853936,False,False
home_starter_starter_statcast_sc_xwoba_allowed_last5,3.450569845095952e-05,1.9937980681486615e-05,1.7306516142329167,False,False
diff_box_box_box_pitch_numberOfPitches_season_to_date,3.442059421724375e-05,2.9302871889021774e-05,1.1746491725317652,False,False
home_starter_starter_statcast_sc_k_rate_last5,3.4258877555770614e-05,2.3120081859763734e-05,1.4817801149481185,False,False
home_starter_starter_statcast_sc_xwoba_allowed_last3,3.4148494669794526e-05,1.2186175182159618e-05,2.8022323788507015,False,False
away_box_box_box_pitch_balls_last20,3.414168133044626e-05,1.8736189048890852e-05,1.8222318979252285,False,False
away_box_box_box_pitch_airOuts_season_to_date,3.407795311985984e-05,3.09489840782725e-05,1.101100864366789,False,False
diff_team_team_win_season_to_date,3.400627471247253e-05,0.0001009633384483097,0.33681804935444715,False,False
home_box_box_box_pitch_groundOuts_last20,3.381353732693215e-05,2.8476387912371268e-05,1.1874236799619595,False,False
home_team_pitchmix_team_pitchmix_pt_whiff_rate_breaking_last10,3.364931835581064e-05,2.8848717740811374e-05,1.1664060308721456,False,False
home_box_box_box_bat_obp_last3,3.353076231258356e-05,2.2611917692605362e-05,1.482880079806275,False,False
diff_box_box_box_bat_rbi_last10,3.348935569764677e-05,3.1517030676772934e-05,1.0625796586328602,False,False
diff_starter_starter_statcast_sc_pitches_last20,3.346024832950878e-05,4.411763453915801e-05,0.7584325106961496,False,False
home_starter_starter_statcast_sc_avg_extension_season_to_date,3.345559721908975e-05,3.3214701317731554e-05,1.0072526890744489,False,False
diff_box_box_box_bat_obp_last20,3.338680293870633e-05,2.8022428400043335e-05,1.191431465613262,False,False
away_starter_box_rolling5_avg_pitches,3.338669219806745e-05,2.555075467293742e-05,1.3066812556198042,False,False
diff_starter_starter_statcast_sc_bb_rate_last5,3.325851998933205e-05,1.8867558208041687e-05,1.7627357829036234,False,False
home_team_sc_team_off_sc_avg_ev_last3,3.3226000235297984e-05,2.2246191675750352e-05,1.4935590198800752,False,False
home_team_pitchmix_team_pitchmix_pt_pitches_fastball_last5,3.314550057744725e-05,1.1938001090204599e-05,2.776469890310522,False,False
diff_box_box_box_pitch_flyOuts_last10,3.3128285699690616e-05,2.344637444117935e-05,1.4129385241543668,False,False
diff_box_box_box_bat_airOuts_last10,3.297477467579801e-05,3.3331114902433966e-05,0.9893090816890157,False,False
home_starter_starter_statcast_sc_pitches_last20,3.290498486381299e-05,3.26481843274296e-05,1.007865691206835,False,False
away_team_team_runs_against_season_to_date,3.279597498597742e-05,5.394302305149543e-05,0.607974361293573,False,False
away_starter_starter_statcast_sc_bb_rate_last5,3.2774110478916985e-05,2.051395386396681e-05,1.5976496143186416,False,False
away_starter_starter_statcast_sc_pitchmix_entropy_last20,3.261752030093712e-05,5.47251981984455e-05,0.5960237947911834,False,False
away_team_pitchmix_team_pitchmix_pt_avg_ev_breaking_season_to_date,3.2591979718066264e-05,2.000282243086216e-05,1.6293690468291322,False,False
home_box_box_box_bat_totalBases_last3,3.244157835611272e-05,1.1878128829181883e-05,2.7312027696156216,False,False
diff_team_sc_team_off_sc_csw_rate_last5,3.233902226705832e-05,2.889711572061905e-05,1.1191089996564383,False,False
home_starter_starter_statcast_sc_whiff_rate_last20,3.229009966116969e-05,1.8965920335392496e-05,1.7025327055135209,False,False
away_team_pitchmix_team_pitchmix_pt_whiff_rate_breaking_last10,3.2018727596871964e-05,3.0891982393809645e-05,1.0364737098674544,False,False
diff_starter_starter_statcast_sc_called_strike_rate_last10,3.1982282359011016e-05,3.258944018626403e-05,0.9813694919647954,False,False
away_team_pitchmix_team_pitchmix_pt_hard_hit_rate_fastball_last5,3.194314152418221e-05,2.557778814520643e-05,1.248862542094701,False,False
home_starter_starter_statcast_sc_avg_extension_last3,3.186498417913075e-05,3.4929609247771506e-05,0.9122628298844688,False,False
away_box_box_box_pitch_rbi_last5,3.1425487377412244e-05,1.2467740959174087e-05,2.5205438162627654,False,False
home_starter_box_last_outing_bb_per_9,3.1184038842058115e-05,1.74503792327409e-05,1.7870121002040877,False,False
diff_team_sc_team_off_sc_k_rate_last5,3.115110547436961e-05,2.0559381353125745e-05,1.5151771806418461,False,False
diff_team_sc_team_off_sc_woba_last10,3.1105263801833874e-05,3.530527744885471e-05,0.8810372286946272,False,False
home_starter_starter_statcast_sc_hard_hit_allowed_last3,3.099406811704064e-05,2.222329195901109e-05,1.3946659286214877,False,False
home_starter_starter_statcast_sc_avg_extension_last10,3.088796845102104e-05,5.0546359187442674e-05,0.6110819641129484,False,False
home_team_pitchmix_team_pitchmix_pt_pitches_fastball_last20,3.088163560578394e-05,2.368645120218857e-05,1.3037679364535009,False,False
diff_team_pitchmix_team_pitchmix_pt_pitches_fastball_last10,3.0841890622812504e-05,1.1067855639250429e-05,2.7866184406522736,False,False
home_team_pitchmix_team_pitchmix_pt_woba_offspeed_last3,3.080728904150121e-05,2.2575958030013495e-05,1.3646060557228452,False,False
diff_starter_starter_statcast_sc_pitches_season_to_date,3.0806849275510916e-05,4.353668631983398e-05,0.7076066618665983,False,False
away_box_box_box_pitch_pitchesThrown_last5,3.080173144265341e-05,1.3735144005837789e-05,2.2425488534784845,False,False
home_box_box_box_pitch_earnedRuns_last5,3.072830159999152e-05,1.7362666518877844e-05,1.7697916138964984,False,False
home_box_box_box_bat_groundIntoDoublePlay_last10,3.071934293832346e-05,1.2778710904126323e-05,2.403946937120551,False,False
diff_team_sc_team_off_sc_pitches_seen_last20,3.0682967534734204e-05,3.1109293111990276e-05,0.9862958770640868,False,False
away_starter_starter_statcast_sc_hard_hit_allowed_last20,3.068186838498521e-05,2.7878400298886347e-05,1.1005605793748092,False,False
diff_team_pitchmix_team_pitchmix_pt_woba_offspeed_last3,3.05953878415477e-05,1.7179786936590404e-05,1.7808944869033299,False,False
diff_team_pitchmix_team_pitchmix_pt_hard_hit_rate_offspeed_last20,3.0469785180642363e-05,2.241601538208349e-05,1.359286414703125,False,False
away_box_box_box_bat_totalBases_season_to_date,3.026444987489496e-05,2.425674178073459e-05,1.2476716843699043,False,False
home_box_box_box_pitch_rbi_last3,3.02604803261608e-05,1.6026713251974425e-05,1.8881276435411878,False,False
home_team_sc_team_off_sc_bb_rate_last10,3.0167946197701134e-05,1.4169519270606131e-05,2.1290733737370213,False,False
diff_starter_starter_statcast_sc_woba_allowed_last3,3.015121907949947e-05,2.1737546289808737e-05,1.3870571534394078,False,False
home_box_box_box_pitch_rbi_season_to_date,3.0022112651362232e-05,9.934702964760055e-06,3.0219436613107975,False,False
home_team_pitchmix_team_pitchmix_pt_whiff_rate_breaking_last20,3.0010778886002677e-05,3.254103067010768e-05,0.9222442641797052,False,False
home_box_box_box_pitch_popOuts_season_to_date,2.9981661641720338e-05,1.9706200600289964e-05,1.521432885509101,False,False
diff_team_pitchmix_team_pitchmix_pt_avg_ev_breaking_last5,2.98258009223229e-05,1.4295428062505899e-05,2.0863873954603793,False,False
home_starter_starter_statcast_sc_swing_rate_season_to_date,2.982362281719331e-05,1.7420960193848232e-05,1.711939094363166,False,False
away_box_box_box_bat_atBats_last20,2.9483678513486657e-05,2.7405950475727657e-05,1.0758130260652394,False,False
home_team_pitchmix_team_pitchmix_pt_whiff_rate_offspeed_season_to_date,2.9438854051067055e-05,1.6706762494799097e-05,1.7620920905670099,False,False
home_team_pitchmix_team_pitchmix_pt_whiff_rate_other_season_to_date,2.9367712019034985e-05,6.786516230179936e-06,4.327361936958978,False,False
away_team_sc_team_off_sc_avg_la_last20,2.923720403663621e-05,2.472854784593887e-05,1.182325958595979,False,False
diff_box_box_box_bat_rbi_last20,2.9215457322517845e-05,3.479059001791398e-05,0.8397517060640406,False,False
home_box_box_box_pitch_airOuts_last10,2.9148195882899852e-05,1.857342231577973e-05,1.569349761574954,False,False
diff_team_pitchmix_team_pitchmix_pt_pitches_offspeed_season_to_date,2.9143579779056238e-05,2.8412347045290453e-05,1.02573644242062,False,False
away_team_team_run_diff_last10,2.9065063339406284e-05,2.7866290896661414e-05,1.0430187299483222,False,False
away_team_pitchmix_team_pitchmix_pt_hard_hit_rate_fastball_last20,2.8983646450742027e-05,1.8004509981461658e-05,1.609799238112286,False,False
away_team_sc_team_off_sc_avg_ev_last3,2.8866621910883517e-05,2.0307227839747097e-05,1.421494954342474,False,False
diff_starter_starter_statcast_sc_hr_rate_season_to_date,2.8821023539349344e-05,3.01524496638772e-05,0.9558435172143604,False,False
home_team_pitchmix_team_pitchmix_pt_hard_hit_rate_offspeed_last10,2.87880033441712e-05,2.8186304429375742e-05,1.021347208404106,False,False
diff_box_box_box_bat_baseOnBalls_last10,2.8761212781081015e-05,1.5059349808050533e-05,1.9098575401778397,False,False
diff_box_box_box_bat_plateAppearances_last20,2.874293052238519e-05,1.8423184003227873e-05,1.560149999986388,False,False
home_box_box_box_pitch_pitchesThrown_last3,2.848350534102595e-05,1.7693223781711184e-05,1.6098539018349087,False,False
away_box_box_box_pitch_whip_last3,2.8442860007471538e-05,3.143949811971269e-05,0.9046855614287861,False,False
home_box_box_box_bat_baseOnBalls_last20,2.843658905855584e-05,1.5514705472564095e-05,1.8328797223281197,False,False
diff_team_team_runs_against_last3,2.8334719467537627e-05,2.3391721878495765e-05,1.211313968878281,False,False
diff_starter_starter_statcast_sc_avg_extension_last3,2.815543267485898e-05,2.0969448838820645e-05,1.3426882552456485,False,False
away_starter_starter_statcast_sc_whiff_rate_last20,2.8121931766911244e-05,1.964482370413295e-05,1.4315186631578092,False,False
home_box_box_box_bat_runs_last20,2.809378363809456e-05,1.5089698782831687e-05,1.8617855824967346,False,False
away_starter_starter_statcast_sc_whiff_rate_last5,2.7832348448131318e-05,2.0847182817534883e-05,1.3350652072145262,False,False
diff_box_box_box_pitch_runs_last20,2.77720702246409e-05,1.4902435638044204e-05,1.8635926971388488,False,False
away_box_box_box_pitch_whip_last20,2.756461844829472e-05,2.6101024216685457e-05,1.0560742068762818,False,False
home_team_team_runs_for_season_to_date,2.7521567913113552e-05,1.809028272848252e-05,1.5213453723297425,False,False
diff_box_box_box_pitch_pickoffs_season_to_date,2.7499562106014785e-05,1.2995586317932068e-05,2.1160693664178343,False,False
away_box_box_box_pitch_whip_last10,2.7455119865205103e-05,2.806940421534894e-05,0.9781155187537636,False,False
diff_box_box_box_bat_doubles_season_to_date,2.7452295293750593e-05,1.5870865486561605e-05,1.72972893740391,False,False
away_team_sc_team_off_sc_k_rate_season_to_date,2.7323842033599723e-05,3.20347246033319e-05,0.8529444960721716,False,False
diff_box_box_box_bat_flyOuts_season_to_date,2.7314963187174966e-05,2.2588032978613375e-05,1.2092670137783625,False,False
diff_box_box_box_pitch_atBats_last5,2.7217910194832218e-05,1.4736970271785679e-05,1.8469135577304943,False,False
diff_starter_box_last_outing_k_per_9,2.707514759229257e-05,1.6573547649670057e-05,1.6336362114258365,False,False
diff_team_sc_team_off_sc_swing_rate_last3,2.6905323671699842e-05,1.3075876071076e-05,2.0576306723504936,False,False
away_box_box_box_bat_catchersInterference_last20,2.6839469938133575e-05,1.1129596485367743e-05,2.4115402542598785,False,False
away_box_box_box_pitch_atBats_season_to_date,2.6730687503395688e-05,1.6560213463459827e-05,1.614151143786706,False,False
home_team_pitchmix_team_pitchmix_pt_avg_ev_breaking_last10,2.6679616025615528e-05,3.402070939048502e-05,0.7842169226805523,False,False
away_team_sc_team_off_sc_max_ev_last5,2.6669852700766938e-05,2.6857984117872592e-05,0.9929953262210598,False,False
away_box_box_box_pitch_lineOuts_last3,2.6663745473887168e-05,2.919474383943345e-05,0.9133063684522673,False,False
home_starter_box_rolling3_whip,2.6656666828006604e-05,2.8278245319910178e-05,0.9426563256114816,False,False
away_box_box_box_bat_hits_last20,2.6653571156942668e-05,9.040340005146826e-06,2.9482930002376366,False,False
diff_team_pitchmix_team_pitchmix_pt_pitches_breaking_season_to_date,2.6630070650790483e-05,1.9021757558759402e-05,1.399979500765296,False,False
away_team_pitchmix_team_pitchmix_pt_woba_offspeed_last3,2.658648234976635e-05,2.0068970379774244e-05,1.3247556723966534,False,False
home_box_box_box_bat_homeRuns_season_to_date,2.6582004253006276e-05,1.620134731477348e-05,1.6407280046868085,False,False
diff_box_box_box_bat_hitByPitch_season_to_date,2.6578768389173834e-05,2.504491497712265e-05,1.0612441053783688,False,False
away_team_sc_team_off_sc_woba_last5,2.6563809108293145e-05,9.365159665807435e-06,2.836450210804056,False,False
diff_box_box_box_pitch_strikeOuts_last10,2.6496137687526123e-05,2.0838441224784325e-05,1.2715028634681553,False,False
away_starter_starter_statcast_sc_xwoba_allowed_season_to_date,2.6484765007050992e-05,4.2592042571858305e-05,0.6218242518509827,False,False
away_team_pitchmix_team_pitchmix_pt_woba_offspeed_last10,2.6427366111458905e-05,2.212520756765601e-05,1.1944460195750684,False,False
away_team_pitchmix_team_pitchmix_pt_pitches_fastball_last5,2.6369963999806068e-05,2.4881955154259123e-05,1.0598027299833084,False,False
diff_team_sc_team_off_sc_max_ev_last10,2.6367825447215497e-05,1.1992942041441022e-05,2.198611929925349,False,False
diff_team_sc_team_off_sc_whiff_rate_last10,2.632738297043691e-05,3.270592555237625e-05,0.8049728764983411,False,False
away_starter_starter_statcast_sc_avg_extension_last3,2.622786201669225e-05,1.624520864492526e-05,1.6144983170090224,False,False
away_team_ewm_runs_against_hl30,2.6203365708643567e-05,1.0743029966615739e-05,2.4391038459420895,False,False
away_box_box_runs_for_last20,2.6041508408958247e-05,1.6092907734165037e-05,1.6181978321837054,False,False
home_box_box_box_pitch_groundOuts_last10,2.6035087756759444e-05,3.0205025269804485e-05,0.8619455711161524,False,False
home_box_box_box_pitch_doubles_season_to_date,2.6033510992884423e-05,2.1238652159932488e-05,1.225760975642212,False,False
home_box_box_box_bat_baseOnBalls_season_to_date,2.5980099181099892e-05,3.1987653185769474e-05,0.8121914736982895,False,False
diff_box_box_box_bat_groundIntoDoublePlay_season_to_date,2.5910261782724486e-05,1.3319124791868595e-05,1.9453426698534169,False,False
away_box_box_box_pitch_popOuts_season_to_date,2.586103201761558e-05,3.129370079172393e-05,0.8263973695452123,False,False
diff_starter_box_last_outing_ip,2.5803802805468567e-05,1.542426745508069e-05,1.672935384491722,False,False
home_team_pitchmix_team_pitchmix_pt_pitches_breaking_season_to_date,2.5772492892084386e-05,1.1381531992841532e-05,2.2644133415689662,False,False
away_starter_starter_statcast_sc_woba_allowed_last3,2.5727711329215365e-05,1.8191073853093965e-05,1.4143041547181425,False,False
diff_starter_box_rolling3_avg_pitches,2.5569781187362307e-05,2.9588793740989933e-05,0.8641711254332072,False,False
away_team_team_runs_for_season_to_date,2.5490664404570486e-05,5.389677360285986e-05,0.472953438593547,False,False
diff_starter_starter_statcast_sc_bb_rate_season_to_date,2.5387997651382665e-05,1.9469322510732695e-05,1.3040000563649419,False,False
diff_starter_box_last_outing_bb_per_9,2.5182093805398152e-05,2.087710099156545e-05,1.2062064467462204,False,False
diff_team_pitchmix_team_pitchmix_pt_avg_ev_offspeed_last20,2.5092362288059446e-05,3.67155660574145e-05,0.6834257232700948,False,False
diff_box_box_box_bat_plateAppearances_last3,2.5055365116743998e-05,2.950643489825839e-05,0.8491491840047029,False,False
away_team_pitchmix_team_pitchmix_pt_hard_hit_rate_offspeed_last10,2.4993964949515667e-05,2.0645800591467665e-05,1.2106076893838147,False,False
home_team_sc_team_off_sc_whiff_rate_last5,2.4905888314430413e-05,2.3070537849269528e-05,1.07955386550379,False,False
diff_starter_starter_statcast_sc_avg_velo_last10,2.4827061547838537e-05,2.9652148371229612e-05,0.8372769904229712,False,False
diff_box_box_box_bat_ops_last5,2.4627239361441068e-05,5.1000306899346695e-05,0.482884140482624,False,False
home_starter_starter_statcast_sc_k_rate_last20,2.4571591853528307e-05,1.964553299095584e-05,1.2507470204468498,False,False
home_box_box_box_bat_groundOuts_last5,2.4536016839771246e-05,1.1884792822806363e-05,2.064488393326283,False,False
away_starter_box_rolling10_ip,2.4525313171541718e-05,2.3521953497118098e-05,1.042656307204525,False,False
away_box_box_box_bat_runs_season_to_date,2.4515373478539716e-05,3.91444893007553e-05,0.6262790476121166,False,False
diff_team_pitchmix_team_pitchmix_pt_avg_ev_breaking_last10,2.4319572719699867e-05,2.8222567890034502e-05,0.8617065893669867,False,False
away_team_team_runs_against_last20,2.425059834352261e-05,2.2486350645880093e-05,1.0784586047521125,False,False
away_team_sc_team_off_sc_avg_ev_last10,2.4242002648922066e-05,2.127449053162102e-05,1.1394868710435313,False,False
home_box_box_box_pitch_atBats_last20,2.4238821838384883e-05,1.0238170640224775e-05,2.3674953944558137,False,False
away_starter_starter_statcast_sc_swing_rate_last10,2.3987559664873093e-05,1.0282026088888466e-05,2.3329603968614574,False,False
home_box_box_box_bat_rbi_last20,2.3944566791089804e-05,1.2670897184915444e-05,1.8897293886651951,False,False
diff_box_box_box_pitch_hitBatsmen_last5,2.388952258494115e-05,1.1999419560525822e-05,1.9908898479998056,False,False
diff_team_sc_team_off_sc_whiff_rate_last20,2.3887501245956068e-05,2.757458675840556e-05,0.8662868261724518,False,False
away_box_box_box_bat_ops_last3,2.387547043891658e-05,1.901475023117493e-05,1.255628927471918,False,False
home_box_box_box_bat_obp_last10,2.3862888429682093e-05,1.6203711550293547e-05,1.4726804013769175,False,False
home_starter_starter_statcast_sc_whiff_rate_last10,2.3776085079629804e-05,2.6913498347271728e-05,0.8834260330203424,False,False
home_box_box_box_bat_strikeOuts_last3,2.3678404985838507e-05,1.2142094590525759e-05,1.9501087567143736,False,False
home_team_pitchmix_team_pitchmix_pt_woba_other_last5,2.3656676342165282e-05,1.0694852586342436e-05,2.2119684353924973,False,False
home_team_sc_team_off_sc_avg_ev_last5,2.3631039029559096e-05,1.528813645233355e-05,1.5457108917910072,False,False
diff_team_sc_team_off_sc_whiff_rate_season_to_date,2.351434238079264e-05,2.783504608307708e-05,0.8447746883770635,False,False
diff_team_team_run_diff_last5,2.341103453716853e-05,1.2584518173102157e-05,1.8603044006251033,False,False
away_team_pitchmix_team_pitchmix_pt_whiff_rate_offspeed_last3,2.3295572668302623e-05,2.1645324029914774e-05,1.0762404220009427,False,False
away_box_box_box_bat_homeRuns_last3,2.32950726207104e-05,7.45946949098797e-06,3.1228859704907888,False,False
away_starter_starter_statcast_sc_called_strike_rate_last10,2.3107130582100675e-05,2.028167590222346e-05,1.1393107104905202,False,False
away_team_pitchmix_team_pitchmix_pt_pitches_other_last10,2.309448325400476e-05,1.9808626630975605e-05,1.1658800826651414,False,False
diff_box_box_box_pitch_flyOuts_last20,2.3078925741859545e-05,3.272177754518163e-05,0.7053078247351504,False,False
diff_starter_starter_statcast_sc_whiff_rate_last20,2.305928708732363e-05,3.7510907859987855e-05,0.6147355103585888,False,False
diff_box_box_box_bat_plateAppearances_last10,2.302517102830137e-05,1.20275030482821e-05,1.9143766528988806,False,False
home_box_box_box_pitch_numberOfPitches_last20,2.3020921752880952e-05,3.5826462196876406e-05,0.6425675420133465,False,False
away_box_box_box_bat_baseOnBalls_last20,2.3003474788529933e-05,3.331163951838681e-05,0.6905536659590968,False,False
home_box_box_box_pitch_shutouts_season_to_date,2.2917338917194386e-05,1.717572724795621e-05,1.3342863790481645,False,False
away_box_box_box_bat_plateAppearances_last3,2.291565054938216e-05,1.943879077795748e-05,1.178861936996989,False,False
diff_box_box_box_pitch_inningsPitched_last3,2.2903722042277863e-05,1.8892764522346016e-05,1.21230124978204,False,False
diff_box_box_box_pitch_era_last3,2.2870032568567122e-05,1.5550023778997558e-05,1.4707393952320664,False,False
away_starter_box_last_outing_k_per_9,2.2590886032680668e-05,9.434944036198648e-06,2.394384741023071,False,False
away_box_box_box_pitch_hitByPitch_season_to_date,2.254752216884759e-05,2.600778691874613e-05,0.8669527414728079,False,False
away_team_pitchmix_team_pitchmix_pt_whiff_rate_breaking_season_to_date,2.2531597020614137e-05,4.426558819451512e-05,0.5090093216790462,False,False
away_box_box_box_pitch_runs_last5,2.2523964558773813e-05,2.068750835849941e-05,1.0887712608231963,False,False
home_starter_starter_statcast_sc_bb_rate_season_to_date,2.2420052998162186e-05,3.837768405294664e-05,0.5841950485399542,False,False
away_starter_starter_statcast_sc_avg_velo_season_to_date,2.2418655929734577e-05,2.5498446947358313e-05,0.8792165254620415,False,False
away_box_box_box_bat_caughtStealing_last5,2.2356505799248084e-05,1.2629777179305324e-05,1.7701425355215774,False,False
away_team_team_runs_for_last20,2.2346030887765435e-05,2.168532000786005e-05,1.0304681175867316,False,False
home_starter_box_last_outing_era,2.2328973689011987e-05,2.071423580523793e-05,1.077953051174871,False,False
home_box_box_box_pitch_pitchesThrown_last5,2.2276493045536583e-05,2.0862306753426108e-05,1.0677866694620541,False,False
diff_team_pitchmix_team_pitchmix_pt_woba_breaking_last10,2.2183338969927747e-05,1.9352435697334386e-05,1.1462814974232567,False,False
away_team_pitchmix_team_pitchmix_pt_woba_fastball_last20,2.2113752640695593e-05,1.4887260943914866e-05,1.4854144576363149,False,False
home_box_box_box_pitch_triples_season_to_date,2.208526404841038e-05,7.880244437131014e-06,2.802611546457439,False,False
away_team_pitchmix_team_pitchmix_pt_woba_breaking_last3,2.206796228151342e-05,1.6725729041115905e-05,1.319402115582825,False,False
away_box_box_box_pitch_battersFaced_last20,2.203831576054194e-05,2.4178656353153974e-05,0.9114781002984543,False,False
away_box_box_box_pitch_strikeOuts_last10,2.200090469058891e-05,4.4946780903991136e-05,0.48948788429552015,False,False
diff_box_box_box_bat_atBats_last3,2.1919923795810093e-05,1.5912403722972177e-05,1.3775369314043402,False,False
diff_box_box_box_pitch_earnedRuns_last10,2.1844107707591486e-05,1.6229562946626733e-05,1.3459455303527887,False,False
away_team_pitchmix_team_pitchmix_pt_pitches_other_last20,2.1741560458510277e-05,1.420422690807628e-05,1.5306401819129205,False,False
diff_box_box_box_bat_avg_last5,2.1654932340631206e-05,1.59503417981446e-05,1.3576469153250488,False,False
home_box_box_box_bat_airOuts_last10,2.1551350516213484e-05,2.3164571951377932e-05,0.9303582454037754,False,False
away_team_pitchmix_team_pitchmix_pt_pitches_breaking_last3,2.1242286173794867e-05,1.8964831235249408e-05,1.120088331411693,False,False
home_team_pitchmix_team_pitchmix_pt_woba_breaking_last10,2.1213131071406988e-05,1.5402774176727434e-05,1.377227947901659,False,False
away_starter_starter_statcast_sc_whiff_rate_last3,2.113852361060875e-05,2.6041385083286835e-05,0.8117280837022488,False,False
away_box_box_box_bat_plateAppearances_season_to_date,2.1113459510324616e-05,1.6657951194296122e-05,1.2674703667972154,False,False
home_team_pitchmix_team_pitchmix_pt_avg_ev_fastball_last5,2.103244066045118e-05,2.562538359080783e-05,0.8207658857444694,False,False
diff_team_pitchmix_team_pitchmix_pt_pitches_offspeed_last20,2.0975844681458965e-05,1.7067912405273646e-05,1.228963694176087,False,False
away_box_box_box_pitch_stolenBases_last20,2.0886899567285065e-05,8.445730630554057e-06,2.473071955636696,False,False
diff_team_pitchmix_team_pitchmix_pt_pitches_breaking_last10,2.084488360369896e-05,1.3935066818739218e-05,1.4958581738314845,False,False
away_team_ewm_runs_for_hl30,2.0836971439541772e-05,4.316660123039808e-05,0.48271049481811645,False,False
home_box_box_box_bat_sacBunts_season_to_date,2.082779864679418e-05,2.5435032176342628e-05,0.8188626812969523,False,False
diff_starter_starter_statcast_sc_avg_spin_season_to_date,2.0766685896977945e-05,2.2882422144795176e-05,0.907538798365431,False,False
diff_box_box_box_pitch_homeRuns_last20,2.07494231927563e-05,6.055440009448281e-06,3.42657563453375,False,False
home_box_box_box_pitch_hits_season_to_date,2.0629051667042652e-05,1.649773208877234e-05,1.2504174244096202,False,False
diff_team_pitchmix_team_pitchmix_pt_pitches_breaking_last3,2.0579749590943218e-05,9.850054246923709e-06,2.089303172860243,False,False
home_team_ewm_runs_for_hl60,2.0504459584258507e-05,1.6545499535355523e-05,1.2392771545182553,False,False
home_starter_starter_statcast_sc_max_velo_season_to_date,2.043482930484952e-05,2.277827788934627e-05,0.8971191502763775,False,False
home_team_sc_team_off_sc_hr_rate_last5,2.039953217202184e-05,2.2331218775120958e-05,0.9134983798890907,False,False
diff_team_team_runs_against_last10,2.0359442400474936e-05,1.9777482524155998e-05,1.0294253768450126,False,False
away_team_ewm_runs_against_hl60,2.0170319649781553e-05,2.0233145314219e-05,0.9968949135954016,False,False
diff_team_pitchmix_team_pitchmix_pt_hard_hit_rate_breaking_last10,2.0166063754123444e-05,1.899801196666547e-05,1.0614828430210212,False,False
home_box_box_box_pitch_stolenBases_last3,2.0144247138698113e-05,6.942130046559026e-06,2.90173865997842,False,False
home_box_box_box_bat_groundIntoDoublePlay_last5,2.0109403230617052e-05,1.399122291700197e-05,1.4372870298693006,False,False
away_starter_box_rolling10_era,2.0087922979372675e-05,1.3528047446676636e-05,1.4849092641456967,False,False
diff_box_box_box_bat_catchersInterference_season_to_date,2.007945082880269e-05,1.7531386713517507e-05,1.1453429872333207,False,False
away_team_sc_team_off_sc_whiff_rate_last3,1.999812328685735e-05,2.2285949226250456e-05,0.8973422259843304,False,False
diff_team_sc_team_off_sc_bb_rate_last3,1.9953628842228622e-05,2.0352956874821804e-05,0.9803798516820333,False,False
away_team_sc_team_off_sc_pa_last5,1.991161857960444e-05,2.1299015595087407e-05,0.934860979405876,False,False
away_starter_box_last_outing_avg_pitches,1.9792228951165392e-05,2.150740109249901e-05,0.9202520037657267,False,False
away_box_box_box_pitch_earnedRuns_last20,1.9681790779224607e-05,1.4851599133289375e-05,1.3252304080244472,False,False
home_team_pitchmix_team_pitchmix_pt_pitches_offspeed_season_to_date,1.951239805639826e-05,2.243246311471708e-05,0.8698286031549038,False,False
away_starter_starter_statcast_sc_avg_velo_last5,1.9467539115713973e-05,2.4807763578981645e-05,0.7847357563584583,False,False
away_team_sc_team_off_sc_xwoba_contact_last5,1.945685049414836e-05,2.293504780072062e-05,0.8483457572535351,False,False
away_box_box_box_pitch_balks_season_to_date,1.936094268865096e-05,6.252910205658976e-06,3.096309086787944,False,False
away_team_team_runs_against_last3,1.9351778608289738e-05,1.2512407769829324e-05,1.546607093076995,False,False
diff_team_team_run_diff_last20,1.9290954851980402e-05,4.22440123197316e-05,0.456655364693421,False,False
away_box_box_box_pitch_lineOuts_last10,1.9202170134191566e-05,3.858280613791928e-05,0.4976872357482476,False,False
away_team_team_run_diff_last3,1.916232079585134e-05,8.71524745988431e-06,2.1987121862063237,False,False
diff_box_box_box_pitch_numberOfPitches_last10,1.9094194347279993e-05,1.3383752703045458e-05,1.4266696920464714,False,False
away_team_sc_team_off_sc_k_rate_last10,1.9089771854396976e-05,1.4831368189585654e-05,1.2871214314402566,False,False
diff_box_box_box_bat_slg_season_to_date,1.9080363333501273e-05,2.329688915709917e-05,0.819009061889578,False,False
diff_starter_starter_statcast_sc_woba_allowed_last10,1.905024847932424e-05,2.110358116077679e-05,0.9027021686125536,False,False
diff_team_pitchmix_team_pitchmix_pt_pitches_other_last3,1.8983616259748982e-05,1.0911602541846729e-05,1.7397642726579838,False,False
diff_box_box_box_pitch_wildPitches_last10,1.8966967447620053e-05,6.330082890627368e-06,2.996322129636482,False,False
home_team_pitchmix_team_pitchmix_pt_avg_ev_offspeed_last20,1.896266154814974e-05,1.5922234416353273e-05,1.190954802717496,False,False
diff_team_pitchmix_team_pitchmix_pt_avg_ev_fastball_last3,1.8956967874483867e-05,2.4467682703701244e-05,0.774775776850181,False,False
home_starter_starter_statcast_sc_bb_rate_last3,1.8909434189195995e-05,1.869774275240161e-05,1.0113217643219097,False,False
diff_box_box_box_bat_sacFlies_last20,1.890551238565852e-05,1.1214664867394387e-05,1.685784872682604,False,False
diff_team_sc_team_off_sc_hard_hit_rate_last3,1.8839129218672922e-05,1.731651749694994e-05,1.0879282870814624,False,False
away_starter_starter_statcast_sc_bb_rate_last20,1.8830387242196877e-05,2.8187073973623826e-05,0.6680504425474418,False,False
away_starter_starter_statcast_sc_hr_rate_last10,1.878588730591657e-05,1.4943097339184084e-05,1.2571615428520195,False,False
home_box_box_box_bat_lineOuts_season_to_date,1.87748245533248e-05,1.5433780453679828e-05,1.2164760675242323,False,False
away_box_box_box_pitch_stolenBases_season_to_date,1.8769915121663593e-05,1.1476225044024733e-05,1.6355478434466941,False,False
diff_box_box_box_bat_ops_last10,1.872596027034934e-05,4.864195378602813e-05,0.3849754956949975,False,False
home_box_box_box_bat_totalBases_season_to_date,1.8706139489887973e-05,6.1779772791840165e-06,3.0278744392466703,False,False
diff_team_pitchmix_team_pitchmix_pt_whiff_rate_offspeed_last20,1.85922543655348e-05,2.0315903734217637e-05,0.9151576325999354,False,False
home_starter_starter_statcast_sc_pitches_last3,1.8573346170336347e-05,3.8255193821559556e-05,0.48551175186750534,False,False
diff_box_box_box_bat_strikeOuts_last10,1.8391640507109398e-05,1.7916986049969353e-05,1.0264918695486096,False,False
diff_starter_starter_statcast_sc_woba_allowed_last5,1.8386668311920483e-05,1.7216831859082485e-05,1.0679472543156,False,False
diff_box_box_box_bat_homeRuns_last5,1.8303073021819217e-05,1.3572431538309703e-05,1.3485478243273323,False,False
away_box_box_runs_against_last10,1.8234972881769895e-05,1.0527303779618323e-05,1.7321598448668516,False,False
away_box_box_box_bat_totalBases_last5,1.819947169544589e-05,2.0908726258005273e-05,0.8704246959318195,False,False
diff_team_team_win_last3,1.8199200917778935e-05,7.469317435331097e-06,2.4365279793430292,False,False
away_box_box_box_bat_leftOnBase_last10,1.8126837443777077e-05,1.7210861638901805e-05,1.053220798824208,False,False
away_starter_box_last_outing_hr_per_9,1.8059611256515674e-05,1.4715099413534578e-05,1.2272843525545534,False,False
home_team_pitchmix_team_pitchmix_pt_woba_breaking_last20,1.8046760891266e-05,1.988827895511823e-05,0.9074068667274843,False,False
diff_box_box_box_bat_obp_last3,1.8010111590571753e-05,4.1558437729480346e-05,0.4333683500762567,False,False
home_box_box_runs_for_season_to_date,1.7974432466594248e-05,1.8142641268223852e-05,0.9907285384116471,False,False
away_starter_starter_statcast_sc_woba_allowed_season_to_date,1.7945529708873754e-05,2.158437823591966e-05,0.8314128631701647,False,False
home_box_box_box_bat_pickoffs_season_to_date,1.7834994857923726e-05,1.7157957234357096e-05,1.039459104269763,False,False
away_box_box_box_pitch_earnedRuns_last10,1.7813686092482683e-05,1.3552347117615774e-05,1.3144354950389283,False,False
diff_box_box_box_pitch_outs_last5,1.778362619689888e-05,1.0739021247627394e-05,1.6559820291656349,False,False
diff_starter_starter_statcast_sc_avg_velo_last3,1.7758866070904932e-05,3.7581588181613466e-05,0.47254166016308313,False,False
home_box_box_box_pitch_baseOnBalls_last20,1.7733216929693983e-05,1.5100104017616287e-05,1.174377137336658,False,False
diff_team_pitchmix_team_pitchmix_pt_whiff_rate_breaking_season_to_date,1.7697794396620557e-05,1.9724814475764816e-05,0.8972350243580346,False,False
away_box_box_box_bat_baseOnBalls_season_to_date,1.7673676780027848e-05,3.990523468378209e-05,0.4428911875867408,False,False
home_starter_starter_statcast_sc_avg_spin_last20,1.763764733432316e-05,2.1281875417788134e-05,0.8287637714287622,False,False
diff_team_ewm_allowed_5plus_hl120,1.757983680102937e-05,2.527218622904615e-05,0.6956199452512853,False,False
away_team_sc_team_off_sc_woba_season_to_date,1.7530208806004754e-05,2.685567083465741e-05,0.6527563177972048,False,False
diff_starter_starter_statcast_sc_k_rate_last10,1.747890157509646e-05,4.521879708249208e-05,0.3865406137011987,False,False
home_team_pitchmix_team_pitchmix_pt_hard_hit_rate_fastball_season_to_date,1.7432628743996315e-05,2.1473895794407885e-05,0.8118055946111103,False,False
home_box_box_box_bat_hitByPitch_season_to_date,1.7423433788266164e-05,1.189656635012984e-05,1.4645766917507255,False,False
away_team_sc_team_off_sc_hr_rate_last20,1.735961110528317e-05,1.3743779455248052e-05,1.26308859668542,False,False
away_box_box_box_pitch_popOuts_last10,1.7353384572449394e-05,1.6265676537357282e-05,1.0668713676061354,False,False
diff_team_sc_team_off_sc_sweetspot_rate_last3,1.7293446182875537e-05,2.8988326908750654e-05,0.5965658603655113,False,False
diff_team_pitchmix_team_pitchmix_pt_whiff_rate_fastball_last20,1.7268816795834586e-05,1.908545137060866e-05,0.9048157395128906,False,False
diff_starter_starter_statcast_sc_avg_extension_last20,1.726536637320919e-05,3.586052792734767e-05,0.4814587896806286,False,False
home_team_pitchmix_team_pitchmix_pt_avg_ev_breaking_season_to_date,1.7260427142851143e-05,2.649936116464113e-05,0.6513525754682054,False,False
home_team_pitchmix_team_pitchmix_pt_hard_hit_rate_offspeed_season_to_date,1.7256938027399027e-05,1.0934369386287634e-05,1.5782289236579368,False,False
away_box_box_box_bat_airOuts_season_to_date,1.7255254564363387e-05,1.5196545869755528e-05,1.1354721469110387,False,False
away_box_box_box_pitch_sacFlies_last5,1.7215268246906225e-05,1.06706360285383e-05,1.6133310330203843,False,False
away_team_pitchmix_team_pitchmix_pt_avg_ev_fastball_last3,1.7195406102110677e-05,1.6179496647636366e-05,1.062789929538551,False,False
home_box_box_box_pitch_inningsPitched_last5,1.7172545450017118e-05,1.354952639365409e-05,1.2673908261516702,False,False
diff_box_box_box_bat_hits_last3,1.711257375597297e-05,1.1398771093128385e-05,1.5012647956663578,False,False
diff_team_pitchmix_team_pitchmix_pt_pitches_breaking_last20,1.7010885185775314e-05,1.2533293041961214e-05,1.357255840809212,False,False
home_team_pitchmix_team_pitchmix_pt_hard_hit_rate_breaking_last3,1.6991084284945224e-05,2.3513175890763522e-05,0.7226197075155503,False,False
diff_box_box_box_bat_sacFlies_season_to_date,1.6976937343371468e-05,1.9372386821912138e-05,0.8763472203729087,False,False
away_starter_starter_statcast_sc_pitches_last5,1.6944239509475433e-05,2.6122396703467407e-05,0.6486479667934262,False,False
away_box_box_box_bat_groundOuts_last10,1.6915024681229963e-05,1.1616966771410618e-05,1.456062069735611,False,False
diff_starter_box_rolling5_whip,1.6858908553540887e-05,2.1605003944127706e-05,0.7803242525268402,False,False
diff_starter_starter_statcast_sc_woba_allowed_last20,1.6809517567706322e-05,2.1095097710602024e-05,0.7968447360762001,False,False
home_starter_starter_statcast_sc_hr_rate_season_to_date,1.675489090133819e-05,2.5723230453216756e-05,0.651352517010279,False,False
home_team_pitchmix_team_pitchmix_pt_woba_breaking_season_to_date,1.666524593861851e-05,1.2165433225697606e-05,1.3698851187161787,False,False
diff_box_box_box_bat_groundIntoDoublePlay_last3,1.6502203496704394e-05,8.936835946093962e-06,1.8465375884982023,False,False
home_box_box_box_pitch_era_last20,1.6475844528218707e-05,3.542956082089797e-05,0.46503101214002357,False,False
away_starter_box_last_outing_bb_per_9,1.6375061702966763e-05,1.4422681467962166e-05,1.1353687411970872,False,False
home_box_box_box_bat_strikeOuts_last10,1.6361469414538644e-05,1.4151425173428468e-05,1.1561711427665875,False,False
home_box_box_box_bat_lineOuts_last10,1.634151716081167e-05,1.2987909006654866e-05,1.2582100130543301,False,False
diff_starter_starter_statcast_sc_woba_allowed_season_to_date,1.6337864690019188e-05,2.9594185563226106e-05,0.5520633320053486,False,False
diff_box_box_box_pitch_lineOuts_last20,1.6272161278063634e-05,1.5614139195884247e-05,1.0421427062948712,False,False
home_team_team_run_diff_last3,1.62644751754093e-05,1.4010114908740476e-05,1.1609094772850435,False,False
away_team_pitchmix_team_pitchmix_pt_hard_hit_rate_breaking_season_to_date,1.6240426710800727e-05,1.247954124059486e-05,1.3013640804336648,False,False
diff_team_sc_team_off_sc_bb_rate_last5,1.6239042432186767e-05,2.1330981978500068e-05,0.7612890231005037,False,False
home_team_pitchmix_team_pitchmix_pt_hard_hit_rate_offspeed_last3,1.6173336785185734e-05,2.4624057648355765e-05,0.6568103850368334,False,False
diff_starter_starter_statcast_sc_hard_hit_allowed_last10,1.6023187533242833e-05,4.241222898274708e-05,0.37779640253665814,False,False
home_team_sc_team_off_sc_swing_rate_season_to_date,1.6022850371399944e-05,2.1165188565949826e-05,0.7570379220328429,False,False
diff_box_box_box_pitch_obp_last5,1.588650767944122e-05,2.2491715297020148e-05,0.7063270839794941,False,False
home_box_box_box_bat_baseOnBalls_last5,1.5819881996359532e-05,6.384377906303841e-06,2.477905009466813,False,False
home_box_box_box_pitch_strikeOuts_last5,1.5785160136649877e-05,1.0090554601070121e-05,1.5643501037074645,False,False
diff_team_pitchmix_team_pitchmix_pt_pitches_other_last20,1.5780383821084597e-05,2.5032600933652703e-05,0.6303932964420872,False,False
home_box_box_box_bat_sacBunts_last10,1.5769627114958772e-05,1.943801754797121e-05,0.8112775428893819,False,False
away_team_sc_team_off_sc_max_ev_last10,1.5764371372251063e-05,1.5960078863586732e-05,0.9877376864482681,False,False
away_starter_starter_statcast_sc_swing_rate_last20,1.5759285828631508e-05,1.6916215417954022e-05,0.9316082492012601,False,False
diff_starter_starter_statcast_sc_hard_hit_allowed_last3,1.5752490328579948e-05,2.2120842103253996e-05,0.7121107892299788,False,False
home_team_team_win_last10,1.5727530055575922e-05,7.106212102322343e-06,2.2132086446499524,False,False
diff_box_box_box_bat_flyOuts_last10,1.566831141809333e-05,2.6271329308549186e-05,0.5964034493296296,False,False
home_box_box_box_pitch_obp_last20,1.5655380927814823e-05,1.4150818471042026e-05,1.1063233522394273,False,False
home_box_box_box_bat_doubles_last3,1.5654470302250977e-05,9.726634984861344e-06,1.6094435872854065,False,False
diff_team_pitchmix_team_pitchmix_pt_avg_ev_fastball_last5,1.5400707352908328e-05,1.7269413443641058e-05,0.8917909923906058,False,False
home_starter_starter_statcast_sc_hard_hit_allowed_season_to_date,1.5349558151234177e-05,1.682722683218119e-05,0.9121858464449384,False,False
home_team_sc_team_off_sc_hr_rate_last3,1.5311181129329386e-05,2.1122207391880272e-05,0.7248854651060409,False,False
home_box_box_box_pitch_hitBatsmen_season_to_date,1.5285151629396142e-05,2.289689532909566e-05,0.6675643754187458,False,False
away_starter_starter_statcast_sc_swing_rate_last3,1.5226514788058143e-05,3.012987948242721e-05,0.5053626184246364,False,False
home_box_box_box_pitch_hitBatsmen_last3,1.5198281080397446e-05,8.644369732230479e-06,1.7581711045665653,False,False
home_team_pitchmix_team_pitchmix_pt_whiff_rate_breaking_last5,1.5123283952689359e-05,1.9248761473902108e-05,0.7856756900018652,False,False
away_box_box_box_bat_plateAppearances_last10,1.5116225038735997e-05,1.4149710678666252e-05,1.0683062984126577,False,False
home_box_box_box_bat_avg_last10,1.5054670457015363e-05,2.151392738216797e-05,0.6997639338270508,False,False
diff_box_box_box_pitch_rbi_last5,1.505452785628414e-05,2.3475176223941677e-05,0.6412956270347588,False,False
diff_box_box_box_bat_groundOuts_last5,1.503700794365237e-05,1.6202616591086008e-05,0.9280604684508238,False,False
diff_box_box_box_pitch_inningsPitched_last5,1.5011075907211957e-05,1.3637763520437531e-05,1.1006992374311508,False,False
diff_team_pitchmix_team_pitchmix_pt_woba_offspeed_last20,1.49755306899646e-05,1.7793750250247514e-05,0.8416174487869014,False,False
home_starter_starter_statcast_sc_xwoba_allowed_last10,1.4869651573601317e-05,3.50319534603119e-05,0.42445967480652524,False,False
home_box_box_box_bat_doubles_last20,1.4839898037821708e-05,2.1311035517767526e-05,0.6963480505416701,False,False
home_box_box_box_pitch_whip_last5,1.4839578824998867e-05,2.0773499331243436e-05,0.7143514238200626,False,False
home_box_box_box_bat_ops_last10,1.4796912609915669e-05,1.855993684516318e-05,0.7972501594891916,False,False
home_box_box_box_pitch_homeRuns_last5,1.4772000796792194e-05,1.1334100783589333e-05,1.3033235788921698,False,False
home_team_pitchmix_team_pitchmix_pt_avg_ev_breaking_last3,1.4719506076110721e-05,3.6675248419057464e-05,0.40134714039079455,False,False
home_box_box_box_pitch_atBats_last5,1.4678966794123837e-05,1.8771519149269306e-05,0.7819807591169426,False,False
diff_starter_starter_statcast_sc_max_velo_last20,1.4657742993562373e-05,2.6394449099170296e-05,0.5553343030002144,False,False
home_team_sc_team_off_sc_k_rate_last5,1.4503929013887084e-05,1.6344659913912386e-05,0.8873802875238479,False,False
home_team_sc_team_off_sc_bb_rate_last20,1.4453355024157678e-05,2.5700903641304523e-05,0.5623675815401818,False,False
away_box_box_box_pitch_strikeOuts_season_to_date,1.4440189512388013e-05,2.714204341338626e-05,0.5320229318204618,False,False
away_box_box_box_pitch_pitchesThrown_season_to_date,1.4433565640681323e-05,2.829569774936626e-05,0.5100975338558171,False,False
home_team_pitchmix_team_pitchmix_pt_woba_fastball_last5,1.4420110284663057e-05,1.990416277086676e-05,0.7244771081639979,False,False
home_box_box_box_bat_totalBases_last5,1.4396885321976693e-05,2.0747373788811226e-05,0.6939136234071579,False,False
home_box_box_box_pitch_wildPitches_last20,1.4337082992066375e-05,9.841201346035877e-06,1.4568427662382375,False,False
diff_box_box_box_pitch_balks_season_to_date,1.433187452269946e-05,1.3954097972844864e-05,1.0270728033148229,False,False
home_team_team_runs_for_last3,1.4315707125056586e-05,1.2740227158607462e-05,1.1236618426685359,False,False
diff_starter_starter_statcast_sc_swing_rate_season_to_date,1.4311280238754608e-05,2.3160098720596698e-05,0.6179282917316464,False,False
away_team_sc_team_off_sc_hard_hit_rate_last3,1.430025627234821e-05,1.0331867012641635e-05,1.3840921737427536,False,False
diff_box_box_box_bat_sacBunts_last20,1.4285025980242949e-05,1.1890699460092883e-05,1.2013612847743578,False,False
away_team_cluster_recent,1.4279050585741527e-05,3.207662136800443e-05,0.4451544450995234,False,False
away_box_box_box_pitch_rbi_last3,1.4277208359880777e-05,1.242298206051133e-05,1.149257745872743,False,False
diff_box_box_box_pitch_wildPitches_season_to_date,1.4224622633352003e-05,1.4322094145530487e-05,0.9931943254116297,False,False
diff_starter_starter_statcast_sc_avg_velo_season_to_date,1.414561312215179e-05,7.949340864342645e-06,1.7794699414140085,False,False
away_box_box_box_pitch_sacBunts_last10,1.4139258480805327e-05,1.03435393044876e-05,1.366965219987218,False,False
diff_box_box_box_bat_homeRuns_last20,1.4132506647401844e-05,2.989734759548548e-05,0.47270101811760257,False,False
diff_box_box_box_bat_atBats_last5,1.4050010195443274e-05,1.4333514440598085e-05,0.9802208839758227,False,False
away_box_box_box_pitch_wildPitches_last20,1.3965659103520877e-05,1.1226761440391305e-05,1.243961509084503,False,False
away_box_box_box_pitch_baseOnBalls_last10,1.3865003373014772e-05,9.757908221814966e-06,1.4208991371755173,False,False
home_box_box_box_bat_strikeOuts_last20,1.3825929642641288e-05,1.9630248291387762e-05,0.7043176141947751,False,False
away_box_box_box_bat_sacFlies_season_to_date,1.3809025773703355e-05,2.0586578029288343e-05,0.6707781037750604,False,False
diff_starter_box_rolling5_bb_per_9,1.3730380940957243e-05,2.1261080703912962e-05,0.6457988251947256,False,False
diff_starter_starter_statcast_sc_k_rate_last3,1.3687604741907666e-05,4.254442083667284e-05,0.32172502228797756,False,False
diff_box_box_box_bat_sacBunts_season_to_date,1.3647633516977731e-05,8.55963226030286e-06,1.5944182065240786,False,False
away_box_box_box_bat_flyOuts_season_to_date,1.3605938099614522e-05,1.09870773278385e-05,1.2383582725080569,False,False
home_team_sc_team_off_sc_csw_rate_last3,1.3551022150926073e-05,2.4668614688580043e-05,0.5493223807658446,False,False
away_box_box_box_bat_baseOnBalls_last3,1.3546068762282371e-05,1.4847196212318225e-05,0.9123654438569113,False,False
home_team_sc_team_off_sc_woba_season_to_date,1.352156909756319e-05,1.6616143568926284e-05,0.8137609693533082,False,False
home_team_pitchmix_team_pitchmix_pt_avg_ev_fastball_last20,1.3430871857333936e-05,1.2064315956094241e-05,1.1132725557099974,False,False
away_starter_starter_statcast_sc_woba_allowed_last5,1.3409033184508257e-05,2.0051167249301646e-05,0.6687407779203116,False,False
away_team_pitchmix_team_pitchmix_pt_hard_hit_rate_offspeed_last3,1.3402248461169553e-05,1.718125378527598e-05,0.7800506661891599,False,False
diff_starter_starter_statcast_sc_pitchmix_entropy_season_to_date,1.337387729203332e-05,1.5661668184729475e-05,0.8539241882977185,False,False
home_team_sc_team_off_sc_woba_last5,1.3372426478475141e-05,1.7658585938295983e-05,0.7572761785797641,False,False
diff_team_pitchmix_team_pitchmix_pt_hard_hit_rate_breaking_season_to_date,1.3296405391571841e-05,1.8061753797195035e-05,0.7361635830534217,False,False
diff_team_pitchmix_team_pitchmix_pt_woba_breaking_last20,1.3264095576903668e-05,1.670518964838647e-05,0.7940104755521186,False,False
away_box_box_box_bat_groundIntoDoublePlay_last3,1.3185798996862008e-05,6.0930794825524705e-06,2.164061544678604,False,False
diff_box_box_box_pitch_caughtStealing_last10,1.31549085295668e-05,7.490636893275138e-06,1.7561802443496985,False,False
diff_team_sc_team_off_sc_k_rate_last20,1.315405389356039e-05,1.956993031081962e-05,0.6721563993658124,False,False
home_team_sc_team_off_sc_avg_la_last5,1.3152841069408173e-05,4.8627808516397584e-05,0.2704798235966763,False,False
away_box_box_box_pitch_obp_last5,1.308079362644099e-05,2.077296160696381e-05,0.6297028740502683,False,False
diff_box_box_box_pitch_stolenBases_last3,1.3062734788538144e-05,6.071978934413665e-06,2.151314246909444,False,False
diff_team_ewm_run_diff_hl120,1.3046278528849875e-05,1.2606014571761323e-05,1.0349249125948803,False,False
diff_box_box_box_pitch_baseOnBalls_last5,1.2970427388703243e-05,9.22124196575766e-06,1.406581395094921,False,False
away_box_box_box_pitch_hits_last20,1.28361379503783e-05,2.1352322895340614e-05,0.601158853455674,False,False
away_team_sc_team_off_sc_swing_rate_season_to_date,1.278030213800463e-05,2.4822619074245308e-05,0.5148651759823694,False,False
diff_box_box_runs_for_season_to_date,1.2762974165503316e-05,4.407510912380754e-05,0.28957328567586665,False,False
home_box_box_box_bat_sacFlies_last5,1.2741612583544448e-05,7.721861938594881e-06,1.6500699811609159,False,False
home_box_box_box_pitch_triples_last5,1.2730192080290248e-05,5.666621031158644e-06,2.2465225767334096,False,False
diff_box_box_box_pitch_sacFlies_season_to_date,1.2718146285495279e-05,1.6133194578758335e-05,0.7883216323591946,False,False
diff_box_box_box_pitch_popOuts_last3,1.270099822967552e-05,1.8838748984477146e-05,0.6741954171235551,False,False
diff_box_box_box_pitch_triples_last10,1.2700019479316982e-05,7.552068218074712e-06,1.6816611175361793,False,False
diff_box_box_box_pitch_wildPitches_last3,1.2664557815655897e-05,7.796845793303936e-06,1.6243181090656476,False,False
home_box_box_box_pitch_homeRuns_last3,1.2519955146506057e-05,2.09813541219321e-05,0.5967181657459741,False,False
diff_box_box_box_pitch_baseOnBalls_last10,1.2514359378690277e-05,1.1338828788643716e-05,1.1036730170248183,False,False
away_team_sc_team_off_sc_whiff_rate_last10,1.2483038696020632e-05,1.107385615738619e-05,1.1272531012329003,False,False
diff_box_box_box_bat_ops_last3,1.2461040791611477e-05,8.899544580035953e-05,0.14001885916235432,False,False
diff_team_pitchmix_team_pitchmix_pt_woba_offspeed_last10,1.2437304180590302e-05,1.6968564525747316e-05,0.7329614807262282,False,False
away_team_sc_team_off_sc_csw_rate_last20,1.2385411484172603e-05,1.213020733523158e-05,1.0210387293381042,False,False
diff_starter_starter_statcast_sc_xwoba_allowed_last20,1.2369354404861977e-05,4.642918197976919e-05,0.2664133606801803,False,False
diff_box_box_box_bat_intentionalWalks_season_to_date,1.2349473891593022e-05,1.1672527650409545e-05,1.0579948286658996,False,False
home_starter_starter_statcast_sc_avg_velo_last3,1.2316964125191899e-05,1.3485498490744968e-05,0.9133488193740091,False,False
diff_box_box_box_pitch_hitBatsmen_season_to_date,1.230417484640034e-05,1.4599638235193535e-05,0.8427725843740561,False,False
away_box_box_box_bat_avg_last10,1.2260693029297887e-05,2.209124110614272e-05,0.5550024541576645,False,False
away_starter_starter_statcast_sc_woba_allowed_last10,1.2217590129082189e-05,2.125192867103604e-05,0.5748932399595983,False,False
home_box_box_box_pitch_hitByPitch_last20,1.2178451053368456e-05,1.4259290889464167e-05,0.8540712962358323,False,False
diff_team_pitchmix_team_pitchmix_pt_hard_hit_rate_offspeed_season_to_date,1.21412133496146e-05,1.6832761294405667e-05,0.721284710052278,False,False
home_box_box_box_pitch_whip_season_to_date,1.210652178700311e-05,1.8158006782587934e-05,0.6667318683134478,False,False
away_team_team_win_last5,1.2058560674899077e-05,8.310560784509419e-06,1.4509924164655401,False,False
away_starter_starter_statcast_sc_xwoba_allowed_last20,1.1909279595812005e-05,2.5441642178777375e-05,0.46810184311712216,False,False
diff_box_box_box_pitch_intentionalWalks_season_to_date,1.1886884409240129e-05,2.1340022680315334e-05,0.5570230447882767,False,False
away_box_box_box_bat_popOuts_last20,1.181493883189999e-05,2.0990189295539578e-05,0.5628790986849589,False,False
away_team_sc_team_off_sc_avg_la_last3,1.180006163452596e-05,2.927973706581396e-05,0.4030111885227042,False,False
diff_box_box_box_bat_catchersInterference_last20,1.1754772774497103e-05,1.0308108388660018e-05,1.1403423723627668,False,False
home_team_sc_team_off_sc_avg_ev_last10,1.1717080488804488e-05,1.170014600355408e-05,1.0014473738400584,False,False
diff_box_box_box_bat_avg_last20,1.1714310533350592e-05,1.7756202567497912e-05,0.6597306202618579,False,False
home_team_sc_team_off_sc_hard_hit_rate_last10,1.1620777736587318e-05,1.2296390100593903e-05,0.9450560401484047,False,False
away_team_sc_team_off_sc_k_rate_last5,1.1562975872403403e-05,2.7436439160408386e-05,0.42144593927805063,False,False
home_box_box_box_pitch_hitByPitch_season_to_date,1.1556803323176101e-05,2.4440373169677925e-05,0.4728570731282495,False,False
home_starter_starter_statcast_sc_max_velo_last5,1.1555884826919271e-05,1.6111142215178295e-05,0.7172604321022304,False,False
away_team_pitchmix_team_pitchmix_pt_hard_hit_rate_breaking_last10,1.154137869877614e-05,1.7473464093318107e-05,0.6605089086593647,False,False
away_box_box_box_bat_strikeOuts_last10,1.1520247288410169e-05,2.0011219199296144e-05,0.5756894257005276,False,False
away_box_box_box_pitch_doubles_last20,1.1506301790009666e-05,2.5066646822699345e-05,0.4590283603305897,False,False
home_team_pitchmix_team_pitchmix_pt_pitches_breaking_last20,1.1504941434903327e-05,2.2787868758556295e-05,0.504871322404097,False,False
diff_box_box_box_pitch_pickoffs_last20,1.1457335452713657e-05,1.6203092218170363e-05,0.7071079580640323,False,False
away_team_pitchmix_team_pitchmix_pt_woba_other_last5,1.1455952880357057e-05,3.4222918541388886e-06,3.3474505882665535,False,False
home_starter_box_rolling5_era,1.143009236269643e-05,1.81560843992063e-05,0.6295461131033353,False,False
away_starter_starter_statcast_sc_pitchmix_entropy_season_to_date,1.1419271933210684e-05,2.5076349053570067e-05,0.45538016354836736,False,False
away_box_box_box_bat_caughtStealing_season_to_date,1.1284387693832888e-05,1.3009683659394504e-05,0.8673837111853406,False,False
away_team_pitchmix_team_pitchmix_pt_woba_offspeed_season_to_date,1.1260303794258242e-05,1.452741215110589e-05,0.7751073403256518,False,False
diff_box_box_box_bat_hitByPitch_last5,1.1073431091301877e-05,1.0998069105976003e-05,1.006852292397847,False,False
away_starter_starter_statcast_sc_k_rate_last20,1.1028057426409887e-05,2.7255569914843416e-05,0.4046166512336986,False,False
home_team_pitchmix_team_pitchmix_pt_whiff_rate_offspeed_last3,1.1027843772903889e-05,2.596461585751608e-05,0.42472585896978005,False,False
home_starter_starter_statcast_sc_max_velo_last20,1.1013576683827076e-05,1.6124324481874153e-05,0.6830411218905805,False,False
away_box_box_box_pitch_earnedRuns_last3,1.0995383081280341e-05,1.6441734343129464e-05,0.6687483723926607,False,False
diff_team_sc_team_off_sc_avg_ev_last3,1.0968311864290037e-05,2.050257986966742e-05,0.5349722783188434,False,False
diff_box_box_box_bat_baseOnBalls_last5,1.0930852970914007e-05,1.0044779861722967e-05,1.0882122974708033,False,False
home_box_box_box_bat_popOuts_last3,1.0920189580565509e-05,2.2733035710352075e-05,0.48036653439965865,False,False
away_box_box_box_pitch_hits_last3,1.089745496878347e-05,1.865596110002497e-05,0.5841272347404758,False,False
diff_box_box_box_bat_sacFlies_last3,1.0892082081725985e-05,7.736357993715759e-06,1.4079082289849592,False,False
away_box_box_box_bat_lineOuts_last5,1.0864515135955432e-05,2.1290994498135082e-05,0.5102868791266221,False,False
diff_box_box_box_pitch_atBats_season_to_date,1.0838715638572528e-05,1.220093789998531e-05,0.8883510208330441,False,False
diff_box_box_box_pitch_atBats_last3,1.080466629829191e-05,1.5191956032778287e-05,0.7112096872173455,False,False
home_starter_box_rolling5_whip,1.0795914787553595e-05,3.625700578331175e-05,0.2977607928264915,False,False
away_box_box_box_pitch_outs_last20,1.0777735106703989e-05,1.1229854578526823e-05,0.9597395078750748,False,False
home_starter_starter_statcast_sc_avg_velo_season_to_date,1.077577638510796e-05,1.6098476636114526e-05,0.6693662157408183,False,False
diff_box_box_box_pitch_pickoffs_last3,1.070532128655266e-05,5.885937028334251e-06,1.818796435472963,False,False
home_box_box_box_bat_sacBunts_last5,1.0684603628052792e-05,1.0399142803596254e-05,1.0274504187362268,False,False
away_team_sc_team_off_sc_hard_hit_rate_last10,1.0640520602800408e-05,8.439578396009417e-06,1.2607881701568988,False,False
away_box_box_runs_for_last3,1.0578638375124961e-05,1.1804170140135358e-05,0.8961780666949669,False,False
diff_box_box_box_pitch_runs_last5,1.053483533195454e-05,2.484125652600224e-05,0.4240862502638442,False,False
home_team_team_run_diff_last20,1.0484252590414744e-05,1.5530485250407807e-05,0.6750756606358738,False,False
away_box_box_box_bat_strikeOuts_last5,1.0344138910334256e-05,1.9841952109695964e-05,0.5213266745704669,False,False
home_team_team_runs_against_last3,1.0318462306435628e-05,9.910343552612445e-06,1.041181090408879,False,False
home_box_box_box_bat_leftOnBase_last3,1.0305055357240356e-05,1.0379025682411872e-05,0.9928730954682129,False,False
home_box_box_box_pitch_sacBunts_season_to_date,1.0303591497240473e-05,1.1880088161975163e-05,0.8672992453220494,False,False
home_box_box_box_bat_stolenBases_season_to_date,1.0303473087169834e-05,1.5878297439353464e-05,0.6489028894013068,False,False
away_team_sc_team_off_sc_hard_hit_rate_last5,1.0262001274408128e-05,1.6499995147451158e-05,0.6219396540848895,False,False
diff_box_box_box_pitch_sacFlies_last3,1.0243226713491093e-05,1.0347701882569586e-05,0.9899035389438037,False,False
away_team_sc_team_off_sc_avg_ev_season_to_date,1.021212290960305e-05,1.411458561404839e-05,0.7235156021469606,False,False
home_box_box_box_bat_sacFlies_season_to_date,1.0138653048208379e-05,2.946336867822446e-05,0.34411044979054173,False,False
home_box_box_box_bat_intentionalWalks_season_to_date,1.0130777523664759e-05,2.013555027347908e-05,0.5031289130949752,False,False
home_box_box_box_bat_totalBases_last10,1.0093373224917546e-05,1.2498089954014984e-05,0.8075932612146924,False,False
home_box_box_box_pitch_era_last5,1.0087799540692276e-05,1.5367467267821163e-05,0.6564386547818266,False,False
diff_starter_starter_statcast_sc_called_strike_rate_last3,1.0046518090967016e-05,3.2406594785890124e-05,0.31001461762163557,False,False
home_box_box_box_pitch_strikeOuts_last20,1.0037073943724994e-05,1.5218331247476377e-05,0.6595384067086475,False,False
home_box_box_box_bat_runs_last3,1.0021537039639484e-05,1.953030018309964e-05,0.5131276501480262,False,False
away_box_box_box_bat_ops_last5,9.992531171654218e-06,2.370498834311837e-05,0.4215370632972734,False,False
away_box_box_box_bat_flyOuts_last3,9.872541894750953e-06,1.6909670714398297e-05,0.5838399849113945,False,False
away_box_box_box_bat_rbi_last5,9.861388017096129e-06,1.4457306689619991e-05,0.682104089565754,False,False
home_box_box_box_pitch_intentionalWalks_last20,9.84749688824893e-06,1.4884079216373319e-05,0.661612770604992,False,False
diff_team_sc_team_off_sc_csw_rate_last20,9.802895559674062e-06,2.0079893423449407e-05,0.48819460108419643,False,False
away_box_box_box_bat_intentionalWalks_last10,9.707310075035557e-06,1.1861265114378005e-05,0.8184042748752438,False,False
home_box_box_box_bat_caughtStealing_season_to_date,9.703051640475025e-06,1.4499355948543953e-05,0.6692056995434628,False,False
home_box_box_box_bat_flyOuts_last10,9.658627043807045e-06,2.346481907692983e-05,0.4116216286237308,False,False
home_team_pitchmix_team_pitchmix_pt_woba_fastball_last3,9.589644821283994e-06,2.279810060817286e-05,0.4206334986453308,False,False
diff_team_pitchmix_team_pitchmix_pt_avg_ev_fastball_season_to_date,9.564703426467868e-06,2.447631677055927e-05,0.39077380457718763,False,False
home_starter_starter_statcast_sc_whiff_rate_last3,9.501595471461676e-06,2.417406161242374e-05,0.39304919561297613,False,False
away_team_sc_team_off_sc_xwoba_contact_last3,9.492430414581587e-06,3.299706421795688e-05,0.2876749989599329,False,False
diff_box_box_box_pitch_stolenBases_last10,9.475701729511065e-06,9.83552963522138e-06,0.9634155028701497,False,False
diff_box_box_box_bat_doubles_last10,9.475225845689828e-06,1.1586291152123904e-05,0.8177962836669185,False,False
diff_box_box_box_pitch_rbi_last3,9.461176498304358e-06,2.4150435325731084e-05,0.3917600809548947,False,False
diff_box_box_box_bat_triples_last10,9.459090000285553e-06,5.0083519538274486e-06,1.888663194497901,False,False
diff_starter_starter_statcast_sc_hr_rate_last3,9.451334165055947e-06,1.3220576683483338e-05,0.7148957561634689,False,False
home_box_box_box_bat_hits_last20,9.436658897721273e-06,1.6308292704531464e-05,0.5786417418850459,False,False
away_box_box_box_pitch_hitBatsmen_last5,9.423326582669312e-06,8.114901510308015e-06,1.1612373324185463,False,False
away_starter_starter_statcast_sc_avg_velo_last3,9.36478544850683e-06,1.694641189307783e-05,0.55261169783865,False,False
home_box_box_box_pitch_outs_last10,9.362157756409584e-06,1.1330087643308387e-05,0.8263093853416859,False,False
away_team_team_runs_for_last3,9.34382808661649e-06,1.0892709760945961e-05,0.8578056600862777,False,False
home_box_box_box_pitch_doubles_last20,9.27855509605946e-06,1.5968011366008324e-05,0.5810714235719453,False,False
away_box_box_box_pitch_stolenBases_last10,9.268838990283968e-06,9.039325480814839e-06,1.0253905570671453,False,False
home_team_pitchmix_team_pitchmix_pt_whiff_rate_breaking_last3,9.102190772769525e-06,2.6775570036330015e-05,0.33994386526297515,False,False
diff_box_box_box_bat_rbi_season_to_date,9.095757185950682e-06,6.0750152782207336e-05,0.14972402157669423,False,False
home_starter_starter_statcast_sc_hr_rate_last20,9.047928494199108e-06,9.308873616296127e-06,0.971968131392373,False,False
home_team_sc_team_off_sc_pitches_seen_last20,9.032405807041232e-06,1.4393719902995273e-05,0.6275240777168122,False,False
away_box_box_runs_for_last10,9.02070758905804e-06,2.709931621764768e-05,0.3328758377742223,False,False
away_box_box_box_bat_flyOuts_last5,9.011980547002363e-06,9.067895212706837e-06,0.9938337768144783,False,False
diff_box_box_box_pitch_sacFlies_last5,8.998095282142237e-06,7.233038251312213e-06,1.2440270560590232,False,False
home_box_box_box_bat_catchersInterference_last20,8.966417307498809e-06,5.902985667567492e-06,1.5189630828281682,False,False
away_team_sc_team_off_sc_woba_last20,8.957885313931601e-06,3.823294409162199e-05,0.23429755481201744,False,False
away_box_box_box_bat_sacFlies_last5,8.859370434910474e-06,1.0723893813779525e-05,0.826133733581616,False,False
away_box_box_box_pitch_earnedRuns_last5,8.83523248370599e-06,2.0498151320848554e-05,0.4310258201050416,False,False
diff_team_sc_team_off_sc_pa_last20,8.80167733742221e-06,1.9076962230161955e-05,0.4613773006011496,False,False
away_team_sc_team_off_sc_sweetspot_rate_last5,8.77315703795567e-06,3.073122150023134e-05,0.2854802578507863,False,False
diff_team_sc_team_off_sc_avg_ev_last5,8.770535689861524e-06,2.3954715701188172e-05,0.36612981758019775,False,False
home_starter_starter_statcast_sc_whiff_rate_season_to_date,8.759698349392053e-06,3.01786700695011e-05,0.29026124508530615,False,False
diff_starter_box_rolling10_era,8.72466136356831e-06,2.981034954155147e-05,0.29267222618129146,False,False
home_team_team_runs_for_last5,8.684872717112935e-06,1.269951365770206e-05,0.6838744341871464,False,False
diff_starter_starter_statcast_sc_swing_rate_last3,8.668817352408543e-06,2.184489647563663e-05,0.3968349020136936,False,False
diff_box_box_box_pitch_hits_last10,8.635404866996765e-06,1.2417144941031604e-05,0.6954420607962513,False,False
home_starter_starter_statcast_sc_pitchmix_entropy_season_to_date,8.607486927181273e-06,1.9249933597387618e-05,0.44714372045155437,False,False
away_box_box_box_bat_sacBunts_last5,8.56320567274027e-06,6.821344503476706e-06,1.2553545226129206,False,False
away_box_box_box_pitch_strikes_last10,8.542818430434806e-06,1.4164929154842876e-05,0.6030964459510965,False,False
home_box_box_box_pitch_sacBunts_last20,8.534439609841903e-06,8.66448812099544e-06,0.9849906296439592,False,False
diff_box_box_box_pitch_catchersInterference_season_to_date,8.526875157499613e-06,1.0055479361503684e-05,0.8479829604289014,False,False
home_box_box_box_bat_hitByPitch_last20,8.523049242070702e-06,9.18830576546352e-06,0.9275974765779621,False,False
away_box_box_box_bat_lineOuts_last20,8.443511046229979e-06,1.0207975124400359e-05,0.8271484739463422,False,False
home_team_sc_team_off_sc_bb_rate_last3,8.433026321952309e-06,2.0784396213419522e-05,0.4057383354012225,False,False
away_box_box_box_bat_homeRuns_season_to_date,8.397901671464148e-06,2.0789688565175374e-05,0.4039455254530075,False,False
diff_box_box_box_bat_flyOuts_last20,8.348761749799039e-06,4.056101572764685e-05,0.205832166675955,False,False
away_box_box_box_pitch_groundOuts_last5,8.347492957050395e-06,1.092520642743308e-05,0.764058145033299,False,False
home_box_box_box_bat_popOuts_last10,8.309806421014087e-06,1.4620516654173549e-05,0.5683661266951181,False,False
diff_box_box_box_bat_popOuts_last5,8.287116238847592e-06,2.2359221063243693e-05,0.37063528355514924,False,False
home_box_box_box_bat_rbi_last5,8.254858169987056e-06,1.1307177837179455e-05,0.7300546863996443,False,False
diff_starter_box_rolling5_hr_per_9,8.231236412070685e-06,2.0736235215858715e-05,0.3969494137381108,False,False
diff_box_box_box_pitch_strikeOuts_season_to_date,8.191683597214005e-06,1.9032915359127485e-05,0.43039563002551656,False,False
diff_team_sc_team_off_sc_hard_hit_rate_last5,8.14868507547084e-06,1.5629481240438293e-05,0.5213663172893849,False,False
away_team_pitchmix_team_pitchmix_pt_avg_ev_other_season_to_date,8.136547258374982e-06,7.484795854909998e-06,1.0870767107211665,False,False
diff_box_box_box_bat_sacBunts_last3,8.093972178757624e-06,4.41811658215326e-06,1.8319960617274749,False,False
home_team_sc_team_off_sc_pa_last3,8.046762936397834e-06,5.8163331382808425e-06,1.3834769682357377,False,False
diff_team_sc_team_off_sc_avg_ev_last10,8.032263103741055e-06,4.00207841438694e-05,0.20070229196075062,False,False
home_box_box_box_bat_groundIntoDoublePlay_last20,8.030722899310394e-06,2.239244314903732e-05,0.35863540417900514,False,False
home_team_pitchmix_team_pitchmix_pt_avg_ev_breaking_last20,7.953804283411525e-06,1.622160321541693e-05,0.490321713445208,False,False
diff_box_box_box_pitch_intentionalWalks_last20,7.948149194114685e-06,1.260326499702113e-05,0.6306420753664456,False,False
diff_box_box_box_bat_atBats_last10,7.874069080082701e-06,1.8627414922857072e-05,0.42271400044998714,False,False
diff_starter_starter_statcast_sc_swing_rate_last5,7.870511610452714e-06,1.7679482982631063e-05,0.4451777022091074,False,False
away_box_box_box_bat_avg_last20,7.86755272558226e-06,1.801370861841208e-05,0.43675363536971606,False,False
away_team_team_runs_against_last5,7.833031268511537e-06,1.4348781506222326e-05,0.5459021914240423,False,False
away_box_box_box_bat_sacBunts_last3,7.803274467566013e-06,2.276907681833808e-06,3.4271369585267073,False,False
diff_starter_box_rolling5_avg_pitches,7.787155449590078e-06,3.471303036343007e-05,0.2243294626848191,False,False
home_box_box_box_pitch_caughtStealing_last3,7.720258755106179e-06,4.685794458256588e-06,1.6475880075155074,False,False
diff_box_box_box_bat_lineOuts_last3,7.687751611817895e-06,9.903709686074733e-06,0.7762496938523329,False,False
home_box_box_box_pitch_inningsPitched_last3,7.651553587639803e-06,6.366723851437181e-06,1.2018039051454372,False,False
home_box_box_box_pitch_whip_last20,7.635762761393217e-06,5.642248997732695e-05,0.13533189982330812,False,False
away_box_box_box_bat_hitByPitch_last5,7.6086470957137385e-06,1.4248177834107666e-05,0.5340084314149952,False,False
diff_team_pitchmix_team_pitchmix_pt_woba_other_season_to_date,7.597138243831125e-06,1.4921026987376626e-05,0.5091565245648573,False,False
home_starter_box_last_outing_k_per_9,7.544866601660871e-06,1.8931265872645374e-05,0.39853999475876484,False,False
home_box_box_box_pitch_hits_last3,7.498274650130643e-06,2.2508367392820622e-05,0.33313276433022543,False,False
away_team_team_win_last10,7.466767522823492e-06,7.428070355793755e-06,1.005209585420735,False,False
diff_team_pitchmix_team_pitchmix_pt_hard_hit_rate_offspeed_last10,7.417733751491351e-06,3.428837717135647e-05,0.21633376564954243,False,False
away_box_box_box_pitch_obp_season_to_date,7.316593947059857e-06,1.758254914790527e-05,0.4161281669405448,False,False
away_box_box_box_pitch_era_last10,7.278938888355402e-06,2.5771339940163222e-05,0.2824431676915477,False,False
diff_starter_starter_statcast_sc_avg_spin_last5,7.272568535887647e-06,2.2676652723371437e-05,0.32070732063521246,False,False
diff_starter_starter_statcast_sc_avg_spin_last10,7.270999217889873e-06,1.9965270618085496e-05,0.3641823522944615,False,False
away_starter_box_last_outing_ip,7.263943773860859e-06,7.868951297517915e-06,0.9231145929384654,False,False
diff_box_box_box_pitch_popOuts_last20,7.257085660605789e-06,1.4277717464103764e-05,0.508280520247802,False,False
home_team_pitchmix_team_pitchmix_pt_hard_hit_rate_other_season_to_date,7.195048468500165e-06,9.39023118887281e-06,0.7662269782054055,False,False
diff_box_box_box_pitch_battersFaced_last3,7.163655483477527e-06,2.2048490719986574e-05,0.3249045739436395,False,False
home_box_box_box_bat_ops_last20,7.1347228138840535e-06,1.5430604439347084e-05,0.4623748111701284,False,False
diff_box_box_box_bat_groundOuts_season_to_date,7.0912368963282905e-06,1.8778733362622395e-05,0.3776206179295801,False,False
diff_team_pitchmix_team_pitchmix_pt_hard_hit_rate_breaking_last5,7.067084083511865e-06,2.6646556288053188e-05,0.26521566265883095,False,False
away_box_box_box_bat_popOuts_last5,7.045312565190365e-06,9.173425622034414e-06,0.7680132652155202,False,False
diff_team_pitchmix_team_pitchmix_pt_whiff_rate_offspeed_last10,7.018421008075926e-06,2.5579753214479683e-05,0.2743740703527615,False,False
home_box_box_box_bat_slg_last5,7.003629424207069e-06,1.9295567713034254e-05,0.36296570945026313,False,False
home_team_pitchmix_team_pitchmix_pt_hard_hit_rate_fastball_last20,6.995515420149534e-06,9.83375312636196e-06,0.7113779785050955,False,False
away_starter_starter_statcast_sc_hard_hit_allowed_last5,6.9682048367658565e-06,1.8256822386694614e-05,0.3816767611128327,False,False
away_box_box_box_bat_catchersInterference_season_to_date,6.967345113650935e-06,1.8614185857120738e-05,0.3743029733951873,False,False
diff_box_box_box_bat_hitByPitch_last10,6.901796257452464e-06,1.0435299433272232e-05,0.6613893833699264,False,False
home_box_box_box_pitch_strikeOuts_last3,6.898271405597622e-06,1.7394376274355017e-05,0.39658055550792726,False,False
diff_team_pitchmix_team_pitchmix_pt_hard_hit_rate_breaking_last3,6.8956069523617994e-06,2.7006757636535817e-05,0.25532894563518976,False,False
away_box_box_box_bat_doubles_last10,6.881424708771178e-06,8.845495946776533e-06,0.7779580421693483,False,False
home_box_box_box_pitch_hitByPitch_last3,6.865938857758546e-06,6.279046794407923e-06,1.0934683372440075,False,False
away_box_box_box_pitch_wildPitches_season_to_date,6.762546362970578e-06,1.4058210933905198e-05,0.48103890279956313,False,False
diff_box_box_box_bat_sacFlies_last10,6.735891436293606e-06,8.83453761094506e-06,0.7624498001965091,False,False
diff_team_team_runs_for_last5,6.722581356821688e-06,1.4656029927371486e-05,0.4586904768982935,False,False
diff_box_box_box_bat_catchersInterference_last5,6.708421491341543e-06,2.798057964941641e-06,2.397527705070778,False,False
diff_box_box_box_pitch_shutouts_last3,6.702476516107226e-06,7.394195561490161e-06,0.9064510750857755,False,False
home_box_box_box_bat_stolenBases_last20,6.6948899967722575e-06,1.552711786887209e-05,0.4311740307062268,False,False
home_box_box_box_pitch_flyOuts_last3,6.682967685112118e-06,1.2396554972490184e-05,0.5390987818746923,False,False
away_team_pitchmix_team_pitchmix_pt_woba_offspeed_last20,6.645450764153349e-06,1.177870272101976e-05,0.5641920779861578,False,False
home_box_box_box_pitch_inningsPitched_last20,6.614291455053767e-06,2.7572660159030993e-05,0.23988586581434215,False,False
diff_box_box_box_pitch_outs_season_to_date,6.5769309245400365e-06,2.0685915348685587e-05,0.3179424653769524,False,False
diff_team_sc_team_off_sc_max_ev_season_to_date,6.568494826431071e-06,1.0574796491463715e-05,0.6211462160745459,False,False
diff_team_pitchmix_team_pitchmix_pt_woba_other_last5,6.490442318818346e-06,4.477324705684196e-06,1.4496251099631867,False,False
home_box_box_box_pitch_balls_last3,6.488758624356716e-06,2.066466768507675e-05,0.31400256337258475,False,False
home_team_pitchmix_team_pitchmix_pt_pitches_offspeed_last3,6.478687862221389e-06,1.9664704250726065e-05,0.3294576811132149,False,False
diff_team_sc_team_off_sc_sweetspot_rate_last10,6.478451646629857e-06,2.3903174312379887e-05,0.2710289253622081,False,False
home_starter_starter_statcast_sc_pitches_season_to_date,6.466622634304642e-06,3.320242444954115e-05,0.194763567465749,False,False
away_box_box_box_pitch_battersFaced_last10,6.426993969443906e-06,1.784848383697343e-05,0.36008626996822457,False,False
diff_starter_box_last_outing_era,6.417713614159659e-06,1.6994189837515818e-05,0.37764163373014253,False,False
away_box_box_box_pitch_groundOuts_last3,6.3818545491090005e-06,1.1255472110010258e-05,0.5670001654957842,False,False
away_team_pitchmix_team_pitchmix_pt_woba_fastball_last5,6.371837662122459e-06,2.315312055134708e-05,0.27520427097468453,False,False
home_box_box_box_bat_airOuts_last3,6.347073328150099e-06,1.1999922668711912e-05,0.5289261858911131,False,False
away_team_pitchmix_team_pitchmix_pt_pitches_fastball_last20,6.333972086236539e-06,1.9638378973527548e-05,0.3225302910578672,False,False
away_box_box_box_bat_groundOuts_last5,6.331201655263019e-06,8.398832962762855e-06,0.7538192131374793,False,False
diff_box_box_box_pitch_shutouts_last10,6.286860757676038e-06,8.525040791612144e-06,0.7374581437618141,False,False
home_box_box_box_pitch_inningsPitched_season_to_date,6.174961768123932e-06,7.800035456055133e-06,0.791658166544658,False,False
home_box_box_box_pitch_homeRuns_last10,6.1176524824069215e-06,9.178365291304559e-06,0.6665296366230586,False,False
away_box_box_box_bat_pickoffs_last10,6.116159231850382e-06,7.138018477841955e-06,0.8568427289501059,False,False
away_team_sc_team_off_sc_pa_last3,6.112956019710403e-06,1.0290948934929098e-05,0.5940128610455027,False,False
diff_box_box_box_bat_runs_last3,6.068589845920069e-06,1.3970277403063138e-05,0.43439293800919543,False,False
away_team_sc_team_off_sc_max_ev_last3,6.0539263102565855e-06,1.8244386740062094e-05,0.3318240506798192,False,False
diff_team_sc_team_off_sc_pa_last5,6.015086322797014e-06,1.4060789400508729e-05,0.42779150952786366,False,False
diff_box_box_box_bat_pickoffs_last10,6.009053397437736e-06,8.65939792542788e-06,0.6939343184348252,False,False
home_team_pitchmix_team_pitchmix_pt_pitches_offspeed_last5,5.970158712576001e-06,2.186098842312849e-05,0.2730964674158874,False,False
away_team_ewm_runs_for_hl60,5.92064673501369e-06,2.318584807423019e-05,0.25535605667985756,False,False
home_box_box_box_pitch_baseOnBalls_last5,5.9150636625426856e-06,1.2094820799602883e-05,0.4890575693967205,False,False
diff_box_box_box_bat_obp_season_to_date,5.912508634053904e-06,3.4189982086090484e-05,0.17293102462487953,False,False
away_box_box_box_pitch_rbi_last20,5.8372218062596735e-06,9.213621329023533e-06,0.6335426210617131,False,False
diff_starter_starter_statcast_sc_whiff_rate_last3,5.782372223162024e-06,1.5889075256633204e-05,0.3639212559426994,False,False
home_box_box_box_bat_sacBunts_last20,5.7688315216131155e-06,1.4597004110342306e-05,0.3952065422469648,False,False
diff_box_box_box_bat_totalBases_last3,5.766391038042329e-06,1.3747107492240993e-05,0.4194621334922229,False,False
away_team_sc_team_off_sc_bb_rate_last3,5.740844910873122e-06,2.132235744057116e-05,0.26924062814694766,False,False
away_box_box_box_pitch_sacFlies_last20,5.738655086340305e-06,1.2789431909330477e-05,0.44870289212405856,False,False
away_starter_box_rolling3_k_per_9,5.711587258461215e-06,1.2608843248670638e-05,0.45298265239861657,False,False
away_box_box_box_pitch_balks_last3,5.710384154045123e-06,3.807387164940199e-06,1.4998170416259238,False,False
home_box_box_box_bat_strikeOuts_last5,5.6118126330106936e-06,1.3914109545574022e-05,0.40331812931541644,False,False
diff_box_box_box_bat_runs_last10,5.607978222532672e-06,2.521775021939113e-05,0.2223821781778309,False,False
diff_box_box_box_pitch_balks_last10,5.595588359086357e-06,4.570143653538093e-06,1.224379096870268,False,False
home_box_box_box_pitch_balks_season_to_date,5.5951983053526e-06,1.8571747628436385e-05,0.3012747328520357,False,False
home_box_box_box_bat_triples_last10,5.5131183893331045e-06,4.435872895074472e-06,1.2428485936679543,False,False
away_team_pitchmix_team_pitchmix_pt_avg_ev_other_last10,5.462223861107951e-06,5.1251214725134166e-06,1.065774516838762,False,False
home_box_box_box_pitch_numberOfPitches_season_to_date,5.417126289808394e-06,3.767482633883198e-05,0.14378636389956984,False,False
home_team_pitchmix_team_pitchmix_pt_pitches_fastball_last10,5.399363650193667e-06,2.6651492565585358e-05,0.2025914172313853,False,False
away_box_box_box_pitch_atBats_last5,5.3665876759367844e-06,9.350489142485195e-06,0.5739365710348753,False,False
away_box_box_box_bat_airOuts_last5,5.357294254371148e-06,9.893408202157946e-06,0.5415013860645734,False,False
away_starter_starter_statcast_sc_called_strike_rate_last20,5.298525564101375e-06,1.7672545109414682e-05,0.2998167797166179,False,False
away_starter_starter_statcast_sc_avg_velo_last20,5.27912732605218e-06,2.310557522139257e-05,0.22847850683087248,False,False
away_team_pitchmix_team_pitchmix_pt_pitches_breaking_season_to_date,5.260621141367494e-06,2.7562070788713224e-05,0.1908645102066039,False,False
away_team_pitchmix_team_pitchmix_pt_whiff_rate_offspeed_last10,5.1581745221129795e-06,1.9089434063778142e-05,0.27021097141378975,False,False
diff_team_pitchmix_team_pitchmix_pt_avg_ev_breaking_last3,5.150080681159963e-06,2.1387765319377072e-05,0.24079564200632256,False,False
diff_team_pitchmix_team_pitchmix_pt_whiff_rate_offspeed_last5,5.1261158054205506e-06,2.1366235808274852e-05,0.23991665408070034,False,False
home_box_box_box_bat_hitByPitch_last3,5.109542208658891e-06,1.0723242886745607e-05,0.47649225729788386,False,False
diff_box_box_box_pitch_strikes_last5,5.069321991879594e-06,3.7015904242799335e-05,0.13694983536342284,False,False
diff_box_box_box_bat_popOuts_last20,5.054324155751022e-06,1.6593427999230785e-05,0.30459795022374664,False,False
away_team_pitchmix_team_pitchmix_pt_whiff_rate_breaking_last20,5.013980971113608e-06,1.9882790871820175e-05,0.25217692040506795,False,False
home_team_sc_team_off_sc_avg_la_last20,4.986405785123438e-06,5.217991984517482e-05,0.09556177548602618,False,False
away_team_sc_team_off_sc_bb_rate_last20,4.982532197850275e-06,1.7473468788526346e-05,0.2851484303518469,False,False
away_team_pitchmix_team_pitchmix_pt_pitches_fastball_last3,4.94029984821065e-06,1.817943882168278e-05,0.2717520544318623,False,False
diff_box_box_box_bat_doubles_last3,4.935319896126611e-06,5.607462070131662e-06,0.8801343342855159,False,False
diff_box_box_box_pitch_doubles_last3,4.907297322820359e-06,1.1691966843778014e-05,0.4197152958427881,False,False
away_starter_box_rolling10_hr_per_9,4.8908416311665984e-06,2.3954373210751808e-05,0.20417322499473153,False,False
away_box_box_box_pitch_flyOuts_last5,4.80530698374615e-06,1.2972705897234023e-05,0.37041670579849606,False,False
diff_box_box_box_bat_caughtStealing_last10,4.791822868932538e-06,9.5686168574022e-06,0.5007853214673995,False,False
diff_box_box_box_pitch_stolenBases_last5,4.747512510261398e-06,1.4355441815140006e-05,0.330711696052045,False,False
diff_box_box_box_bat_flyOuts_last5,4.733562791991997e-06,1.9027895480732354e-05,0.2487696443773933,False,False
home_box_box_box_pitch_catchersInterference_season_to_date,4.7049724412162595e-06,1.7769483227405487e-05,0.2647782369922769,False,False
diff_box_box_box_bat_atBats_season_to_date,4.662634565122392e-06,1.4433390163569454e-05,0.3230450027527904,False,False
home_box_box_box_pitch_lineOuts_last5,4.651325621896074e-06,8.481551492111236e-06,0.5484050443155727,False,False
home_starter_starter_statcast_sc_hard_hit_allowed_last20,4.638232263731723e-06,1.5269882855057048e-05,0.3037503501341952,False,False
home_box_box_box_pitch_groundOuts_last5,4.607327728289867e-06,1.3395068851564801e-05,0.343957002337591,False,False
home_box_box_box_bat_atBats_season_to_date,4.597451127485996e-06,1.2944547551793174e-05,0.3551650692379065,False,False
away_starter_box_rolling3_hr_per_9,4.564222977054833e-06,2.053784988421951e-05,0.22223470337865336,False,False
away_box_box_box_pitch_era_last20,4.5450014912962185e-06,1.9159078593327932e-05,0.23722442961735102,False,False
away_box_box_box_pitch_doubles_last5,4.538277808563418e-06,4.910213680490365e-06,0.9242526097377898,False,False
home_box_box_box_bat_caughtStealing_last5,4.4995490446564365e-06,4.719231205650671e-06,0.953449587142246,False,False
away_team_team_runs_against_last10,4.459810693391298e-06,1.7099387735874085e-05,0.26081698141944154,False,False
away_team_sc_team_off_sc_pitches_seen_season_to_date,4.454416174126674e-06,3.2410555697646064e-05,0.13743720458486902,False,False
home_team_sc_team_off_sc_xwoba_contact_last10,4.376310056186661e-06,2.650007035990899e-05,0.16514333723458424,False,False
diff_box_box_box_pitch_pickoffs_last5,4.366641107811375e-06,3.70421296703006e-06,1.1788310085509022,False,False
away_team_sc_team_off_sc_sweetspot_rate_season_to_date,4.30475389977536e-06,1.942487030967077e-05,0.2216104319436417,False,False
diff_box_box_box_pitch_balls_last5,4.299323077694428e-06,1.0535875935623752e-05,0.40806508200781094,False,False
home_team_pitchmix_team_pitchmix_pt_woba_offspeed_last5,4.294534702609099e-06,9.700571155407861e-06,0.44270946873215683,False,False
home_box_box_box_pitch_hitBatsmen_last20,4.260946305256752e-06,1.1262185645205332e-05,0.37834097567649055,False,False
away_starter_starter_statcast_sc_hr_rate_season_to_date,4.254710333462252e-06,1.3577290339159165e-05,0.3133696214178288,False,False
home_box_box_box_pitch_outs_last3,4.253662441122685e-06,2.6487462042693476e-06,1.605915445680101,False,False
diff_box_box_box_bat_intentionalWalks_last5,4.247699173987041e-06,8.1170889349673e-06,0.5233032689451681,False,False
home_box_box_box_pitch_wildPitches_last3,4.234522531421092e-06,7.395055769412688e-06,0.5726153613250432,False,False
home_box_box_box_pitch_baseOnBalls_last3,4.234300296623861e-06,1.3159254369059731e-05,0.3217735730209472,False,False
diff_team_sc_team_off_sc_bb_rate_last20,4.2016310881742845e-06,1.711495238532762e-05,0.24549475765858844,False,False
home_starter_box_rolling3_bb_per_9,4.176269860522997e-06,6.87312322823662e-06,0.6076233062962946,False,False
diff_starter_starter_statcast_sc_pitchmix_entropy_last10,4.167281915146148e-06,1.412733208244226e-05,0.2949801059978856,False,False
home_box_box_box_pitch_pickoffs_last3,4.163127791056986e-06,3.907810245241503e-06,1.0653351953632806,False,False
away_box_box_box_bat_airOuts_last3,4.077857992901279e-06,1.3601776752813752e-05,0.2998033320946623,False,False
diff_team_pitchmix_team_pitchmix_pt_avg_ev_other_season_to_date,4.049273457951141e-06,1.9774256133322916e-05,0.2047750080028265,False,False
away_box_box_box_pitch_pickoffs_last5,3.970820719745305e-06,6.318762916541342e-06,0.6284174247700348,False,False
home_box_box_box_pitch_catchersInterference_last5,3.960903921806924e-06,3.7710225887144644e-06,1.0503527434867979,False,False
diff_starter_box_rolling3_hr_per_9,3.915538998056078e-06,1.0274144604232353e-05,0.38110608219813286,False,False
away_box_box_box_pitch_inningsPitched_season_to_date,3.901293950736573e-06,1.3230602663590258e-05,0.2948689526798862,False,False
diff_team_sc_team_off_sc_hard_hit_rate_season_to_date,3.8801651862985235e-06,1.8581487040046386e-05,0.20881887321160478,False,False
away_box_box_box_bat_triples_last3,3.865847624695551e-06,3.754901899579763e-06,1.0295469037761558,False,False
away_starter_starter_statcast_sc_avg_spin_last10,3.850437125152428e-06,1.573892816607467e-05,0.2446441768158052,False,False
diff_team_pitchmix_team_pitchmix_pt_hard_hit_rate_breaking_last20,3.839521544302116e-06,2.4890037300049534e-05,0.1542593728573671,False,False
away_box_box_box_pitch_triples_last3,3.814734550278143e-06,4.0226628116966375e-06,0.9483107903516287,False,False
home_team_sc_team_off_sc_whiff_rate_season_to_date,3.7715039306496225e-06,3.4279287373310134e-05,0.11002282193258536,False,False
away_box_box_box_pitch_sacFlies_season_to_date,3.760217179782366e-06,1.6845730570750447e-05,0.22321484746475173,False,False
away_box_box_box_pitch_runs_last10,3.7580136846515622e-06,1.4187123037652869e-05,0.2648890599367983,False,False
diff_box_box_box_pitch_triples_last3,3.741620900954423e-06,1.2113974131160824e-05,0.3088681600639906,False,False
away_box_box_box_pitch_inningsPitched_last5,3.721668052991678e-06,8.952445551951145e-06,0.41571524019831174,False,False
home_team_sc_team_off_sc_hard_hit_rate_last5,3.7195725790972746e-06,1.8672886960767663e-05,0.19919643849996074,False,False
home_team_pitchmix_team_pitchmix_pt_pitches_other_season_to_date,3.7068428230035976e-06,5.531036024752345e-06,0.6701896003596494,False,False
home_box_box_box_pitch_sacFlies_last10,3.6660262117571564e-06,9.26712644842125e-06,0.39559471127985973,False,False
away_box_box_box_pitch_baseOnBalls_last3,3.633168705308165e-06,1.3592046457522496e-05,0.2673010805740289,False,False
diff_box_box_box_bat_caughtStealing_last5,3.622673363234963e-06,6.587329412365362e-06,0.5499456815435229,False,False
diff_team_pitchmix_team_pitchmix_pt_avg_ev_breaking_season_to_date,3.611603844999589e-06,1.4115868360161115e-05,0.2558541743838115,False,False
home_starter_starter_statcast_sc_swing_rate_last5,3.5838233744422967e-06,1.052738597199433e-05,0.3404286101009527,False,False
home_box_box_box_pitch_sacFlies_last20,3.569538615944001e-06,1.5309501269318658e-05,0.2331583866221438,False,False
diff_box_box_box_bat_ops_season_to_date,3.5622362326792612e-06,3.164179011589043e-05,0.11258011065847741,False,False
diff_box_box_box_pitch_catchersInterference_last10,3.548201390923822e-06,5.817553836264254e-06,0.609912944647935,False,False
diff_box_box_box_bat_homeRuns_last10,3.544073798000813e-06,9.24091921184046e-06,0.38351961712421034,False,False
diff_box_box_box_bat_lineOuts_last5,3.5429622289862017e-06,1.0297289814033422e-05,0.3440674481316199,False,False
away_box_box_box_pitch_triples_last20,3.4871419401838465e-06,1.0314048395314315e-05,0.33809633293635305,False,False
away_box_box_box_pitch_hitByPitch_last3,3.4773972201529445e-06,6.861276906955254e-06,0.5068148782375943,False,False
away_box_box_box_bat_groundIntoDoublePlay_last10,3.4736809575552917e-06,9.548048349595976e-06,0.3638105747236062,False,False
home_box_box_box_bat_stolenBases_last3,3.4477104409624816e-06,1.0814491782893463e-05,0.3188046660145533,False,False
away_starter_starter_statcast_sc_called_strike_rate_season_to_date,3.437083922919193e-06,1.6545002135686805e-05,0.2077415218645129,False,False
diff_team_sc_team_off_sc_csw_rate_season_to_date,3.333245049019773e-06,1.1720560113082991e-05,0.2843929826612179,False,False
away_team_sc_team_off_sc_pa_last10,3.308524584455519e-06,9.250841950947034e-06,0.35764577991917984,False,False
home_team_sc_team_off_sc_avg_ev_last20,3.2990851208558604e-06,2.2317977847641916e-05,0.14782186555510166,False,False
home_box_box_box_bat_ops_last5,3.2914069126310785e-06,2.437463713794881e-05,0.1350340886718964,False,False
home_team_pitchmix_team_pitchmix_pt_whiff_rate_offspeed_last20,3.2661332365124806e-06,1.784923436237676e-05,0.18298450063476954,False,False
home_team_sc_team_off_sc_max_ev_last20,3.257089460817486e-06,1.5523149204033806e-05,0.2098214362309361,False,False
away_box_box_runs_against_last3,3.2342595782774984e-06,8.494584799256975e-06,0.38074369197661084,False,False
home_box_box_box_pitch_shutouts_last20,3.2313291142282985e-06,1.2761050640798014e-05,0.2532181091655183,False,False
diff_box_box_box_bat_stolenBases_season_to_date,3.219669712017925e-06,1.3725632157272819e-05,0.2345735099939943,False,False
home_box_box_box_bat_caughtStealing_last20,3.2045600511176887e-06,8.678747883995568e-06,0.36924221027634646,False,False
away_box_box_box_pitch_groundOuts_last10,3.1951405732977277e-06,2.4511149398067772e-05,0.13035457951839674,False,False
home_team_sc_team_off_sc_whiff_rate_last10,3.1921585877725533e-06,3.35513523087993e-05,0.09514247170703061,False,False
diff_team_pitchmix_team_pitchmix_pt_pitches_other_last10,3.1656271152535886e-06,1.435010214078089e-05,0.22059962251121124,False,False
away_box_box_box_pitch_flyOuts_last20,3.1597188909771035e-06,1.662074982889435e-05,0.19010687986435418,False,False
away_box_box_box_bat_caughtStealing_last10,3.1115167341111414e-06,1.916996431142882e-05,0.1623120775585433,False,False
home_box_box_box_pitch_doubles_last5,3.107280261882561e-06,1.065123053864011e-05,0.29172969739131016,False,False
away_box_box_box_bat_triples_last20,3.0902802624410696e-06,8.395265957877222e-06,0.36809795877181,False,False
away_box_box_box_bat_flyOuts_last20,3.0610047477508396e-06,1.3847412157395462e-05,0.22105247630085556,False,False
diff_team_team_runs_against_last5,3.049170541224999e-06,2.167232195423517e-05,0.1406942249964654,False,False
diff_team_team_win_last10,3.023288157832926e-06,6.412387492308201e-06,0.47147621092134967,False,False
diff_starter_starter_statcast_sc_bb_rate_last10,3.010152743210259e-06,2.8387095583903237e-05,0.10603947608212344,False,False
home_box_box_box_pitch_intentionalWalks_last10,3.0075284245478785e-06,1.2431261882964638e-05,0.24193267367887158,False,False
away_team_pitchmix_team_pitchmix_pt_avg_ev_breaking_last5,2.9834383678428724e-06,2.1167023032251696e-05,0.14094747113456046,False,False
away_starter_box_rolling5_k_per_9,2.976940405963191e-06,5.204530584154978e-05,0.057199018390369116,False,False
diff_starter_box_last_outing_avg_pitches,2.9522428132922053e-06,2.472322973945761e-05,0.11941169678897191,False,False
home_box_box_box_bat_hitByPitch_last10,2.8921282885119305e-06,6.730466374493319e-06,0.4297069664402944,False,False
home_team_sc_team_off_sc_hr_rate_last20,2.868097438823991e-06,2.2672515422363836e-05,0.1265010690430468,False,False
away_box_box_box_pitch_hitByPitch_last20,2.857800813371725e-06,1.974495647100678e-05,0.144735736316668,False,False
away_box_box_box_pitch_shutouts_last3,2.8144035749466666e-06,5.070755427576483e-06,0.5550264876986549,False,False
diff_box_box_box_pitch_sacBunts_last20,2.7583141457676595e-06,5.189997729874765e-06,0.5314673125751479,False,False
home_team_pitchmix_team_pitchmix_pt_woba_other_last3,2.692738297482844e-06,2.3687322530368293e-06,1.1367845791902496,False,False
diff_team_sc_team_off_sc_hr_rate_last3,2.670352167366552e-06,3.882318390690216e-05,0.0687824103703098,False,False
home_box_box_box_bat_intentionalWalks_last5,2.654235533772198e-06,6.0426759902830675e-06,0.43924836248714055,False,False
diff_team_ewm_scored_5plus_hl60,2.645128611644676e-06,4.0160575686064576e-05,0.06586381212066429,False,False
away_box_box_box_bat_strikeOuts_season_to_date,2.638705928270646e-06,1.2708084187472981e-05,0.2076399470875205,False,False
diff_starter_starter_statcast_sc_pitchmix_entropy_last3,2.567301750577844e-06,1.295408518530633e-05,0.1981847204069574,False,False
home_team_pitchmix_team_pitchmix_pt_pitches_breaking_last3,2.557359344457222e-06,5.312217120031232e-06,0.48141092253439116,False,False
home_starter_starter_statcast_sc_avg_extension_last20,2.511320173492759e-06,1.9095374499266795e-05,0.13151458085250886,False,False
diff_box_box_box_bat_popOuts_last10,2.507299178755584e-06,1.750666591483073e-05,0.1432196850590227,False,False
home_team_pitchmix_team_pitchmix_pt_hard_hit_rate_breaking_last5,2.503937389963795e-06,2.1285558569373582e-05,0.11763550304789977,False,False
home_team_sc_team_off_sc_xwoba_contact_season_to_date,2.4940870715473016e-06,2.2826862734538694e-05,0.10926105354694965,False,False
away_box_box_box_pitch_balls_last3,2.4712254746317443e-06,1.453526592701638e-05,0.17001584195570388,False,False
away_starter_starter_statcast_sc_hr_rate_last5,2.389161171223453e-06,1.7241581842998484e-05,0.13856972016715804,False,False
diff_box_box_box_bat_airOuts_last20,2.3867371087837874e-06,3.154391475795622e-05,0.07566394745540544,False,False
away_box_box_box_pitch_balks_last5,2.359456755596234e-06,3.955275876348353e-06,0.5965340546041926,False,False
diff_box_box_box_pitch_hitByPitch_last10,2.351971166236755e-06,8.053006414188886e-06,0.2920612557929584,False,False
home_team_team_runs_against_last5,2.3447310380952937e-06,1.6535045388638208e-05,0.1418037255408103,False,False
away_box_box_box_bat_obp_last5,2.341864144328465e-06,3.0079505504862746e-05,0.07785580597227144,False,False
away_team_pitchmix_team_pitchmix_pt_hard_hit_rate_breaking_last20,2.3303358566373334e-06,2.1991291491178146e-05,0.10596630296006729,False,False
diff_box_box_box_pitch_battersFaced_last5,2.2539615200378726e-06,2.082810035458901e-05,0.10821733531456038,False,False
diff_box_box_box_bat_groundIntoDoublePlay_last20,2.2400607246675363e-06,1.4003398650502816e-05,0.15996550413046356,False,False
home_box_box_box_bat_pickoffs_last10,2.239971639195204e-06,9.169967692205938e-06,0.24427257700145222,False,False
away_starter_box_rolling5_whip,2.2027101112986893e-06,1.808843504477407e-05,0.12177449878037261,False,False
home_box_box_box_bat_triples_last5,2.201632597498282e-06,5.1214007189401575e-06,0.42988875862732656,False,False
home_box_box_box_bat_triples_season_to_date,2.12705675333158e-06,1.9446468001911445e-05,0.10938010712909439,False,False
home_team_pitchmix_team_pitchmix_pt_avg_ev_other_season_to_date,2.1262348157691235e-06,1.2837389536416731e-05,0.16562828523178197,False,False
diff_team_pitchmix_team_pitchmix_pt_pitches_offspeed_last3,2.1217362891956525e-06,1.843706358992898e-05,0.11507994637251373,False,False
away_team_sc_team_off_sc_bb_rate_last10,2.0907901334021874e-06,2.0806333854217418e-05,0.10048815654173437,False,False
away_box_box_box_bat_catchersInterference_last5,2.0870056786082003e-06,4.2642535497097636e-06,0.4894187585891199,False,False
home_box_box_box_bat_ops_last3,2.0739851528617238e-06,2.0725115122535713e-05,0.10007110409758593,False,False
diff_box_box_box_pitch_strikes_season_to_date,2.0707627858107534e-06,1.5723341881878847e-05,0.13169991477430812,False,False
diff_team_sc_team_off_sc_avg_la_season_to_date,2.011853009631359e-06,1.8053001807733303e-05,0.1114414672450511,False,False
diff_box_box_box_pitch_outs_last10,2.009676047920461e-06,1.2720787708325401e-05,0.15798361658100654,False,False
diff_box_box_box_bat_triples_last3,1.9838012303541317e-06,3.2650546146761802e-06,0.6075859256494796,False,False
home_box_box_box_pitch_earnedRuns_last20,1.9515540806813723e-06,2.3031092814516123e-05,0.08473562658960497,False,False
diff_team_pitchmix_team_pitchmix_pt_whiff_rate_offspeed_season_to_date,1.9379520567075483e-06,1.5501269608344696e-05,0.12501892462178088,False,False
home_team_pitchmix_team_pitchmix_pt_hard_hit_rate_other_last10,1.9368121259688563e-06,4.780972915757707e-06,0.4051083660368117,False,False
diff_team_pitchmix_team_pitchmix_pt_woba_other_last10,1.9321048683629273e-06,6.152928186527597e-06,0.31401388246224765,False,False
home_box_box_box_pitch_pickoffs_last20,1.929074005624365e-06,4.627123133818473e-06,0.41690569925084786,False,False
diff_box_box_box_bat_runs_last5,1.92669946974533e-06,1.6459117893453398e-05,0.11705970406297857,False,False
diff_box_box_box_pitch_numberOfPitches_last5,1.8743680729738088e-06,8.09521354052568e-06,0.23154028779975738,False,False
away_starter_starter_statcast_sc_whiff_rate_last10,1.8505357544551515e-06,1.5511851199339337e-05,0.11929818889275881,False,False
diff_starter_box_rolling10_hr_per_9,1.7126290381419551e-06,2.034432012740078e-05,0.08418217111297309,False,False
diff_team_pitchmix_team_pitchmix_pt_pitches_offspeed_last5,1.6931701353528616e-06,1.2163832686700152e-05,0.13919709181828535,False,False
home_team_sc_team_off_sc_xwoba_contact_last5,1.692621260562799e-06,1.6872100579481542e-05,0.10032071896378009,False,False
away_box_box_box_bat_groundOuts_last3,1.6786879511676568e-06,1.3110731152623917e-05,0.12803923226140537,False,False
diff_team_pitchmix_team_pitchmix_pt_woba_other_last20,1.6517065665966336e-06,2.047082111231504e-05,0.0806858971379015,False,False
diff_team_sc_team_off_sc_k_rate_last3,1.555947976183969e-06,1.3774208571263278e-05,0.1129609710883932,False,False
away_box_box_box_bat_sacFlies_last10,1.523403018788283e-06,4.612879838400158e-06,0.33024988123615,False,False
diff_box_box_box_pitch_popOuts_last10,1.5122730372851833e-06,2.3150316014981144e-05,0.06532407749019728,False,False
diff_box_box_box_pitch_strikeOuts_last20,1.4950074651909339e-06,4.424336127958113e-05,0.033790548953632475,False,False
away_starter_starter_statcast_sc_hr_rate_last3,1.4930220105346948e-06,5.006148231119159e-05,0.029823767527573177,False,False
home_box_box_box_pitch_pickoffs_season_to_date,1.4552247378341044e-06,2.137265610031424e-05,0.06808815577267949,False,False
home_box_box_box_bat_intentionalWalks_last3,1.442528666351084e-06,6.292104375003851e-06,0.22926012989894196,False,False
diff_box_box_box_bat_obp_last5,1.4238087606366357e-06,3.2068793656985474e-05,0.044398575632934374,False,False
away_box_box_box_pitch_triples_last5,1.3499927119409171e-06,3.863530801063703e-06,0.34941942524937,False,False
away_team_sc_team_off_sc_csw_rate_last3,1.3135476199188646e-06,1.7303014590647345e-05,0.07591437971906154,False,False
away_starter_box_rolling3_ip,1.2523962872768024e-06,2.268000844428636e-05,0.05522027429369459,False,False
away_team_pitchmix_team_pitchmix_pt_hard_hit_rate_other_season_to_date,1.2089844033114083e-06,1.3809153802725743e-05,0.0875494922123882,False,False
diff_box_box_box_bat_groundOuts_last20,1.1891067878688766e-06,2.4379851234112862e-05,0.04877416094340438,False,False
away_box_box_box_bat_ops_season_to_date,1.1717769010766155e-06,1.5272643230260714e-05,0.07672390976533094,False,False
away_box_box_box_pitch_runs_last3,1.1542007184894842e-06,1.955398360589216e-05,0.0590263724135317,False,False
away_box_box_box_bat_atBats_last10,1.1513799764051313e-06,2.575555743948961e-05,0.04470413731522589,False,False
home_box_box_box_pitch_numberOfPitches_last5,1.1474529904353935e-06,2.6274887002223105e-05,0.04367109134811153,False,False
diff_box_box_box_bat_lineOuts_last10,1.1428376869293544e-06,8.24354626422133e-06,0.1386342297719008,False,False
away_box_box_box_bat_homeRuns_last5,1.0495062420012856e-06,1.9058340717520267e-05,0.055068080561519094,False,False
away_box_box_box_pitch_pickoffs_last10,1.047902026185543e-06,8.840783440619633e-06,0.11853044848614658,False,False
away_team_pitchmix_team_pitchmix_pt_avg_ev_offspeed_last5,1.038026833311001e-06,2.3060681717422645e-05,0.045012842466264046,False,False
diff_box_box_box_pitch_battersFaced_last20,1.0303002284439699e-06,2.2572379549095414e-05,0.04564428957093534,False,False
home_box_box_box_pitch_intentionalWalks_last5,1.0273308621799871e-06,4.827086330879671e-06,0.21282628727975744,False,False
diff_team_sc_team_off_sc_sweetspot_rate_last5,9.855449479179157e-07,1.6416299644235876e-05,0.06003453697094047,False,False
home_box_box_box_bat_plateAppearances_last20,9.46061894568917e-07,1.3672378619310016e-05,0.06919512112053115,False,False
diff_box_box_box_bat_intentionalWalks_last20,9.385335592693167e-07,6.525359530566442e-06,0.14382863578213387,False,False
home_starter_starter_statcast_sc_avg_spin_last5,8.492292829398451e-07,1.6535541137967467e-05,0.05135781622470878,False,False
diff_team_sc_team_off_sc_max_ev_last20,8.240278885462971e-07,3.3106665852014304e-05,0.024890089875847794,False,False
diff_box_box_box_pitch_caughtStealing_last3,7.96871155561707e-07,6.8402233882980776e-06,0.11649782621499694,False,False
home_starter_box_last_outing_whip,7.758649901989934e-07,2.0497413256513157e-05,0.03785184893769258,False,False
diff_starter_starter_statcast_sc_avg_extension_season_to_date,7.66782187888726e-07,1.9131894531860874e-05,0.04007873797400369,False,False
home_box_box_box_pitch_pickoffs_last10,7.585101635787517e-07,2.853633632999961e-06,0.2658050265483264,False,False
home_box_box_box_bat_groundIntoDoublePlay_season_to_date,7.454656636651791e-07,1.275568824610741e-05,0.05844182213317021,False,False
home_team_pitchmix_team_pitchmix_pt_pitches_other_last5,7.324092811455962e-07,8.89626666757638e-06,0.08232771211939484,False,False
diff_box_box_box_pitch_strikeOuts_last3,7.002674210832005e-07,1.3025252654180575e-05,0.05376229081118386,False,False
away_box_box_box_pitch_numberOfPitches_last10,6.734156162702121e-07,2.090878776300729e-05,0.03220730077243634,False,False
diff_box_box_box_bat_popOuts_season_to_date,6.720026717865757e-07,1.454321848265156e-05,0.04620728710004598,False,False
diff_box_box_box_pitch_pitchesThrown_last10,6.474770106179584e-07,1.445723941343836e-05,0.04478566011821818,False,False
away_team_sc_team_off_sc_hard_hit_rate_season_to_date,6.367861801748198e-07,3.3752678344569045e-05,0.018866241477908715,False,False
home_box_box_box_pitch_airOuts_last5,6.318245772241049e-07,1.3749967372708088e-05,0.04595098738039155,False,False
away_box_box_box_pitch_hitBatsmen_last3,6.220951467295066e-07,5.9491069377572055e-06,0.10456950147950013,False,False
away_box_box_box_pitch_inningsPitched_last20,6.152262298164679e-07,1.7099977890575776e-05,0.035978188612485536,False,False
diff_team_pitchmix_team_pitchmix_pt_whiff_rate_other_season_to_date,6.076792632758732e-07,2.2019917321338387e-05,0.027596800406103343,False,False
away_team_pitchmix_team_pitchmix_pt_woba_other_last3,5.95203612152595e-07,4.461333917889732e-06,0.13341382266094395,False,False
diff_box_box_box_pitch_doubles_last5,5.899409692089463e-07,1.2531757405637805e-05,0.0470756774260203,False,False
diff_team_ewm_team_win_hl120,5.793326249614595e-07,1.1428483246462589e-05,0.05069199582024832,False,False
diff_team_sc_team_off_sc_hr_rate_last10,5.75845120698304e-07,1.5758437058537806e-05,0.036542019907127486,False,False
home_box_box_box_bat_baseOnBalls_last10,5.237347621700472e-07,1.2959434476660596e-05,0.04041339636488551,False,False
home_starter_starter_statcast_sc_max_velo_last3,5.191904364987287e-07,1.3299547201792093e-05,0.039038203979513575,False,False
diff_box_box_box_pitch_pickoffs_last10,4.5011334014466443e-07,6.186858881642153e-06,0.07275312864824754,False,False
diff_box_box_box_pitch_triples_last20,3.7456320216566753e-07,4.6444637366056175e-06,0.08064724441995862,False,False
diff_box_box_box_pitch_homeRuns_last3,3.6213359013714805e-07,3.266790111253464e-05,0.01108530324276627,False,False
diff_starter_box_last_outing_hr_per_9,3.563072235479581e-07,9.75754341155629e-06,0.036516078742316195,False,False
home_team_ewm_runs_for_hl30,3.3156522761812467e-07,1.789512793718468e-05,0.018528240132285278,False,False
away_box_box_runs_against_last20,3.1094148027488445e-07,9.47259107158755e-06,0.03282538831508669,False,False
away_box_box_box_pitch_wildPitches_last5,2.8173461866787266e-07,1.4631462064508598e-05,0.01925539754166289,False,False
diff_box_box_box_pitch_airOuts_last3,2.676149269964512e-07,2.3854034679689403e-05,0.011218853774213416,False,False
home_box_box_box_pitch_outs_last5,2.490927700105061e-07,6.380823681173674e-06,0.03903771400946916,False,False
home_starter_starter_statcast_sc_avg_velo_last5,2.2809923180266978e-07,2.3685961456545927e-05,0.009630144514975202,False,False
same_team_cluster_recent,1.8655666833566897e-07,2.294959778235073e-06,0.08128973331251123,False,False
away_box_box_box_pitch_pickoffs_season_to_date,1.8389880657165847e-07,1.3577929156036332e-05,0.013543950955871844,False,False
home_box_box_box_pitch_era_last10,1.5820671931399132e-07,2.4543822466703713e-05,0.0064458875355953805,False,False
diff_box_box_box_pitch_catchersInterference_last20,1.50040769053561e-07,1.8252502413683576e-06,0.08220284849329926,False,False
away_box_box_box_pitch_airOuts_last10,1.1767874200652173e-07,1.591885966901572e-05,0.007392410289008969,False,False
away_box_box_box_pitch_intentionalWalks_last10,6.310205372672683e-08,6.1568691594723826e-06,0.010249049004012684,False,False
home_starter_starter_statcast_sc_avg_velo_last20,4.099412076463693e-08,1.2515922284528106e-05,0.003275357567161704,False,False
home_team_pitchmix_team_pitchmix_pt_whiff_rate_other_last10,0.0,0.0,,False,False
diff_team_pitchmix_team_pitchmix_pt_whiff_rate_other_last3,-1.1102230246251566e-17,3.33066907387547e-17,-0.3333333333333333,False,False
diff_team_pitchmix_team_pitchmix_pt_whiff_rate_other_last10,-1.1102230246251566e-17,3.33066907387547e-17,-0.3333333333333333,False,False
home_team_pitchmix_team_pitchmix_pt_hard_hit_rate_other_last5,-1.1102230246251566e-17,3.33066907387547e-17,-0.3333333333333333,False,False
away_box_box_box_pitch_sacBunts_last5,-1.1102230246251566e-17,3.33066907387547e-17,-0.3333333333333333,False,False
home_box_box_box_bat_catchersInterference_last5,-1.1102230246251566e-17,3.33066907387547e-17,-0.3333333333333333,False,False
home_team_pitchmix_team_pitchmix_pt_whiff_rate_other_last3,-1.1102230246251566e-17,3.33066907387547e-17,-0.3333333333333333,False,False
away_box_box_box_bat_groundIntoTriplePlay_last5,-1.1102230246251566e-17,3.33066907387547e-17,-0.3333333333333333,False,False
away_team_pitchmix_team_pitchmix_pt_whiff_rate_other_last20,-1.1102230246251566e-17,3.33066907387547e-17,-0.3333333333333333,False,False
away_team_pitchmix_team_pitchmix_pt_whiff_rate_other_last5,-1.1102230246251566e-17,3.33066907387547e-17,-0.3333333333333333,False,False
home_box_box_box_bat_groundIntoTriplePlay_last10,-2.2204460492503132e-17,4.440892098500627e-17,-0.49999999999999994,False,False
home_box_box_box_pitch_catchersInterference_last3,-2.2204460492503132e-17,4.440892098500627e-17,-0.49999999999999994,False,False
away_team_pitchmix_team_pitchmix_pt_whiff_rate_other_last10,-2.2204460492503132e-17,4.440892098500627e-17,-0.49999999999999994,False,False
home_box_box_box_bat_pickoffs_last3,-2.2204460492503132e-17,4.440892098500627e-17,-0.49999999999999994,False,False
home_box_box_box_bat_catchersInterference_last3,-2.2204460492503132e-17,4.440892098500627e-17,-0.49999999999999994,False,False
home_box_box_box_bat_groundIntoTriplePlay_last5,-2.2204460492503132e-17,4.440892098500627e-17,-0.49999999999999994,False,False
home_box_box_box_bat_groundIntoTriplePlay_last3,-2.2204460492503132e-17,4.440892098500627e-17,-0.49999999999999994,False,False
diff_team_pitchmix_team_pitchmix_pt_avg_ev_other_last20,-2.2204460492503132e-17,4.440892098500627e-17,-0.49999999999999994,False,False
away_box_box_box_bat_groundIntoTriplePlay_last10,-2.2204460492503132e-17,4.440892098500627e-17,-0.49999999999999994,False,False
diff_box_box_box_bat_groundIntoTriplePlay_last10,-2.2204460492503132e-17,4.440892098500627e-17,-0.49999999999999994,False,False
diff_box_box_box_bat_groundIntoTriplePlay_last20,-2.2204460492503132e-17,4.440892098500627e-17,-0.49999999999999994,False,False
home_team_pitchmix_team_pitchmix_pt_avg_ev_other_last5,-2.2204460492503132e-17,4.440892098500627e-17,-0.49999999999999994,False,False
diff_box_box_box_pitch_balks_last3,-2.2204460492503132e-17,4.440892098500627e-17,-0.49999999999999994,False,False
diff_box_box_box_bat_groundIntoTriplePlay_last3,-2.2204460492503132e-17,4.440892098500627e-17,-0.49999999999999994,False,False
home_box_box_box_bat_groundIntoTriplePlay_season_to_date,-3.3306690738754695e-17,5.087681048627601e-17,-0.6546536707079772,False,False
home_team_pitchmix_team_pitchmix_pt_whiff_rate_other_last5,-3.3306690738754695e-17,5.087681048627602e-17,-0.6546536707079771,False,False
diff_box_box_box_bat_groundIntoTriplePlay_season_to_date,-3.3306690738754695e-17,5.087681048627602e-17,-0.6546536707079771,False,False
away_box_box_box_bat_pickoffs_last3,-3.3306690738754695e-17,5.087681048627602e-17,-0.6546536707079771,False,False
home_box_box_box_pitch_balks_last10,-3.3306690738754695e-17,5.087681048627601e-17,-0.6546536707079772,False,False
diff_team_pitchmix_team_pitchmix_pt_woba_other_last3,-3.3306690738754695e-17,5.087681048627601e-17,-0.6546536707079772,False,False
away_box_box_box_bat_groundIntoTriplePlay_last3,-3.3306690738754695e-17,5.087681048627601e-17,-0.6546536707079772,False,False
diff_box_box_box_pitch_catchersInterference_last3,-3.3306690738754695e-17,5.087681048627602e-17,-0.6546536707079771,False,False
diff_box_box_box_bat_catchersInterference_last3,-3.3306690738754695e-17,5.087681048627602e-17,-0.6546536707079771,False,False
away_box_box_box_bat_groundIntoTriplePlay_season_to_date,-3.3306690738754695e-17,5.087681048627601e-17,-0.6546536707079772,False,False
home_box_box_box_bat_groundIntoTriplePlay_last20,-3.3306690738754695e-17,5.087681048627601e-17,-0.6546536707079772,False,False
away_team_pitchmix_team_pitchmix_pt_avg_ev_other_last5,-3.3306690738754695e-17,5.087681048627602e-17,-0.6546536707079771,False,False
home_box_box_box_pitch_balks_last5,-4.4408920985006264e-17,5.438959822042074e-17,-0.816496580927726,False,False
away_team_pitchmix_team_pitchmix_pt_whiff_rate_other_last3,-4.4408920985006264e-17,5.438959822042074e-17,-0.816496580927726,False,False
home_box_box_box_pitch_shutouts_last3,-4.4408920985006264e-17,5.438959822042073e-17,-0.8164965809277261,False,False
home_box_box_box_pitch_balks_last3,-4.4408920985006264e-17,5.438959822042073e-17,-0.8164965809277261,False,False
away_box_box_box_bat_groundIntoTriplePlay_last20,-4.4408920985006264e-17,5.438959822042073e-17,-0.8164965809277261,False,False
away_box_box_box_bat_catchersInterference_last3,-4.4408920985006264e-17,5.438959822042074e-17,-0.816496580927726,False,False
diff_box_box_box_bat_groundIntoTriplePlay_last5,-4.4408920985006264e-17,5.438959822042074e-17,-0.816496580927726,False,False
diff_team_pitchmix_team_pitchmix_pt_hard_hit_rate_other_last20,-5.551115123125783e-17,5.551115123125783e-17,-1.0,False,False
diff_team_pitchmix_team_pitchmix_pt_whiff_rate_other_last5,-6.661338147750939e-17,5.438959822042073e-17,-1.2247448713915892,False,False
home_team_sc_team_off_sc_pa_last20,-1.4015357263641448e-08,2.1626110288276276e-05,-0.0006480757323816715,False,False
home_team_pitchmix_team_pitchmix_pt_whiff_rate_other_last20,-8.663435457911817e-08,4.3590956267813594e-06,-0.019874387257497877,False,False
away_box_box_box_pitch_rbi_last10,-1.042367095971386e-07,1.3166179758732775e-05,-0.007917004894908956,False,False
diff_team_team_run_diff_last10,-1.2139660996446366e-07,1.733251011501074e-05,-0.007003983217602664,False,False
home_team_pitchmix_team_pitchmix_pt_avg_ev_other_last20,-1.368468659501687e-07,6.485099554424662e-06,-0.021101737113164383,False,False
diff_box_box_box_bat_leftOnBase_last3,-1.3774929832344185e-07,2.2709216767619387e-05,-0.006065788165792481,False,False
away_box_box_box_pitch_outs_last3,-1.9532021863222227e-07,5.6214058630936715e-06,-0.03474579551612916,False,False
home_team_pitchmix_team_pitchmix_pt_avg_ev_offspeed_last5,-1.9538670713581397e-07,1.9732745463051545e-05,-0.00990164837942417,False,False
away_box_box_box_pitch_baseOnBalls_last20,-2.20093717795411e-07,9.381313182886606e-06,-0.023460864540468175,False,False
away_team_pitchmix_team_pitchmix_pt_pitches_offspeed_last20,-2.2290761599874643e-07,1.2383055251389926e-05,-0.018001019253606764,False,False
away_box_box_box_pitch_strikes_last3,-2.47128393304763e-07,2.181753805584505e-05,-0.01132705223990916,False,False
away_box_box_box_pitch_intentionalWalks_last5,-2.494648346673678e-07,9.276227311795189e-07,-0.26892919533155546,False,False
diff_box_box_box_pitch_wildPitches_last20,-2.813828058001455e-07,1.5956786219348317e-05,-0.017634052492284207,False,False
diff_box_box_box_pitch_flyOuts_last3,-2.9241854579975526e-07,1.1294791043305526e-05,-0.025889681772649796,False,False
diff_starter_starter_statcast_sc_called_strike_rate_last5,-3.0037259277637676e-07,4.102421783090674e-05,-0.007321835946134302,False,False
away_box_box_box_bat_hitByPitch_last10,-3.103197162790394e-07,4.701267034741191e-06,-0.06600767707638262,False,False
away_starter_box_rolling5_bb_per_9,-3.5754695217882213e-07,2.032395689646736e-05,-0.017592388824686483,False,False
diff_box_box_box_bat_triples_season_to_date,-3.856751488284793e-07,1.741652482841934e-05,-0.022144208022438293,False,False
diff_box_box_box_pitch_intentionalWalks_last10,-3.927708908224581e-07,5.721075944301409e-06,-0.06865332581604432,False,False
away_team_sc_team_off_sc_sweetspot_rate_last20,-4.0745496492355927e-07,2.805775910638525e-05,-0.01452200667126095,False,False
away_box_box_box_pitch_balks_last10,-4.171186912649283e-07,2.827213497894015e-06,-0.14753703304530735,False,False
away_box_box_box_bat_homeRuns_last20,-4.340072514041893e-07,1.4449782088577707e-05,-0.03003555685087211,False,False
away_box_box_box_bat_groundOuts_season_to_date,-4.351605555119598e-07,1.8002560001986553e-05,-0.024172148597973873,False,False
away_box_box_box_bat_groundIntoDoublePlay_last5,-4.4008128007311243e-07,8.325116298795803e-06,-0.05286187775380009,False,False
diff_box_box_runs_against_last20,-4.4101661504925006e-07,1.7036400841240907e-05,-0.025886724500028085,False,False
home_box_box_box_pitch_runs_last5,-4.4191595747200554e-07,2.680823314143548e-05,-0.016484337298192514,False,False
away_box_box_box_bat_intentionalWalks_last5,-4.421984026614645e-07,3.548976260385258e-06,-0.12459886181753771,False,False
diff_team_sc_team_off_sc_sweetspot_rate_season_to_date,-4.6142567480256245e-07,1.5620108753140705e-05,-0.02954049053658378,False,False
away_team_sc_team_off_sc_woba_last10,-4.7490468870758915e-07,9.765521826039806e-06,-0.048630753908229844,False,False
home_box_box_box_pitch_balks_last20,-5.117225277184723e-07,7.80996857153904e-06,-0.0655217140800391,False,False
diff_box_box_box_pitch_intentionalWalks_last5,-5.389241478748197e-07,5.134374449474428e-06,-0.1049639353689885,False,False
away_box_box_box_bat_doubles_last3,-5.828197755630705e-07,1.1238845318947452e-05,-0.051857620513781844,False,False
diff_box_box_box_pitch_numberOfPitches_last3,-5.985593452217941e-07,1.3664338509865899e-05,-0.04380448748321212,False,False
away_box_box_box_pitch_caughtStealing_last3,-6.196737486252602e-07,8.413912865288986e-06,-0.07364870049720638,False,False
home_box_box_box_pitch_stolenBases_last5,-6.219142894892116e-07,1.2037126805997502e-05,-0.05166634027476911,False,False
away_box_box_box_bat_intentionalWalks_last3,-6.378797508088674e-07,2.0762704317373785e-06,-0.3072238283888209,False,False
home_box_box_box_pitch_catchersInterference_last20,-6.502119415219277e-07,2.12652610166492e-06,-0.3057625020510482,False,False
away_starter_starter_statcast_sc_xwoba_allowed_last10,-6.706097597120042e-07,1.6664516992138764e-05,-0.040241775985967926,False,False
diff_box_box_box_bat_strikeOuts_last20,-6.821905559561969e-07,1.8409220969785543e-05,-0.03705700295932425,False,False
home_box_box_box_bat_sacBunts_last3,-6.84083972657401e-07,5.900258112981803e-06,-0.1159413638451296,False,False
diff_box_box_box_bat_groundIntoDoublePlay_last10,-7.200838329501913e-07,1.9664917974792e-05,-0.03661768810189038,False,False
away_starter_starter_statcast_sc_bb_rate_last10,-7.543416024269334e-07,2.7313474558951327e-05,-0.02761792904812677,False,False
diff_team_team_win_last20,-7.551226380075882e-07,1.7573285044923323e-05,-0.04296991917431696,False,False
home_starter_box_rolling10_whip,-7.726104239047515e-07,2.1522682301432894e-05,-0.035897497025884836,False,False
home_box_box_box_pitch_doubles_last3,-7.792439101539373e-07,1.1612756126873602e-05,-0.0671024089062418,False,False
diff_box_box_box_bat_caughtStealing_last3,-7.816071588395701e-07,4.946764300352621e-06,-0.1580037194785801,False,False
diff_box_box_box_pitch_shutouts_last20,-8.25014464744811e-07,6.4051237362198275e-06,-0.12880539060931828,False,False
home_starter_box_last_outing_ip,-8.294588471180476e-07,7.540444921628281e-06,-0.11000131368096175,False,False
home_team_team_win_last3,-8.309933476335907e-07,1.070090919914326e-05,-0.07765633108073862,False,False
away_box_box_box_bat_pickoffs_last20,-8.540622381647545e-07,1.0898121893659764e-05,-0.07836783681614215,False,False
diff_box_box_box_pitch_hits_last3,-8.675529517776503e-07,1.1316352280617525e-05,-0.07666365718073144,False,False
home_team_sc_team_off_sc_k_rate_last20,-8.730951720048453e-07,1.6469341040529355e-05,-0.05301336403540663,False,False
away_starter_starter_statcast_sc_pitchmix_entropy_last10,-8.757883497190199e-07,2.6020195284696733e-05,-0.03365802370569054,False,False
diff_box_box_box_pitch_outs_last3,-8.804294181374849e-07,1.1032347937237084e-05,-0.07980435562277759,False,False
away_box_box_box_bat_pickoffs_last5,-9.362832773196494e-07,2.226126629940473e-06,-0.42058850773672557,False,False
home_box_box_box_bat_runs_season_to_date,-9.58432946407406e-07,1.570366819984209e-05,-0.06103242466731714,False,False
diff_starter_starter_statcast_sc_called_strike_rate_season_to_date,-9.664266716780112e-07,2.7833140114873425e-05,-0.0347221573882558,False,False
home_box_box_box_pitch_pickoffs_last5,-1.0022810741361354e-06,1.3371764994095538e-06,-0.7495503208280317,False,False
diff_team_sc_team_off_sc_max_ev_last3,-1.0286544359416893e-06,6.863027774827611e-06,-0.14988347267289437,False,False
home_starter_starter_statcast_sc_pitchmix_entropy_last10,-1.0620854380527512e-06,1.648037227023707e-05,-0.06444547614806236,False,False
home_box_box_box_bat_hits_last3,-1.0829054610805855e-06,1.3641878166361532e-05,-0.07938096557340907,False,False
home_box_box_box_pitch_wildPitches_season_to_date,-1.0895473800953681e-06,1.9853096131221735e-05,-0.054880476722313574,False,False
diff_team_sc_team_off_sc_xwoba_contact_last5,-1.1181946321547897e-06,1.802312366998586e-05,-0.06204222157210926,False,False
home_team_pitchmix_team_pitchmix_pt_avg_ev_other_last10,-1.1640410625401998e-06,4.669353062592129e-06,-0.24929386296910216,False,False
home_box_box_box_pitch_triples_last3,-1.207215039178422e-06,5.9443639150791475e-06,-0.2030856549875864,False,False
diff_box_box_box_pitch_atBats_last10,-1.2085913528525617e-06,1.3148160606501109e-05,-0.0919209453720069,False,False
home_box_box_runs_against_last3,-1.2190287447366722e-06,2.0627746445723707e-05,-0.05909655463063859,False,False
diff_box_box_box_pitch_wildPitches_last5,-1.2716761414011124e-06,9.058395956601571e-06,-0.14038645997521684,False,False
away_box_box_box_pitch_wildPitches_last3,-1.3304827681914766e-06,8.65375115501381e-06,-0.1537463632081241,False,False
away_box_box_box_pitch_caughtStealing_last10,-1.336094915982411e-06,3.0784920048394465e-06,-0.43400954554439153,False,False
home_team_team_win_season_to_date,-1.3581061119261052e-06,8.259782416216379e-06,-0.16442395737443932,False,False
home_box_box_box_pitch_hitByPitch_last10,-1.4010745510995015e-06,6.042913321606487e-06,-0.23185415320950373,False,False
diff_box_box_box_bat_pickoffs_last3,-1.424748849310209e-06,3.4153202329616092e-06,-0.4171640584563082,False,False
away_box_box_box_bat_leftOnBase_last5,-1.426268999138447e-06,2.169196925508717e-05,-0.06575101515063969,False,False
away_box_box_box_pitch_popOuts_last20,-1.4306081672188498e-06,1.5056492233925704e-05,-0.09501603328266353,False,False
diff_box_box_box_bat_airOuts_last3,-1.4363395699712457e-06,1.0088133885437888e-05,-0.1423791145401615,False,False
diff_team_pitchmix_team_pitchmix_pt_pitches_breaking_last5,-1.4743162515817865e-06,1.7309417117985947e-05,-0.08517422866018101,False,False
home_box_box_box_bat_groundIntoDoublePlay_last3,-1.5071953083922729e-06,2.623572964244584e-06,-0.5744819484470659,False,False
away_box_box_box_pitch_flyOuts_last3,-1.509512034203464e-06,5.276777722909681e-06,-0.28606701162525006,False,False
away_box_box_box_pitch_intentionalWalks_last20,-1.5177415717104737e-06,7.317218519365862e-06,-0.20742056120007837,False,False
home_box_box_box_bat_caughtStealing_last3,-1.5810325649456836e-06,3.402104628452428e-06,-0.46472191117322403,False,False
diff_starter_starter_statcast_sc_swing_rate_last20,-1.6110400102853362e-06,1.636696283861169e-05,-0.09843243527654952,False,False
diff_box_box_box_pitch_inningsPitched_season_to_date,-1.6278447389272976e-06,2.148294049683719e-05,-0.07577383269143048,False,False
away_box_box_box_pitch_balls_last5,-1.6326100691799183e-06,1.984332859261226e-05,-0.0822750105437323,False,False
away_box_box_box_pitch_hitByPitch_last10,-1.6643698468543634e-06,5.809035679777435e-06,-0.286513965243562,False,False
diff_box_box_box_pitch_shutouts_last5,-1.6882093666237274e-06,4.443862498670529e-06,-0.37989685034782,False,False
away_team_sc_team_off_sc_bb_rate_last5,-1.7177032103465884e-06,1.674871119414076e-05,-0.10255733652792917,False,False
away_team_pitchmix_team_pitchmix_pt_hard_hit_rate_breaking_last3,-1.7377110528293827e-06,1.180526335982293e-05,-0.14719799125730362,False,False
diff_box_box_box_bat_rbi_last5,-1.7641076330732197e-06,5.550441251031904e-06,-0.3178319620526111,False,False
diff_box_box_box_bat_avg_last3,-1.7806954422439069e-06,1.1387567066215663e-05,-0.15637189505797316,False,False
away_team_pitchmix_team_pitchmix_pt_avg_ev_other_last20,-1.782256840587859e-06,1.0985283936105507e-05,-0.1622403982413315,False,False
home_team_sc_team_off_sc_max_ev_last3,-1.8414190190219059e-06,1.8935310930111588e-05,-0.09724788918536413,False,False
diff_box_box_box_pitch_era_last20,-1.8495717157729352e-06,3.2311183891603486e-05,-0.05724246199018329,False,False
home_team_sc_team_off_sc_woba_last3,-1.8503939395952963e-06,2.3718351227352126e-05,-0.07801528537369042,False,False
away_box_box_box_bat_hits_last5,-1.888534335592329e-06,1.6634447987930976e-05,-0.11353153028958603,False,False
home_box_box_box_bat_catchersInterference_last10,-1.8922598278736657e-06,2.519046426823736e-06,-0.751181005528197,False,False
home_box_box_box_pitch_runs_last10,-1.8934110852741882e-06,2.6930558778478154e-05,-0.07030715927020899,False,False
home_box_box_box_pitch_stolenBases_last10,-1.9074854011980056e-06,2.23483542039411e-05,-0.08535238809046723,False,False
away_starter_box_rolling3_era,-1.9116445067246523e-06,1.0510056890765097e-05,-0.18188717022115863,False,False
home_box_box_box_pitch_sacFlies_last5,-1.916398058232627e-06,3.882631773150509e-06,-0.49358223241386384,False,False
home_box_box_box_pitch_sacBunts_last3,-1.930993642340617e-06,2.6137531478975617e-06,-0.7387819480557529,False,False
home_box_box_box_bat_avg_last3,-1.950479275358852e-06,2.2471721404125173e-05,-0.08679705663317805,False,False
home_box_box_box_pitch_balls_season_to_date,-1.951395939214784e-06,4.3695201864193595e-05,-0.044659272779647506,False,False
diff_box_box_box_pitch_groundOuts_season_to_date,-1.9647657903520964e-06,1.6487428505578615e-05,-0.11916750933520692,False,False
away_box_box_box_pitch_atBats_last3,-1.9711561041524383e-06,9.827074338437027e-06,-0.20058422642053056,False,False
away_starter_box_last_outing_whip,-1.9808873811699714e-06,1.265776532678525e-05,-0.15649582134203355,False,False
diff_starter_starter_statcast_sc_swing_rate_last10,-2.0424831537857456e-06,2.736804450632162e-05,-0.07463021895166684,False,False
diff_box_box_box_pitch_doubles_last20,-2.0433063870006763e-06,7.168722844528549e-06,-0.28503074136283674,False,False
away_box_box_box_pitch_stolenBases_last3,-2.055383462118421e-06,1.484984101119545e-05,-0.13841114262225743,False,False
diff_team_pitchmix_team_pitchmix_pt_whiff_rate_breaking_last3,-2.0747214964811357e-06,2.640639344777707e-05,-0.07856890796481672,False,False
away_box_box_runs_against_last5,-2.1728792788611174e-06,1.4411494649617155e-05,-0.15077404056204818,False,False
home_box_box_box_pitch_catchersInterference_last10,-2.1977374714210463e-06,5.9347287137867034e-06,-0.3703181017045616,False,False
diff_box_box_box_pitch_earnedRuns_last5,-2.226636796731629e-06,2.501648844686246e-05,-0.08900676853433005,False,False
diff_team_ewm_runs_against_hl30,-2.2568067356787403e-06,1.1857047096235808e-05,-0.19033463537436707,False,False
away_box_box_box_pitch_shutouts_last10,-2.2844036120850396e-06,3.698516402607249e-06,-0.6176540437875743,False,False
away_box_box_box_pitch_shutouts_last5,-2.288735891342597e-06,6.272864804714193e-06,-0.36486293943758563,False,False
away_starter_starter_statcast_sc_hard_hit_allowed_last3,-2.32976526141071e-06,1.5950183869340954e-05,-0.14606510373143264,False,False
diff_box_box_box_bat_stolenBases_last20,-2.355666150166691e-06,1.217596032502796e-05,-0.19346861251876504,False,False
diff_box_box_box_pitch_pitchesThrown_last3,-2.357453360413153e-06,1.894184171133897e-05,-0.12445745225512753,False,False
away_team_pitchmix_team_pitchmix_pt_pitches_other_last5,-2.395898752982628e-06,1.5934142333758417e-05,-0.15036258009987932,False,False
home_team_ewm_runs_for_hl15,-2.402686716085345e-06,1.824023710667216e-05,-0.131724533076736,False,False
diff_box_box_box_pitch_sacBunts_last10,-2.443799819107362e-06,7.203617425744122e-06,-0.33924619738601974,False,False
home_box_box_box_pitch_shutouts_last10,-2.483328014624142e-06,6.131855246903713e-06,-0.4049880361866176,False,False
away_team_pitchmix_team_pitchmix_pt_woba_breaking_last5,-2.508237503828781e-06,1.7120506235091304e-05,-0.14650486786937025,False,False
away_team_sc_team_off_sc_hr_rate_season_to_date,-2.5196838893903895e-06,2.7172352387903352e-05,-0.09272969279288855,False,False
diff_box_box_box_bat_pickoffs_season_to_date,-2.5848033011421912e-06,8.594969533346486e-06,-0.30073443438208297,False,False
home_box_box_box_pitch_caughtStealing_season_to_date,-2.592107142529443e-06,2.2599839184354736e-05,-0.11469582245186459,False,False
away_box_box_box_bat_plateAppearances_last20,-2.610511212197686e-06,2.5834157547344027e-05,-0.10104882295517582,False,False
home_box_box_box_pitch_doubles_last10,-2.615110238912699e-06,8.538973609146914e-06,-0.30625580527751056,False,False
away_box_box_box_pitch_pitchesThrown_last20,-2.639966718598341e-06,1.6045804390592363e-05,-0.16452691646584888,False,False
away_box_box_box_pitch_homeRuns_last20,-2.6489847458899263e-06,1.2996953676284982e-05,-0.2038158180653842,False,False
diff_box_box_box_pitch_hitBatsmen_last3,-2.6773995459916654e-06,8.929175380678711e-06,-0.2998484666103797,False,False
away_starter_starter_statcast_sc_avg_velo_last10,-2.693837990264125e-06,2.6241999833385753e-05,-0.1026536852133104,False,False
away_team_sc_team_off_sc_whiff_rate_last20,-2.7063180251363226e-06,1.301955342227525e-05,-0.20786565693613293,False,False
home_box_box_box_pitch_groundOuts_last3,-2.7441092300239943e-06,1.0347573183312531e-05,-0.2651935078313244,False,False
away_box_box_box_bat_sacFlies_last20,-2.7525868077526995e-06,9.432765346142653e-06,-0.2918112246774289,False,False
robust_elo_favorite_is_home,-2.7528008679666984e-06,2.788937849820015e-05,-0.09870427439407986,False,False
home_box_box_box_pitch_triples_last10,-2.7547163545138533e-06,6.344466693499084e-06,-0.4341919482903896,False,False
home_box_box_box_bat_sacFlies_last20,-2.779668959129733e-06,1.0449039789085195e-05,-0.2660214732872685,False,False
away_team_pitchmix_team_pitchmix_pt_woba_other_last10,-2.7911863210605682e-06,3.8641221176891185e-06,-0.7223338797402697,False,False
home_box_box_box_pitch_sacFlies_last3,-2.8095158296603804e-06,2.509199605810707e-06,-1.1196860636970503,False,False
away_team_team_win_last3,-2.8270483860004525e-06,3.827394064328888e-06,-0.7386353060293412,False,False
diff_box_box_box_bat_avg_season_to_date,-2.8786743770270464e-06,1.4160275263327248e-05,-0.2032922611668668,False,False
diff_box_box_box_pitch_sacBunts_last3,-2.918421211028921e-06,2.661213667628469e-06,-1.096650466863738,False,False
away_box_box_box_bat_sacBunts_last20,-2.919668995204905e-06,1.3974753472477457e-05,-0.2089245438894532,False,False
home_box_box_box_bat_runs_last10,-2.9289393259190886e-06,9.458446004360885e-06,-0.3096639051032992,False,False
diff_box_box_box_bat_leftOnBase_last20,-2.9328232682424016e-06,2.716529896975875e-05,-0.10796212003804231,False,False
away_box_box_box_bat_baseOnBalls_last5,-2.976915197305807e-06,9.240867701340414e-06,-0.32214671755056046,False,False
diff_box_box_box_pitch_hitByPitch_season_to_date,-3.0168623400661508e-06,2.2981382110486108e-05,-0.131274190802023,False,False
away_starter_starter_statcast_sc_pitchmix_entropy_last3,-3.0796076966432827e-06,2.435359667320049e-05,-0.12645391717569937,False,False
diff_starter_starter_statcast_sc_avg_velo_last5,-3.116403289271652e-06,2.0953401105372794e-05,-0.14873018817324865,False,False
diff_box_box_box_pitch_flyOuts_season_to_date,-3.1648432353037494e-06,1.8167640319691415e-05,-0.17420221776811937,False,False
home_team_pitchmix_team_pitchmix_pt_hard_hit_rate_offspeed_last5,-3.2029828545443452e-06,2.419328834352867e-05,-0.13239138099228637,False,False
away_team_sc_team_off_sc_avg_la_last5,-3.207257509352246e-06,2.0727561241300965e-05,-0.1547339540824313,False,False
away_box_box_box_pitch_catchersInterference_last3,-3.265752309311587e-06,3.724189260482563e-06,-0.8769028856735455,False,False
home_box_box_box_pitch_caughtStealing_last10,-3.2983604823066946e-06,1.1668783730984384e-05,-0.2826653195695524,False,False
diff_box_box_box_bat_stolenBases_last3,-3.3152478912557017e-06,5.409093808768151e-06,-0.6129026429309986,False,False
diff_box_box_box_pitch_balks_last5,-3.3274579480102595e-06,3.191174424374284e-06,-1.042706385020837,False,False
home_box_box_box_pitch_flyOuts_last10,-3.3358024937202304e-06,1.578613816716149e-05,-0.21131213083256842,False,False
diff_box_box_box_bat_leftOnBase_last5,-3.3572542824766847e-06,2.3517316140944097e-05,-0.14275669308334216,False,False
home_box_box_box_bat_pickoffs_last5,-3.3753061082220093e-06,4.290777268522695e-06,-0.7866421156333102,False,False
away_box_box_box_pitch_sacBunts_last3,-3.3818288158626865e-06,3.520571251672932e-06,-0.9605909308768238,False,False
home_box_box_box_pitch_hits_last20,-3.408974268137577e-06,2.8177677368794882e-05,-0.12098137910801744,False,False
diff_starter_starter_statcast_sc_xwoba_allowed_last10,-3.414150454150722e-06,3.738704179708786e-05,-0.09131908517075175,False,False
away_starter_starter_statcast_sc_avg_spin_last3,-3.4209600055401525e-06,1.4804763597107397e-05,-0.23107157254497132,False,False
home_starter_starter_statcast_sc_bb_rate_last10,-3.486812418040941e-06,3.694315698391535e-05,-0.09438317411690239,False,False
away_box_box_box_bat_intentionalWalks_season_to_date,-3.491142067235664e-06,1.7006312040237683e-05,-0.20528507644546734,False,False
away_box_box_box_pitch_strikeOuts_last5,-3.5015434358909304e-06,2.3626002605971032e-05,-0.1482071890996059,False,False
home_team_pitchmix_team_pitchmix_pt_pitches_other_last3,-3.5553921559405842e-06,6.285695693375865e-06,-0.5656322433310618,False,False
away_starter_starter_statcast_sc_avg_extension_season_to_date,-3.5827225941864604e-06,1.2134617333778414e-05,-0.29524809028904836,False,False
home_box_box_box_bat_intentionalWalks_last20,-3.5911961669521373e-06,1.9961555642564784e-06,-1.7990562615743702,False,False
home_box_box_box_bat_catchersInterference_season_to_date,-3.6011393065638052e-06,9.31420608515922e-06,-0.3866286910165834,False,False
away_starter_box_rolling5_ip,-3.6025550118057303e-06,1.09686992419559e-05,-0.3284395836131373,False,False
away_box_box_box_pitch_triples_last10,-3.6256244221988252e-06,7.992680358853044e-06,-0.4536180929821526,False,False
away_box_box_box_bat_sacBunts_last10,-3.65408762579289e-06,5.338582029012873e-06,-0.6844678242152151,False,False
away_box_box_box_bat_hits_last10,-3.654875201131169e-06,1.7983188985654068e-05,-0.20323843585510967,False,False
home_box_box_box_bat_atBats_last3,-3.700212298118899e-06,1.0743359906518083e-05,-0.3444185366883176,False,False
diff_box_box_box_bat_doubles_last5,-3.75547531195064e-06,1.0850922579646741e-05,-0.3460973280737297,False,False
away_box_box_box_pitch_homeRuns_season_to_date,-3.758472021786474e-06,1.621811184614111e-05,-0.23174535096579407,False,False
home_box_box_box_bat_intentionalWalks_last10,-3.7625487686820947e-06,6.858054098151114e-06,-0.5486321214200472,False,False
away_box_box_box_pitch_homeRuns_last5,-3.8002833273598213e-06,1.0368283727082325e-05,-0.366529642455033,False,False
away_team_pitchmix_team_pitchmix_pt_hard_hit_rate_breaking_last5,-3.844877606073993e-06,2.3480816481494928e-05,-0.16374548172565104,False,False
home_box_box_box_bat_hitByPitch_last5,-3.849260048771619e-06,6.323725864126798e-06,-0.6087012833063625,False,False
away_box_box_box_bat_atBats_season_to_date,-3.863772895595918e-06,1.3152117587679162e-05,-0.2937757262157906,False,False
home_team_sc_team_off_sc_csw_rate_season_to_date,-3.914116756009722e-06,1.3169272115855497e-05,-0.2972158765933021,False,False
away_box_box_box_pitch_caughtStealing_last5,-4.029191078780414e-06,9.103845130463463e-06,-0.4425812413370101,False,False
home_box_box_box_bat_stolenBases_last10,-4.045332199442697e-06,4.917251344380066e-06,-0.8226815991552096,False,False
diff_team_pitchmix_team_pitchmix_pt_pitches_fastball_last20,-4.060361177282701e-06,3.211900143476239e-05,-0.126416170986193,False,False
away_box_box_box_bat_stolenBases_last10,-4.0628953199228764e-06,1.3911205444900222e-05,-0.2920591846634192,False,False
home_box_box_box_bat_leftOnBase_last20,-4.070381222054387e-06,1.9206468473117827e-05,-0.2119276236415592,False,False
away_box_box_box_pitch_inningsPitched_last3,-4.07166424365446e-06,1.217715623676993e-05,-0.3343690566570653,False,False
diff_box_box_box_bat_lineOuts_last20,-4.088042959804472e-06,2.2645977407594138e-05,-0.18051960779725856,False,False
away_box_box_box_pitch_catchersInterference_last5,-4.089373619853287e-06,1.5258038433575505e-06,-2.680143740400187,False,False
home_box_box_box_bat_avg_last20,-4.126948515326134e-06,1.260470304878924e-05,-0.32741338684075966,False,False
diff_box_box_box_bat_atBats_last20,-4.1287406738921286e-06,1.7406073178754915e-05,-0.23720115568234468,False,False
diff_starter_starter_statcast_sc_whiff_rate_last10,-4.153073497681347e-06,3.591414317637436e-05,-0.11563894138544817,False,False
away_box_box_box_bat_baseOnBalls_last10,-4.211907508322454e-06,1.3864477743222554e-05,-0.30379128491741303,False,False
home_box_box_box_bat_sacFlies_last3,-4.221770578083372e-06,6.244682016281667e-06,-0.6760585354187791,False,False
away_team_pitchmix_team_pitchmix_pt_woba_breaking_last20,-4.256013754333487e-06,1.4641515435746804e-05,-0.2906812326231315,False,False
home_box_box_box_bat_leftOnBase_season_to_date,-4.312788347771157e-06,1.9801752961175837e-05,-0.2177983108983833,False,False
away_box_box_box_pitch_popOuts_last3,-4.326353001971039e-06,1.0162325540921457e-05,-0.42572470096040166,False,False
away_box_box_box_pitch_catchersInterference_last10,-4.330923370132745e-06,4.73310231465747e-06,-0.9150284701686551,False,False
away_team_pitchmix_team_pitchmix_pt_pitches_offspeed_last5,-4.340053157536605e-06,1.3477038405572339e-05,-0.32203315201224975,False,False
home_box_box_box_pitch_lineOuts_season_to_date,-4.358797560011229e-06,1.2959602743239069e-05,-0.33633728181098627,False,False
away_box_box_box_bat_triples_last10,-4.392206082326489e-06,7.1081075816199435e-06,-0.6179149698977264,False,False
away_box_box_box_pitch_airOuts_last20,-4.403084512993871e-06,1.8538564885407464e-05,-0.23750945880712354,False,False
away_box_box_box_pitch_balks_last20,-4.410280651523379e-06,6.062515084423662e-06,-0.7274671633980183,False,False
away_team_pitchmix_team_pitchmix_pt_avg_ev_breaking_last3,-4.4574725414303625e-06,1.2483446519156138e-05,-0.35707066430654927,False,False
away_box_box_box_bat_caughtStealing_last3,-4.490155792735706e-06,7.621921876418534e-06,-0.58911070797351,False,False
home_box_box_box_pitch_intentionalWalks_last3,-4.49867282064087e-06,3.5389088877646034e-06,-1.2712033463745132,False,False
away_box_box_box_bat_runs_last10,-4.541543550773408e-06,1.969602886610043e-05,-0.2305816863718162,False,False
diff_box_box_box_pitch_obp_last10,-4.541740837504804e-06,2.4377662058447904e-05,-0.18630748209633569,False,False
diff_team_ewm_run_diff_hl60,-4.551960074228311e-06,1.8574947971737792e-05,-0.2450591022464355,False,False
diff_box_box_box_bat_sacBunts_last5,-4.569865969228371e-06,2.3064218441518473e-06,-1.981366063114474,False,False
away_team_pitchmix_team_pitchmix_pt_hard_hit_rate_other_last5,-4.5933039090839675e-06,7.20832383611435e-06,-0.6372221911106577,False,False
home_box_box_box_bat_doubles_last10,-4.606237557114312e-06,6.338353655057447e-06,-0.7267246051250139,False,False
away_box_box_box_bat_flyOuts_last10,-4.632855610831043e-06,1.6193567068660426e-05,-0.28609234711461784,False,False
diff_box_box_box_bat_groundIntoDoublePlay_last5,-4.664305227519705e-06,9.17468715643598e-06,-0.5083884766847583,False,False
home_team_sc_team_off_sc_pa_season_to_date,-4.707166269457552e-06,1.2727678358713784e-05,-0.3698369912243164,False,False
home_box_box_box_pitch_earnedRuns_season_to_date,-4.7231520995505425e-06,3.588278245273633e-05,-0.1316272534263955,False,False
home_team_sc_team_off_sc_hard_hit_rate_last3,-4.7270033513902025e-06,2.2382210210920482e-05,-0.2111946633886878,False,False
diff_box_box_box_bat_pickoffs_last5,-4.7604042364257635e-06,5.9317628185081115e-06,-0.8025277446314089,False,False
home_box_box_box_pitch_airOuts_season_to_date,-4.774482291425297e-06,1.3644951389852674e-05,-0.34990834008950233,False,False
home_box_box_box_pitch_battersFaced_last5,-4.821409915234387e-06,2.2592727985356e-05,-0.21340538948459414,False,False
home_box_box_box_bat_atBats_last20,-4.889176384947902e-06,1.809643021370112e-05,-0.27017352744223677,False,False
away_box_box_box_pitch_numberOfPitches_last3,-4.914969082303599e-06,1.9547530716973926e-05,-0.251436826137622,False,False
away_box_box_box_bat_rbi_season_to_date,-4.9211888086708734e-06,5.027017204574404e-05,-0.09789480736594197,False,False
home_box_box_box_bat_triples_last3,-4.93707989644987e-06,2.2740808940164785e-06,-2.171022108070222,False,False
diff_team_team_runs_against_last20,-4.9666454317476296e-06,2.1332441238145906e-05,-0.2328212404901157,False,False
home_team_pitchmix_team_pitchmix_pt_pitches_breaking_last10,-4.970039498974898e-06,1.301299233513953e-05,-0.38192902685065694,False,False
home_box_box_box_bat_groundOuts_season_to_date,-5.011706234692159e-06,3.331794981647806e-05,-0.15042060697905005,False,False
away_team_pitchmix_team_pitchmix_pt_woba_fastball_last3,-5.026216429682151e-06,1.5497324735000806e-05,-0.32432800600289474,False,False
diff_starter_box_rolling3_era,-5.030110004444755e-06,2.4791491473397624e-05,-0.20289662724980814,False,False
away_team_pitchmix_team_pitchmix_pt_hard_hit_rate_other_last10,-5.070744838175934e-06,1.4137249353019498e-05,-0.3586797340525723,False,False
home_team_sc_team_off_sc_csw_rate_last5,-5.1287217152751195e-06,2.0112787053519305e-05,-0.2549980617617936,False,False
diff_team_pitchmix_team_pitchmix_pt_hard_hit_rate_offspeed_last3,-5.130685755883046e-06,3.7448978476177196e-05,-0.1370046918408437,False,False
away_team_ewm_runs_for_hl15,-5.137079631012398e-06,5.1807486382913505e-05,-0.0991570907927053,False,False
away_team_team_runs_for_last10,-5.179238499541938e-06,1.608874297670257e-05,-0.3219169146428515,False,False
home_box_box_box_bat_slg_last10,-5.195129611801352e-06,1.8690841318346294e-05,-0.27795054932610175,False,False
home_box_box_box_pitch_sacBunts_last10,-5.2308733201278376e-06,1.6708851031952476e-05,-0.3130600249008621,False,False
away_box_box_box_bat_doubles_last20,-5.29369865506224e-06,1.1532849456356273e-05,-0.4590104704908503,False,False
away_team_pitchmix_team_pitchmix_pt_hard_hit_rate_offspeed_last5,-5.30572512331684e-06,1.569629537007621e-05,-0.33802403676932585,False,False
away_box_box_box_bat_runs_last3,-5.350289532046748e-06,1.7006647698184365e-05,-0.31459989217145634,False,False
away_team_pitchmix_team_pitchmix_pt_whiff_rate_fastball_last5,-5.351313161661153e-06,1.3164763862139467e-05,-0.4064875920069474,False,False
home_box_box_box_pitch_triples_last20,-5.3898842251376425e-06,1.4666758025625691e-05,-0.3674898171579883,False,False
away_team_sc_team_off_sc_avg_ev_last20,-5.392722165953323e-06,2.297945139508161e-05,-0.23467584465952698,False,False
away_box_box_box_bat_runs_last5,-5.410389113846836e-06,1.6482153407118466e-05,-0.32825741759630434,False,False
home_box_box_box_pitch_pitchesThrown_last10,-5.46949325910262e-06,2.6392634603978064e-05,-0.20723559209500908,False,False
diff_team_sc_team_off_sc_hard_hit_rate_last10,-5.482435977699485e-06,1.8920364848717693e-05,-0.28976375569581314,False,False
home_box_box_box_pitch_strikes_last10,-5.499334821090773e-06,1.8408801146076397e-05,-0.29873400106029646,False,False
home_box_box_box_bat_stolenBases_last5,-5.606869284313642e-06,1.1272829764159013e-05,-0.4973790433827182,False,False
home_starter_starter_statcast_sc_swing_rate_last10,-5.697243372870808e-06,1.508806067843404e-05,-0.3775994472910692,False,False
away_team_team_win_last20,-5.709878222781573e-06,8.84485766321296e-06,-0.645559085312337,False,False
home_box_box_box_pitch_sacBunts_last5,-5.750835312279268e-06,2.7492260190462636e-06,-2.09180157340221,False,False
away_box_box_box_bat_triples_last5,-5.76363792583745e-06,7.500353887216106e-06,-0.7684487975509019,False,False
away_box_box_box_pitch_catchersInterference_last20,-5.772524129998846e-06,2.9879042528898403e-06,-1.9319642269044524,False,False
away_box_box_box_bat_lineOuts_season_to_date,-5.840552576408253e-06,1.768041614455171e-05,-0.3303402209912374,False,False
home_box_box_box_pitch_obp_last5,-5.90580923194306e-06,1.750686559283291e-05,-0.337342467195317,False,False
diff_box_box_box_pitch_catchersInterference_last5,-5.954861288737234e-06,4.073525449063746e-06,-1.4618446265275922,False,False
diff_team_pitchmix_team_pitchmix_pt_whiff_rate_offspeed_last3,-5.956546096497206e-06,2.489045850179425e-05,-0.2393104207408563,False,False
diff_box_box_box_bat_totalBases_last20,-5.992853874803306e-06,1.6052292597157655e-05,-0.3733332069877948,False,False
home_team_sc_team_off_sc_sweetspot_rate_season_to_date,-6.038292314536342e-06,1.9862874983449092e-05,-0.3039989084947572,False,False
diff_box_box_box_pitch_homeRuns_season_to_date,-6.039412503733299e-06,2.1807925803227043e-05,-0.27693658526844456,False,False
diff_box_box_box_pitch_inningsPitched_last20,-6.077642397606109e-06,2.2662951259464978e-05,-0.2681752401981554,False,False
away_box_box_box_pitch_outs_last5,-6.096870194260973e-06,1.0559711892297273e-05,-0.5773708843996306,False,False
away_team_pitchmix_team_pitchmix_pt_avg_ev_breaking_last20,-6.105196667749447e-06,3.052454658943505e-05,-0.20000941373073616,False,False
diff_box_box_box_pitch_sacBunts_last5,-6.110605107345624e-06,6.562873222647047e-06,-0.9310868730877286,False,False
diff_team_pitchmix_team_pitchmix_pt_woba_fastball_last10,-6.17630046835238e-06,2.0704597853506824e-05,-0.2983057440696089,False,False
home_team_sc_team_off_sc_sweetspot_rate_last10,-6.2304664988688255e-06,2.25547715316571e-05,-0.27623718068365083,False,False
diff_starter_starter_statcast_sc_pitchmix_entropy_last5,-6.255675353017409e-06,1.9718727572430963e-05,-0.3172453866528162,False,False
home_team_pitchmix_team_pitchmix_pt_whiff_rate_fastball_last5,-6.2970791758099056e-06,1.3608620692939192e-05,-0.462727216658859,False,False
diff_box_box_box_bat_pickoffs_last20,-6.315219722075049e-06,1.5055437696487936e-05,-0.41946437223464017,False,False
diff_box_box_box_bat_stolenBases_last10,-6.349846903341838e-06,1.4119851811360125e-05,-0.44971059102993344,False,False
home_box_box_box_pitch_caughtStealing_last5,-6.425356679307104e-06,8.289170854077127e-06,-0.7751507107790783,False,False
diff_box_box_box_bat_intentionalWalks_last10,-6.458650939344945e-06,8.226735909464394e-06,-0.7850806213330165,False,False
home_team_team_runs_against_last20,-6.4657006872193005e-06,1.298781783722145e-05,-0.4978281007829827,False,False
diff_box_box_box_bat_hitByPitch_last3,-6.5223548951220955e-06,9.714247254732023e-06,-0.6714215444686065,False,False
diff_team_pitchmix_team_pitchmix_pt_avg_ev_breaking_last20,-6.5689999512286155e-06,2.3586845261077224e-05,-0.2785026941296263,False,False
away_box_box_box_pitch_pickoffs_last3,-6.653504696330081e-06,2.521505074228722e-06,-2.638703671205284,False,False
away_box_box_box_bat_sacFlies_last3,-6.6939082754013945e-06,1.2090887364009916e-05,-0.55363250635571,False,False
away_box_box_box_pitch_lineOuts_last5,-6.788461872808682e-06,2.2916242813333776e-05,-0.29622926969768476,False,False
home_box_box_box_bat_flyOuts_last5,-6.7954285280946715e-06,2.1364676370949e-05,-0.3180684045996071,False,False
away_box_box_box_bat_ops_last20,-6.8073715209671095e-06,8.77796956659077e-06,-0.7755063935145299,False,False
home_team_sc_team_off_sc_pa_last5,-6.821133037793192e-06,1.7633131731409234e-05,-0.3868361639721074,False,False
away_team_sc_team_off_sc_swing_rate_last10,-6.823289445656578e-06,2.4485416090702593e-05,-0.27866749008392233,False,False
away_box_box_box_bat_stolenBases_last3,-6.825455193815166e-06,7.1984406857990295e-06,-0.9481852378502357,False,False
diff_box_box_box_pitch_sacFlies_last20,-6.8479263478748996e-06,1.5658933336458787e-05,-0.4373175490779332,False,False
away_team_pitchmix_team_pitchmix_pt_woba_breaking_last10,-6.870023301996931e-06,1.837924019343935e-05,-0.3737925632230027,False,False
away_box_box_box_pitch_hitBatsmen_last20,-6.913887378268147e-06,1.6499811002524508e-05,-0.41902827718513297,False,False
diff_box_box_box_bat_triples_last20,-6.930905761459716e-06,1.3833389866914646e-05,-0.5010272845729868,False,False
home_box_box_box_bat_airOuts_last5,-6.940965567936441e-06,1.1639051994042147e-05,-0.5963514529782508,False,False
diff_box_box_box_pitch_numberOfPitches_last20,-6.96315874461062e-06,3.6328263236627884e-05,-0.19167331780369923,False,False
away_box_box_box_pitch_groundOuts_season_to_date,-6.994613378485948e-06,1.7603129350815758e-05,-0.39735056415760567,False,False
away_box_box_box_pitch_baseOnBalls_last5,-7.003137367134204e-06,9.792557577206864e-06,-0.7151489600055753,False,False
away_box_box_box_pitch_homeRuns_last10,-7.008717390721842e-06,6.4602271458533214e-06,-1.084902625323412,False,False
diff_team_team_win_last5,-7.038047763596733e-06,1.2355726578697853e-05,-0.5696182833740288,False,False
away_box_box_box_bat_lineOuts_last3,-7.053468517048689e-06,1.2508867014743536e-05,-0.5638774885635238,False,False
diff_box_box_runs_against_last10,-7.05564314865681e-06,1.3173080982213234e-05,-0.5356107017169023,False,False
diff_box_box_box_pitch_groundOuts_last3,-7.10205373701811e-06,1.4492848188010974e-05,-0.49003851036631946,False,False
diff_team_ewm_runs_for_hl120,-7.134705739708647e-06,1.4816780283863015e-05,-0.48152875341473944,False,False
away_team_pitchmix_team_pitchmix_pt_woba_other_last20,-7.163439625146317e-06,1.1048406660691239e-05,-0.6483685697986554,False,False
diff_team_pitchmix_team_pitchmix_pt_woba_offspeed_last5,-7.180064671585829e-06,2.5284957805889513e-05,-0.2839658553795731,False,False
away_box_box_box_pitch_strikeOuts_last3,-7.1837599828539215e-06,1.3685359297492354e-05,-0.5249230090853546,False,False
home_team_sc_team_off_sc_bb_rate_last5,-7.194476548633144e-06,1.6568045204755376e-05,-0.43423810472029484,False,False
home_box_box_box_bat_homeRuns_last20,-7.196507551432418e-06,1.0505285383241134e-05,-0.6850368446832352,False,False
diff_team_pitchmix_team_pitchmix_pt_pitches_other_season_to_date,-7.233791504357434e-06,1.3481439803796988e-05,-0.5365741055580776,False,False
home_starter_starter_statcast_sc_avg_extension_last5,-7.258409274257804e-06,2.2056051889575455e-05,-0.3290892363963112,False,False
home_team_sc_team_off_sc_max_ev_season_to_date,-7.274596258588506e-06,1.3088596188220758e-05,-0.5557965234755556,False,False
home_box_box_box_pitch_balls_last5,-7.302232184036583e-06,2.584824818433099e-05,-0.2825039488928747,False,False
diff_team_sc_team_off_sc_pa_last10,-7.391253829769351e-06,1.6880372897971857e-05,-0.4378608147132458,False,False
diff_box_box_box_pitch_balls_last3,-7.392764091251891e-06,1.6637458816336043e-05,-0.44434454641552945,False,False
home_team_team_runs_for_last10,-7.427850262620162e-06,1.5622649624670176e-05,-0.47545393650067075,False,False
home_box_box_box_pitch_hitBatsmen_last10,-7.509165925689842e-06,1.3406651272296855e-05,-0.560107499865129,False,False
diff_box_box_box_bat_homeRuns_last3,-7.525180569101231e-06,1.4556940627921696e-05,-0.5169479467867835,False,False
away_box_box_box_bat_groundIntoDoublePlay_last20,-7.5439817226463646e-06,1.410501089814843e-05,-0.5348440903109594,False,False
home_box_box_box_bat_avg_season_to_date,-7.559288688929744e-06,1.4395359272469524e-05,-0.5251198352087358,False,False
home_box_box_box_pitch_hits_last5,-7.6107200619124345e-06,1.1793183561720234e-05,-0.6453490715277465,False,False
away_team_pitchmix_team_pitchmix_pt_pitches_offspeed_last3,-7.6422119470565e-06,1.2564860047525771e-05,-0.6082210162429447,False,False
away_box_box_box_bat_rbi_last3,-7.716184969952522e-06,1.2316650865523212e-05,-0.6264840218497773,False,False
away_box_box_box_pitch_shutouts_last20,-7.810049117962237e-06,1.2992542627306337e-05,-0.6011178367464356,False,False
diff_box_box_box_bat_sacFlies_last5,-7.810894752879882e-06,1.0327396358540843e-05,-0.7563275855506608,False,False
home_starter_starter_statcast_sc_avg_spin_season_to_date,-7.835489295116016e-06,1.5894784020478758e-05,-0.49295978385241424,False,False
away_box_box_box_pitch_obp_last3,-7.852830326326998e-06,1.1542144078879399e-05,-0.6803614885293835,False,False
diff_box_box_box_bat_airOuts_season_to_date,-7.869245648184364e-06,2.0693622984571838e-05,-0.3802739449757682,False,False
away_starter_box_rolling10_k_per_9,-7.877427533453663e-06,1.8626463499820133e-05,-0.4229158977778971,False,False
away_starter_starter_statcast_sc_avg_extension_last10,-7.87938598603155e-06,1.316210087720489e-05,-0.5986419690550815,False,False
diff_box_box_box_bat_triples_last5,-7.893695597305239e-06,9.862426716135491e-06,-0.8003806592946038,False,False
diff_team_pitchmix_team_pitchmix_pt_whiff_rate_breaking_last20,-7.895245296762887e-06,2.0948491001104416e-05,-0.3768884974266951,False,False
diff_box_box_box_pitch_triples_last5,-7.929629205993827e-06,8.833745981285907e-06,-0.8976519386897212,False,False
away_team_sc_team_off_sc_woba_last3,-7.949650086591652e-06,1.873012234019581e-05,-0.42443129533282825,False,False
away_team_sc_team_off_sc_swing_rate_last20,-7.95787953213889e-06,2.60809234120079e-05,-0.3051226141968197,False,False
diff_box_box_box_pitch_hitByPitch_last5,-7.97763440913979e-06,1.1886347808580869e-05,-0.6711594290872642,False,False
diff_box_box_box_pitch_hitByPitch_last3,-7.991760831471684e-06,6.603882405209162e-06,-1.2101609842670364,False,False
home_starter_starter_statcast_sc_woba_allowed_last5,-8.028149733707578e-06,3.409031585827369e-05,-0.23549649017872484,False,False
away_team_pitchmix_team_pitchmix_pt_hard_hit_rate_fastball_season_to_date,-8.064606219992942e-06,2.1838786951440448e-05,-0.36927903724345895,False,False
away_box_box_box_pitch_pickoffs_last20,-8.139157858066958e-06,1.0817411715639883e-05,-0.7524126909489182,False,False
home_team_pitchmix_team_pitchmix_pt_avg_ev_offspeed_season_to_date,-8.152026480034991e-06,1.6876615987402913e-05,-0.4830367939947112,False,False
home_box_box_box_bat_obp_last5,-8.152419184115356e-06,2.598045402970629e-05,-0.31379048167494705,False,False
home_team_pitchmix_team_pitchmix_pt_woba_breaking_last3,-8.17881299570722e-06,1.2173631054958665e-05,-0.6718466297182348,False,False
away_box_box_box_pitch_doubles_last3,-8.188219712779166e-06,1.3792492239985226e-05,-0.5936722363374654,False,False
diff_box_box_box_pitch_caughtStealing_last5,-8.193268037992585e-06,8.900541065885507e-06,-0.920535951392461,False,False
home_box_box_box_bat_atBats_last10,-8.229731274167484e-06,8.815143917134679e-06,-0.9335901207660056,False,False
diff_box_box_box_bat_totalBases_last10,-8.248218852957568e-06,3.0608056140974345e-05,-0.2694786893675308,False,False
diff_starter_starter_statcast_sc_hr_rate_last20,-8.278461455124564e-06,2.831696299214335e-05,-0.29234990551145806,False,False
away_box_box_box_pitch_wildPitches_last10,-8.297723728256656e-06,1.0349537470233184e-05,-0.801748266733866,False,False
diff_box_box_box_pitch_popOuts_last5,-8.343529739096577e-06,8.627929793409487e-06,-0.9670372776410222,False,False
away_box_box_box_pitch_era_season_to_date,-8.387476847759867e-06,2.1114110730474894e-05,-0.39724509143801473,False,False
away_team_sc_team_off_sc_pa_last20,-8.396832399826248e-06,1.181882149282975e-05,-0.7104627483307403,False,False
home_team_sc_team_off_sc_whiff_rate_last3,-8.41053711325701e-06,1.7517056184806518e-05,-0.480134163213561,False,False
away_team_sc_team_off_sc_hr_rate_last5,-8.476476032981407e-06,1.4990913464558233e-05,-0.5654409288014124,False,False
home_team_team_win_last5,-8.491495798346183e-06,1.0221864128274042e-05,-0.8307189072156028,False,False
home_starter_box_last_outing_hr_per_9,-8.535991212677008e-06,1.1687461289589893e-05,-0.7303546083425386,False,False
away_box_box_box_pitch_intentionalWalks_season_to_date,-8.541294759489837e-06,2.4959430288316435e-05,-0.34220712014761157,False,False
away_box_box_box_pitch_inningsPitched_last10,-8.541395611749714e-06,7.485482045597579e-06,-1.1410615321391557,False,False
home_starter_starter_statcast_sc_called_strike_rate_last3,-8.585372970515425e-06,1.6814296541296007e-05,-0.5105995929969298,False,False
away_team_ewm_runs_for_hl120,-8.58755692897395e-06,1.4361949567075336e-05,-0.5979381064434915,False,False
diff_box_box_box_pitch_hitBatsmen_last20,-8.631806328140978e-06,1.4041667208279792e-05,-0.6147280233967628,False,False
home_box_box_box_pitch_shutouts_last5,-8.636480866419661e-06,7.674707358510207e-06,-1.125317287419823,False,False
diff_box_box_box_pitch_airOuts_last5,-8.639476607219531e-06,2.3556115789733758e-05,-0.36676151044327915,False,False
diff_box_box_box_pitch_intentionalWalks_last3,-8.652504660389137e-06,4.235260704741678e-06,-2.0429686065611117,False,False
diff_team_sc_team_off_sc_pitches_seen_last3,-8.65709466630893e-06,1.4074271277685245e-05,-0.6151007391789266,False,False
home_team_sc_team_off_sc_hr_rate_last10,-8.68380048879569e-06,4.4369865869695925e-05,-0.19571392246931762,False,False
home_team_pitchmix_team_pitchmix_pt_woba_fastball_season_to_date,-8.69150340819802e-06,2.964712812433448e-05,-0.29316510428084264,False,False
away_team_team_runs_for_last5,-8.711439887199024e-06,1.988029808194781e-05,-0.43819463125200303,False,False
home_team_pitchmix_team_pitchmix_pt_whiff_rate_fastball_last20,-8.728198205121273e-06,1.6524058073737035e-05,-0.528211542598829,False,False
away_box_box_box_pitch_hits_season_to_date,-8.806021395868503e-06,1.9386033594789453e-05,-0.4542456481781488,False,False
away_team_pitchmix_team_pitchmix_pt_hard_hit_rate_offspeed_last20,-8.81927869649246e-06,2.459717747384734e-05,-0.3585484027941602,False,False
diff_box_box_box_pitch_balks_last20,-8.901759650781215e-06,2.970892347430984e-06,-2.996325214704876,False,False
home_starter_box_rolling10_k_per_9,-8.909088828934485e-06,1.7181127408121122e-05,-0.518539244678633,False,False
away_team_ewm_runs_against_hl15,-8.998736887888547e-06,1.6964417326711073e-05,-0.5304477433315508,False,False
home_box_box_box_pitch_outs_season_to_date,-9.041676365895146e-06,2.3789680802952054e-05,-0.3800671577221485,False,False
home_team_sc_team_off_sc_max_ev_last10,-9.08084881531268e-06,1.985883660570549e-05,-0.45726992953372364,False,False
diff_box_box_box_bat_flyOuts_last3,-9.118730738599811e-06,1.2705523729088483e-05,-0.7176981392528559,False,False
home_team_sc_team_off_sc_woba_last10,-9.136860602654284e-06,2.3636700920032076e-05,-0.38655397102862205,False,False
home_box_box_box_bat_pickoffs_last20,-9.214898811160665e-06,1.6039573810780924e-05,-0.5745102033176788,False,False
away_box_box_box_pitch_obp_last20,-9.233355041682323e-06,2.7225387293485796e-05,-0.3391450392293072,False,False
home_team_team_win_last20,-9.250035696484193e-06,8.003240102870355e-06,-1.1557863537252464,False,False
home_box_box_box_pitch_popOuts_last5,-9.269432146985501e-06,1.91173888271695e-05,-0.4848691539825694,False,False
home_starter_starter_statcast_sc_woba_allowed_season_to_date,-9.280157315727511e-06,2.2331424206169188e-05,-0.41556495591373044,False,False
diff_team_ewm_scored_5plus_hl15,-9.330447605226943e-06,4.660166974332556e-05,-0.20021702348043613,False,False
away_box_box_box_bat_obp_last10,-9.33827875350124e-06,3.0589624918748606e-05,-0.30527601362570944,False,False
away_box_box_box_pitch_hits_last5,-9.340416134406837e-06,2.113369896165214e-05,-0.44196788036752865,False,False
away_team_pitchmix_team_pitchmix_pt_woba_breaking_season_to_date,-9.388178100289135e-06,1.94900122973956e-05,-0.4816917484215058,False,False
away_box_box_box_bat_avg_season_to_date,-9.421285905464315e-06,1.402749462712563e-05,-0.6716299778326722,False,False
away_box_box_box_pitch_sacBunts_last20,-9.462574297025573e-06,9.854699445326027e-06,-0.9602093244470855,False,False
home_team_sc_team_off_sc_csw_rate_last20,-9.48843026233881e-06,2.7298453647102832e-05,-0.34758123610220726,False,False
away_box_box_box_bat_hitByPitch_last3,-9.516574645096476e-06,5.553963791407626e-06,-1.7134743765919556,False,False
home_team_ewm_runs_against_hl60,-9.519964382198598e-06,1.0476455383100985e-05,-0.9087008949185951,False,False
home_box_box_box_pitch_era_season_to_date,-9.530505386423637e-06,1.504810342470738e-05,-0.6333359837742452,False,False
away_starter_starter_statcast_sc_hard_hit_allowed_season_to_date,-9.662231620277684e-06,2.2604180711248827e-05,-0.4274532991797104,False,False
away_box_box_box_pitch_intentionalWalks_last3,-9.684938998921755e-06,4.475761560593114e-06,-2.163863929703694,False,False
away_team_pitchmix_team_pitchmix_pt_pitches_other_last3,-9.685751062982196e-06,6.884536570024762e-06,-1.4068849754032693,False,False
diff_box_box_box_pitch_baseOnBalls_last3,-9.821553544442362e-06,1.839213298090252e-05,-0.5340084021054315,False,False
home_box_box_box_bat_ops_season_to_date,-9.846703066007656e-06,1.8677366610351585e-05,-0.5271997531252774,False,False
home_team_sc_team_off_sc_bb_rate_season_to_date,-9.848649521648768e-06,9.229017549619123e-06,-1.0671395377350015,False,False
diff_box_box_box_pitch_hitByPitch_last20,-9.922302165787933e-06,2.1724941314287867e-05,-0.4567240031742834,False,False
diff_box_box_box_pitch_baseOnBalls_last20,-9.931782423311386e-06,1.2216060416422863e-05,-0.8130102573788379,False,False
home_team_pitchmix_team_pitchmix_pt_woba_other_last10,-9.967396686594298e-06,1.592294478497188e-05,-0.6259769672756483,False,False
home_team_pitchmix_team_pitchmix_pt_pitches_other_last10,-1.0061002498307214e-05,1.4640696532110781e-05,-0.6871942517380146,False,False
away_box_box_box_bat_doubles_last5,-1.0109365739852105e-05,1.0943225209579918e-05,-0.9238013059442626,False,False
diff_box_box_runs_for_last10,-1.0112934060302336e-05,1.3291504227854972e-05,-0.7608570021073074,False,False
diff_team_pitchmix_team_pitchmix_pt_avg_ev_offspeed_last3,-1.0116489373279692e-05,2.1903376797658328e-05,-0.4618689376864136,False,False
diff_starter_box_rolling3_k_per_9,-1.0142700710880082e-05,1.6977077612720243e-05,-0.5974350204584423,False,False
home_box_box_box_pitch_hitByPitch_last5,-1.0226142669056416e-05,8.102792443887004e-06,-1.2620516618034974,False,False
home_team_pitchmix_team_pitchmix_pt_whiff_rate_breaking_season_to_date,-1.0272515091280798e-05,1.7633594877637756e-05,-0.5825536518539396,False,False
home_team_sc_team_off_sc_k_rate_last3,-1.0289910380500978e-05,1.8315592963240222e-05,-0.5618114794947149,False,False
diff_box_box_box_pitch_groundOuts_last10,-1.0295801469373255e-05,2.766975992418548e-05,-0.3720958005267671,False,False
diff_starter_starter_statcast_sc_max_velo_last10,-1.0306963416673032e-05,3.234837283244879e-05,-0.3186238600024442,False,False
home_box_box_box_pitch_battersFaced_last20,-1.0321679817992813e-05,2.091021035497143e-05,-0.49361912877833963,False,False
diff_team_sc_team_off_sc_xwoba_contact_last20,-1.032581011581879e-05,2.8754813208498383e-05,-0.35909849390943127,False,False
diff_team_pitchmix_team_pitchmix_pt_avg_ev_offspeed_last5,-1.0348866079068486e-05,2.7260171976102592e-05,-0.37963319116771294,False,False
home_box_box_box_bat_plateAppearances_season_to_date,-1.0349529882969222e-05,2.5051670148730306e-05,-0.4131273412720456,False,False
home_starter_starter_statcast_sc_pitchmix_entropy_last5,-1.0352455185447252e-05,2.271337704567851e-05,-0.45578670070186367,False,False
away_box_box_box_pitch_airOuts_last3,-1.0431731348614636e-05,1.9051189366047875e-05,-0.5475632596044409,False,False
diff_box_box_box_bat_groundOuts_last3,-1.0467426389348944e-05,1.0090035229086738e-05,-1.037402362994164,False,False
diff_team_sc_team_off_sc_pa_last3,-1.0469717127792322e-05,1.7308020663161704e-05,-0.6049055135504899,False,False
away_box_box_box_pitch_lineOuts_last20,-1.050885601295848e-05,1.3051143268349112e-05,-0.8052057813543398,False,False
diff_box_box_box_pitch_sacFlies_last10,-1.0526691859147342e-05,1.4470795579126384e-05,-0.7274438921887423,False,False
home_box_box_box_pitch_sacFlies_season_to_date,-1.0528169996115722e-05,1.3036668570556871e-05,-0.807581318734561,False,False
home_starter_starter_statcast_sc_xwoba_allowed_last20,-1.0554147373464939e-05,1.5960135333805834e-05,-0.6612818220350397,False,False
away_team_pitchmix_team_pitchmix_pt_avg_ev_offspeed_season_to_date,-1.0628418907365766e-05,1.4213873679032106e-05,-0.747749638653712,False,False
home_box_box_box_pitch_lineOuts_last3,-1.0638786178074344e-05,1.248945631434306e-05,-0.8518214012131672,False,False
away_starter_starter_statcast_sc_pitches_last10,-1.0649937069950877e-05,2.1416408795594797e-05,-0.49727931380080365,False,False
diff_team_sc_team_off_sc_woba_last3,-1.066417961634869e-05,2.285333898789775e-05,-0.4666355153614984,False,False
diff_box_box_box_bat_caughtStealing_last20,-1.0712049945238444e-05,1.4556479006969141e-05,-0.7358956750536915,False,False
home_starter_box_rolling5_avg_pitches,-1.0720843439959716e-05,3.670217702344208e-05,-0.2921037472276426,False,False
diff_box_box_box_bat_homeRuns_season_to_date,-1.087505808065048e-05,1.3723792063367663e-05,-0.7924236996914877,False,False
home_team_pitchmix_team_pitchmix_pt_woba_fastball_last20,-1.088291617059589e-05,2.2510036161268397e-05,-0.483469510782992,False,False
diff_team_pitchmix_team_pitchmix_pt_woba_breaking_last3,-1.0903487006641566e-05,1.9900954732500424e-05,-0.5478876341965134,False,False
away_team_pitchmix_team_pitchmix_pt_pitches_other_season_to_date,-1.0918883943245028e-05,1.613974089673327e-05,-0.6765216376834798,False,False
away_box_box_box_bat_hits_season_to_date,-1.1004755559396173e-05,2.053628592981957e-05,-0.5358688322223248,False,False
home_team_pitchmix_team_pitchmix_pt_pitches_other_last20,-1.1038257356743575e-05,1.2229708258010702e-05,-0.9025773243211502,False,False
home_box_box_box_pitch_rbi_last10,-1.11151712975599e-05,2.647048614456788e-05,-0.41990809072620267,False,False
diff_starter_starter_statcast_sc_whiff_rate_last5,-1.1170576231045449e-05,2.7513991584874078e-05,-0.4059962072964548,False,False
home_starter_box_rolling10_avg_pitches,-1.1370718644654332e-05,2.8390962321527895e-05,-0.4005048689748817,False,False
diff_team_pitchmix_team_pitchmix_pt_avg_ev_fastball_last10,-1.1399392420485821e-05,1.5161752337051116e-05,-0.7518519078186542,False,False
home_box_box_box_pitch_flyOuts_last5,-1.1422463672805527e-05,1.5790836112903942e-05,-0.7233602825800547,False,False
home_box_box_box_pitch_hitBatsmen_last5,-1.1434642834651232e-05,9.568561345629121e-06,-1.1950221586732606,False,False
home_box_box_runs_for_last5,-1.1450355262809797e-05,1.1443994943980777e-05,-1.0005557778433278,False,False
diff_team_ewm_runs_against_hl60,-1.1461482072616657e-05,1.6494250034534088e-05,-0.6948774299298058,False,False
away_box_box_box_bat_popOuts_season_to_date,-1.1474293450519646e-05,9.315775813277286e-06,-1.231705622860303,False,False
home_box_box_box_bat_doubles_last5,-1.150482802362296e-05,1.694575923394591e-05,-0.6789207768617636,False,False
home_box_box_box_pitch_era_last3,-1.1508648286329137e-05,2.201942734811488e-05,-0.5226588368709058,False,False
diff_box_box_box_pitch_triples_season_to_date,-1.1536494566755096e-05,2.6074138429587256e-05,-0.4424496938953206,False,False
home_starter_starter_statcast_sc_k_rate_season_to_date,-1.156343552605188e-05,3.533355051773255e-05,-0.32726503158092296,False,False
diff_box_box_box_pitch_runs_last10,-1.1571145719635467e-05,1.8449727608067315e-05,-0.6271716290584082,False,False
diff_box_box_box_pitch_caughtStealing_last20,-1.160211236657105e-05,8.551463808676688e-06,-1.3567399250171697,False,False
home_box_box_box_pitch_runs_last3,-1.1605080824117486e-05,1.104441729426906e-05,-1.0507644282998392,False,False
away_box_box_box_bat_catchersInterference_last10,-1.1675618881312743e-05,5.4163806689121114e-06,-2.1556126858524163,False,False
home_box_box_runs_against_last10,-1.1712323945523017e-05,2.737323475563733e-05,-0.42787504107861946,False,False
home_box_box_box_bat_caughtStealing_last10,-1.1773286424365814e-05,8.486848960999343e-06,-1.387238830155814,False,False
away_team_sc_team_off_sc_avg_ev_last5,-1.1849152377274574e-05,2.3595755258564636e-05,-0.5021730496621271,False,False
diff_team_pitchmix_team_pitchmix_pt_whiff_rate_fastball_last3,-1.1863118120802874e-05,1.7275803460799913e-05,-0.6866898056418143,False,False
home_elo_pre,-1.1913692089460248e-05,3.4034952358443334e-05,-0.3500428607623633,False,False
diff_team_pitchmix_team_pitchmix_pt_woba_fastball_season_to_date,-1.1997010027386957e-05,2.4691277420686156e-05,-0.4858804922476776,False,False
away_starter_starter_statcast_sc_called_strike_rate_last5,-1.2126137613877042e-05,1.9436750504026264e-05,-0.6238767952166259,False,False
diff_team_pitchmix_team_pitchmix_pt_whiff_rate_other_last20,-1.2137929493971633e-05,8.564589785128087e-06,-1.417222517189141,False,False
home_team_pitchmix_team_pitchmix_pt_woba_other_season_to_date,-1.2155909475508597e-05,2.5327857103694804e-05,-0.4799422795912452,False,False
away_box_box_box_pitch_outs_season_to_date,-1.2173085843170117e-05,9.075525387523962e-06,-1.3413092160928053,False,False
diff_box_box_box_bat_strikeOuts_season_to_date,-1.2199501552578874e-05,1.451110029408408e-05,-0.8407013462343993,False,False
home_box_box_box_bat_hits_season_to_date,-1.2217075664511245e-05,1.7850844416541387e-05,-0.6843976329316029,False,False
away_box_box_box_bat_caughtStealing_last20,-1.2262414566777124e-05,7.461103126537115e-06,-1.6435122740983235,False,False
diff_team_ewm_runs_for_hl30,-1.2286599331301495e-05,4.879165445289939e-05,-0.25181764113291666,False,False
home_team_sc_team_off_sc_xwoba_contact_last3,-1.2294879714846995e-05,1.9360066771681287e-05,-0.6350639106695225,False,False
diff_starter_starter_statcast_sc_bb_rate_last20,-1.2301392232938469e-05,2.6429587484076317e-05,-0.46544019048159535,False,False
diff_team_sc_team_off_sc_avg_la_last5,-1.2318627072638311e-05,7.119332514218707e-05,-0.17303064645506572,False,False
diff_team_sc_team_off_sc_xwoba_contact_last10,-1.2405708971441332e-05,3.129497094671256e-05,-0.39641222203289866,False,False
away_team_pitchmix_team_pitchmix_pt_woba_offspeed_last5,-1.2422515789634047e-05,2.2163717462130496e-05,-0.5604888174043673,False,False
diff_starter_starter_statcast_sc_hard_hit_allowed_last5,-1.2443092009828405e-05,5.165418848834758e-05,-0.24089221753305412,False,False
away_box_box_box_bat_totalBases_last3,-1.2492171969247234e-05,1.6076867209792167e-05,-0.7770277508816176,False,False
home_team_team_runs_for_last20,-1.2538340921597335e-05,1.1163027771727073e-05,-1.123202519781735,False,False
away_starter_starter_statcast_sc_avg_spin_last5,-1.2592361234620152e-05,1.5263419973012038e-05,-0.8250026047167208,False,False
away_starter_box_last_outing_era,-1.259494783683035e-05,1.7328142507181427e-05,-0.7268492760612129,False,False
diff_box_box_box_bat_leftOnBase_season_to_date,-1.2627547938504068e-05,2.2560005885025056e-05,-0.5597315888506047,False,False
diff_box_box_box_pitch_hitBatsmen_last10,-1.2634823027890541e-05,1.097806538983321e-05,-1.1509152641404061,False,False
away_box_box_runs_for_last5,-1.2660311587764373e-05,1.2049700846791308e-05,-1.0506743485781775,False,False
home_box_box_box_pitch_strikes_last3,-1.269367663520038e-05,3.48428536946967e-05,-0.36431219860537534,False,False
away_team_pitchmix_team_pitchmix_pt_pitches_fastball_last10,-1.2697487254653694e-05,1.4617254719942646e-05,-0.8686642942145785,False,False
home_box_box_box_bat_homeRuns_last3,-1.2713779153450399e-05,1.3779156825792002e-05,-0.9226819401353052,False,False
diff_box_box_box_bat_catchersInterference_last10,-1.2791502081399565e-05,1.5565775196369445e-05,-0.8217709635420567,False,False
home_team_sc_team_off_sc_hr_rate_season_to_date,-1.2797549324272684e-05,9.649856056291906e-06,-1.3261906964848886,False,False
away_starter_starter_statcast_sc_bb_rate_season_to_date,-1.2858057990994264e-05,1.323828117873959e-05,-0.9712785079413515,False,False
diff_team_sc_team_off_sc_woba_last5,-1.2957311374162117e-05,2.2949533242245993e-05,-0.5646002137555469,False,False
home_box_box_box_pitch_baseOnBalls_last10,-1.3020249659556616e-05,1.7530888915498467e-05,-0.7427033348004306,False,False
diff_team_team_runs_for_last20,-1.3029082886040211e-05,2.6331949115415054e-05,-0.49480130881814677,False,False
diff_box_box_box_pitch_doubles_last10,-1.3070207698229197e-05,1.5936753406747584e-05,-0.820129882457446,False,False
diff_box_box_box_pitch_inningsPitched_last10,-1.3127692677106228e-05,9.1071094324694e-06,-1.4414774275471338,False,False
away_box_box_box_pitch_sacFlies_last10,-1.3145846601547716e-05,1.4921500352826954e-05,-0.881000321060688,False,False
home_box_box_box_pitch_homeRuns_last20,-1.3219195600477906e-05,1.472535437810217e-05,-0.8977166362893073,False,False
home_box_box_box_bat_triples_last20,-1.3230313493539647e-05,6.595404590678658e-06,-2.0059896722997346,False,False
diff_box_box_box_pitch_obp_last20,-1.3316399517226962e-05,4.079256373119275e-05,-0.32644183888457945,False,False
away_box_box_box_pitch_homeRuns_last3,-1.3316792224238316e-05,7.609595699632678e-06,-1.7499999671311222,False,False
away_starter_starter_statcast_sc_bb_rate_last3,-1.3371725268851442e-05,1.4353364415052523e-05,-0.9316091253719145,False,False
away_team_sc_team_off_sc_avg_la_season_to_date,-1.3399465590924198e-05,1.541894790100871e-05,-0.8690259333483838,False,False
diff_box_box_box_bat_baseOnBalls_last3,-1.346049255358528e-05,1.2559322702935262e-05,-1.0717530612092165,False,False
diff_box_box_box_bat_rbi_last3,-1.3470022900485824e-05,1.4064392159286135e-05,-0.9577394279063902,False,False
away_team_sc_team_off_sc_k_rate_last20,-1.3484440929756315e-05,1.2818600552703609e-05,-1.0519432971107185,False,False
diff_team_pitchmix_team_pitchmix_pt_pitches_other_last5,-1.3502472255910725e-05,1.0046067964205556e-05,-1.3440554358203072,False,False
diff_box_box_box_pitch_runs_last3,-1.3509735366312725e-05,1.5290926476682395e-05,-0.8835131989493336,False,False
diff_box_box_box_pitch_strikes_last20,-1.3561687328655924e-05,1.4580492805505177e-05,-0.9301254429161283,False,False
home_box_box_box_bat_baseOnBalls_last3,-1.3672679668541577e-05,1.1336433121178772e-05,-1.206083035324243,False,False
home_team_sc_team_off_sc_pa_last10,-1.3782895735980905e-05,2.180088542699059e-05,-0.6322172455856764,False,False
diff_box_box_runs_against_last5,-1.3898777903509352e-05,2.2431877484924734e-05,-0.6195994032532488,False,False
home_starter_starter_statcast_sc_woba_allowed_last3,-1.3942140277756199e-05,2.1145929767154762e-05,-0.6593297353806613,False,False
home_starter_starter_statcast_sc_bb_rate_last20,-1.3966910932261545e-05,1.980494439218248e-05,-0.7052234359100066,False,False
home_team_pitchmix_team_pitchmix_pt_avg_ev_offspeed_last10,-1.3971737454732125e-05,1.8813381423187594e-05,-0.7426489231495558,False,False
diff_box_box_box_bat_totalBases_last5,-1.4010262441421784e-05,1.7407383614467775e-05,-0.8048459637425037,False,False
home_box_box_box_pitch_wildPitches_last10,-1.404065607394367e-05,6.89125730901673e-06,-2.0374592682198136,False,False
home_team_pitchmix_team_pitchmix_pt_hard_hit_rate_fastball_last10,-1.409596806725144e-05,1.2901640768860837e-05,-1.0925717371757249,False,False
diff_box_box_box_bat_plateAppearances_season_to_date,-1.411918377695054e-05,1.6097059160067668e-05,-0.8771281534440969,False,False
away_team_pitchmix_team_pitchmix_pt_pitches_offspeed_season_to_date,-1.4139286998271493e-05,2.600750808711759e-05,-0.543661736099783,False,False
away_team_sc_team_off_sc_max_ev_season_to_date,-1.4193460710498762e-05,1.6424746948244356e-05,-0.8641509519278106,False,False
home_team_team_run_diff_last5,-1.4196265329280422e-05,1.5296706390485345e-05,-0.928060261267131,False,False
home_box_box_box_bat_slg_season_to_date,-1.4226001199135752e-05,3.2793530684797934e-05,-0.4338051104003414,False,False
away_team_sc_team_off_sc_xwoba_contact_season_to_date,-1.4235361655623446e-05,2.3125903905595118e-05,-0.6155591458710213,False,False
diff_box_box_box_pitch_popOuts_season_to_date,-1.436481571224224e-05,1.7979254657128875e-05,-0.7989661410433669,False,False
away_box_box_box_pitch_stolenBases_last5,-1.4384727707716927e-05,1.7172966903560785e-05,-0.837637886830975,False,False
diff_team_sc_team_off_sc_swing_rate_season_to_date,-1.4395850999826543e-05,2.5884744220829695e-05,-0.5561519510106678,False,False
home_box_box_box_pitch_battersFaced_last3,-1.4405860896538058e-05,2.0101607105471553e-05,-0.716652197058257,False,False
away_starter_starter_statcast_sc_max_velo_season_to_date,-1.4434086291059689e-05,3.204537148563081e-05,-0.4504265552837155,False,False
away_box_box_box_bat_homeRuns_last10,-1.44688677360727e-05,2.4985225014895533e-05,-0.5790969553985101,False,False
away_team_pitchmix_team_pitchmix_pt_pitches_fastball_season_to_date,-1.4536135072840128e-05,2.9285683379438627e-05,-0.49635635557836755,False,False
away_box_box_box_bat_leftOnBase_last3,-1.4603332252383083e-05,1.4980119256741513e-05,-0.9748475297225111,False,False
diff_box_box_box_bat_hits_last5,-1.4612552226123121e-05,1.3129594284433148e-05,-1.1129477354413162,False,False
diff_box_box_box_bat_intentionalWalks_last3,-1.463524306749564e-05,8.093175727082473e-06,-1.808343666444956,False,False
home_box_box_box_bat_runs_last5,-1.4658318477767107e-05,5.764649719948988e-06,-2.542794304923842,False,False
away_box_box_box_bat_totalBases_last20,-1.4680980777259656e-05,2.004103676544593e-05,-0.7325459729993661,False,False
diff_box_box_box_pitch_earnedRuns_last20,-1.472738290443365e-05,2.2904818965988866e-05,-0.6429818513869152,False,False
away_box_box_box_pitch_pitchesThrown_last3,-1.4863299567080546e-05,1.0309903581315384e-05,-1.4416526255412585,False,False
away_starter_starter_statcast_sc_max_velo_last20,-1.4872066727722454e-05,1.879818694606468e-05,-0.7911436762701127,False,False
diff_box_box_box_bat_sacBunts_last10,-1.4907894666460475e-05,1.7073480722871036e-05,-0.8731608339528788,False,False
away_box_box_box_bat_hitByPitch_last20,-1.5056701584559296e-05,1.9347378134402025e-05,-0.7782295606135191,False,False
home_starter_box_rolling10_era,-1.5084010180088648e-05,2.2688558305332037e-05,-0.6648289405212563,False,False
away_starter_starter_statcast_sc_k_rate_last3,-1.5099636122173354e-05,1.873995118598736e-05,-0.805745755275178,False,False
away_team_sc_team_off_sc_csw_rate_last5,-1.5265011786447236e-05,2.2374011361309472e-05,-0.6822653095119295,False,False
home_box_box_box_pitch_strikes_last5,-1.5401075250232044e-05,2.476501536281363e-05,-0.6218883786100055,False,False
away_box_box_box_pitch_battersFaced_last5,-1.5448026628428478e-05,1.129566664115524e-05,-1.3676064564568775,False,False
diff_box_box_box_bat_lineOuts_season_to_date,-1.5467764769683257e-05,1.4014448130280759e-05,-1.1037013106682627,False,False
diff_starter_box_rolling3_bb_per_9,-1.5490586099875524e-05,1.571695226405206e-05,-0.9855973244447473,False,False
away_starter_box_rolling10_bb_per_9,-1.5569726440223252e-05,3.6799121910084476e-05,-0.4231004880569312,False,False
diff_box_box_box_bat_groundOuts_last10,-1.563190108792023e-05,1.4300870064596191e-05,-1.0930734296103557,False,False
away_box_box_box_bat_strikeOuts_last20,-1.5645952195897373e-05,9.892988088659413e-06,-1.5815193605491884,False,False
away_box_box_box_pitch_popOuts_last5,-1.5661383480958246e-05,1.2029953795522126e-05,-1.3018656386517324,False,False
away_box_box_box_bat_slg_season_to_date,-1.5700545254559994e-05,1.3390312094048808e-05,-1.1725301952848393,False,False
home_box_box_box_bat_hits_last10,-1.5703700454605673e-05,1.876243071146562e-05,-0.8369757999963846,False,False
away_starter_starter_statcast_sc_k_rate_season_to_date,-1.570995301088951e-05,5.1772804278110106e-05,-0.3034402565196142,False,False
home_box_box_box_bat_flyOuts_last20,-1.572175711656021e-05,1.6432204576490078e-05,-0.9567649333585877,False,False
away_box_box_box_pitch_hits_last10,-1.5726892109291236e-05,1.230223639021141e-05,-1.278376679690917,False,False
away_box_box_box_bat_plateAppearances_last5,-1.573972883789354e-05,1.6341087384425503e-05,-0.963199600345745,False,False
home_team_pitchmix_team_pitchmix_pt_pitches_offspeed_last20,-1.587312303750199e-05,3.164006827711709e-05,-0.501677900897004,False,False
home_box_box_box_pitch_popOuts_last10,-1.594077613468192e-05,1.0228832883265888e-05,-1.5584159323553548,False,False
home_team_pitchmix_team_pitchmix_pt_woba_breaking_last5,-1.5954382046579062e-05,1.6501201122381184e-05,-0.9668618622519272,False,False
home_team_pitchmix_team_pitchmix_pt_avg_ev_fastball_last10,-1.6019908922060287e-05,2.0130879589620475e-05,-0.7957878268925809,False,False
diff_box_box_box_pitch_groundOuts_last5,-1.603413669528653e-05,1.7423765215684243e-05,-0.9202452223617648,False,False
diff_team_sc_team_off_sc_pitches_seen_last5,-1.60671693580694e-05,3.0271144239740332e-05,-0.5307750916457337,False,False
diff_box_box_box_pitch_whip_last20,-1.6113913764959077e-05,4.0105929640765975e-05,-0.40178382372116783,False,False
away_team_sc_team_off_sc_max_ev_last20,-1.617389030733607e-05,1.5148013970438123e-05,-1.0677234876400286,False,False
home_team_pitchmix_team_pitchmix_pt_hard_hit_rate_other_last20,-1.6187221085173233e-05,6.789565130556375e-06,-2.3841322343787223,False,False
home_starter_starter_statcast_sc_swing_rate_last3,-1.6272509580483874e-05,1.972892485467528e-05,-0.824804681468878,False,False
diff_box_box_box_pitch_sacBunts_season_to_date,-1.6478009177967045e-05,1.438897049475827e-05,-1.1451833321897342,False,False
away_box_box_box_bat_intentionalWalks_last20,-1.6484038633934885e-05,1.5352996819590367e-05,-1.0736691232099593,False,False
away_box_box_box_pitch_sacFlies_last3,-1.6519685297045062e-05,6.910238649409484e-06,-2.3906099536022185,False,False
home_box_box_box_pitch_battersFaced_last10,-1.6534030218884332e-05,1.1264810541906043e-05,-1.4677592807598803,False,False
diff_box_box_box_pitch_era_last5,-1.6591275583077714e-05,3.239084243834112e-05,-0.5122211814854986,False,False
home_box_box_box_bat_rbi_last3,-1.662264584140205e-05,9.435695606430838e-06,-1.7616767787711372,False,False
home_starter_box_rolling3_hr_per_9,-1.6626193637070408e-05,2.0820958846947347e-05,-0.7985316026647854,False,False
home_box_box_box_bat_slg_last3,-1.662628797586274e-05,4.128473289275876e-05,-0.4027224305665533,False,False
away_box_box_box_bat_doubles_season_to_date,-1.6714525565852956e-05,1.7684054130896375e-05,-0.9451749831872814,False,False
home_box_box_box_pitch_popOuts_last3,-1.6721227524063576e-05,6.281422943598167e-06,-2.6620126799621633,False,False
diff_team_pitchmix_team_pitchmix_pt_whiff_rate_fastball_last5,-1.675145776602882e-05,1.856213962980392e-05,-0.9024529553226819,False,False
home_starter_starter_statcast_sc_called_strike_rate_last20,-1.6791936910176553e-05,2.1687593555676998e-05,-0.7742646443031045,False,False
home_box_box_box_bat_homeRuns_last5,-1.6832020210233444e-05,1.0582630347232928e-05,-1.590532755841232,False,False
diff_box_box_box_pitch_rbi_last10,-1.6878226077610137e-05,1.6547607228455167e-05,-1.0199798583922417,False,False
away_box_box_box_pitch_strikes_last5,-1.6879878013742466e-05,3.1770512891840214e-05,-0.5313064372365802,False,False
diff_box_box_box_pitch_airOuts_last20,-1.693086883819417e-05,5.4184962164474344e-05,-0.31246434733684597,False,False
diff_starter_starter_statcast_sc_hard_hit_allowed_season_to_date,-1.6998792505473757e-05,3.7310805180803196e-05,-0.45559972300516893,False,False
home_team_sc_team_off_sc_max_ev_last5,-1.7057043072798982e-05,2.312571264767404e-05,-0.7375791324863047,False,False
diff_box_box_runs_for_last20,-1.714828084289355e-05,3.269836692683761e-05,-0.5244384492125469,False,False
diff_box_box_box_bat_strikeOuts_last5,-1.7180367372027217e-05,1.78518351203229e-05,-0.9623866261496404,False,False
diff_box_box_box_pitch_earnedRuns_last3,-1.7258203371939284e-05,1.2370473474276191e-05,-1.3951125967673665,False,False
home_team_sc_team_off_sc_swing_rate_last3,-1.7333883022330188e-05,1.617669260310393e-05,-1.0715344259557864,False,False
diff_team_team_runs_for_last3,-1.7367649106247995e-05,1.402615886818915e-05,-1.2382327385181149,False,False
home_box_box_box_bat_slg_last20,-1.737018062969442e-05,3.3206488288450574e-05,-0.5230959828936768,False,False
away_starter_box_rolling10_whip,-1.7394245381174845e-05,1.4679953644190145e-05,-1.184897841149446,False,False
diff_team_pitchmix_team_pitchmix_pt_hard_hit_rate_fastball_season_to_date,-1.748551831083356e-05,1.9929152951250574e-05,-0.8773839186043442,False,False
home_box_box_box_pitch_inningsPitched_last10,-1.7548017794188908e-05,1.2936589520662686e-05,-1.3564639865986872,False,False
away_box_box_box_bat_avg_last3,-1.757189646758306e-05,2.8503115611821306e-05,-0.6164903762413727,False,False
away_starter_box_rolling3_avg_pitches,-1.761479622888196e-05,2.760309829856277e-05,-0.6381456182329764,False,False
home_starter_starter_statcast_sc_hard_hit_allowed_last5,-1.76753959226561e-05,2.9541357279779276e-05,-0.5983271437143718,False,False
home_box_box_box_pitch_atBats_season_to_date,-1.7755144045272785e-05,3.673631236292933e-05,-0.48331318260429235,False,False
diff_box_box_box_bat_slg_last10,-1.7802869076588567e-05,5.578171903857323e-05,-0.3191523922788724,False,False
home_box_box_box_bat_groundOuts_last3,-1.8119906454172607e-05,1.571222204629246e-05,-1.1532364041690892,False,False
diff_box_box_box_pitch_atBats_last20,-1.816447940466981e-05,2.3953911584835123e-05,-0.7583095287105209,False,False
home_team_sc_team_off_sc_k_rate_season_to_date,-1.8193288991563695e-05,2.3201108744386055e-05,-0.7841560156458429,False,False
away_team_pitchmix_team_pitchmix_pt_whiff_rate_fastball_last20,-1.8269422867656094e-05,1.689269959602577e-05,-1.0814981207594678,False,False
diff_box_box_box_pitch_lineOuts_last5,-1.835443072136789e-05,1.8328337639814163e-05,-1.00142364692677,False,False
diff_team_pitchmix_team_pitchmix_pt_avg_ev_offspeed_season_to_date,-1.8424142866169112e-05,1.360477239224333e-05,-1.3542411688323073,False,False
away_box_box_box_bat_triples_season_to_date,-1.843498753327788e-05,9.954156963790076e-06,-1.8519888324383726,False,False
away_starter_starter_statcast_sc_swing_rate_season_to_date,-1.845359980853223e-05,2.392420280995779e-05,-0.7713360380330595,False,False
home_starter_starter_statcast_sc_hard_hit_allowed_last10,-1.85867009467211e-05,2.6905474737273985e-05,-0.6908148296291416,False,False
diff_starter_box_rolling3_whip,-1.8601257822092875e-05,1.4813277259801049e-05,-1.255715227350217,False,False
away_box_box_box_pitch_outs_last10,-1.863123178711401e-05,1.0658425474442491e-05,-1.7480285274583254,False,False
diff_starter_starter_statcast_sc_pitches_last3,-1.8646705731206747e-05,4.454367129336015e-05,-0.4186162745410322,False,False
diff_team_ewm_allowed_5plus_hl15,-1.873979886144461e-05,2.4124027418324414e-05,-0.7768105439645626,False,False
diff_team_pitchmix_team_pitchmix_pt_pitches_fastball_last3,-1.87530962219018e-05,2.7876071383810367e-05,-0.6727309585235554,False,False
home_box_box_box_pitch_caughtStealing_last20,-1.8780022176090316e-05,8.800655975024656e-06,-2.133934360050667,False,False
away_box_box_box_bat_leftOnBase_last20,-1.8802040302523526e-05,2.8906081676009103e-05,-0.6504527494685822,False,False
diff_box_box_box_bat_hits_season_to_date,-1.8890874715371543e-05,1.2730578767164918e-05,-1.483897555710149,False,False
home_box_box_box_bat_groundOuts_last20,-1.893960030279196e-05,2.0236247946872788e-05,-0.9359245030262041,False,False
away_team_sc_team_off_sc_swing_rate_last3,-1.9023815086904872e-05,2.488513479486939e-05,-0.7644650207330621,False,False
away_team_pitchmix_team_pitchmix_pt_avg_ev_fastball_last5,-1.9025861951993404e-05,1.973885696269838e-05,-0.9638786069501206,False,False
home_box_box_box_pitch_stolenBases_last20,-1.9113665426284676e-05,1.832144777254564e-05,-1.0432399045956486,False,False
home_box_box_box_bat_lineOuts_last3,-1.9173424867235944e-05,9.091483498706309e-06,-2.1089434821021524,False,False
home_team_ewm_runs_against_hl15,-1.9302324912040536e-05,1.060342008707612e-05,-1.8203867010387522,False,False
away_box_box_box_bat_obp_last3,-1.933509568406988e-05,2.0457490918088208e-05,-0.9451352446635612,False,False
home_box_box_runs_for_last3,-1.933597392599351e-05,9.21500268592055e-06,-2.0983145187289662,False,False
away_starter_box_rolling10_avg_pitches,-1.9569904750538213e-05,2.1803976272318583e-05,-0.8975383437461977,False,False
diff_box_box_box_pitch_battersFaced_last10,-1.9595576135444936e-05,1.37296457467177e-05,-1.4272455747905648,False,False
diff_team_pitchmix_team_pitchmix_pt_avg_ev_fastball_last20,-1.9623295365622794e-05,3.471686856831672e-05,-0.5652380578912981,False,False
diff_team_sc_team_off_sc_avg_la_last20,-1.9627417511336454e-05,5.078569689278641e-05,-0.38647530135840924,False,False
diff_box_box_box_pitch_doubles_season_to_date,-1.9688932726635855e-05,1.6877619117620124e-05,-1.1665705091117229,False,False
away_box_box_box_pitch_whip_last5,-1.9700524077914672e-05,3.048454144456879e-05,-0.6462463643659161,False,False
home_starter_starter_statcast_sc_hr_rate_last5,-1.9710717019749692e-05,2.570211069961643e-05,-0.7668909861182664,False,False
diff_box_box_box_bat_strikeOuts_last3,-1.9738597852492213e-05,1.4119063525227979e-05,-1.3980104145875707,False,False
home_box_box_runs_against_last5,-1.9762326996553002e-05,1.8067465364579074e-05,-1.0938073823734387,False,False
home_starter_starter_statcast_sc_pitchmix_entropy_last3,-1.9892376867469698e-05,1.696750771652938e-05,-1.1723805994259824,False,False
away_box_box_box_bat_totalBases_last10,-1.9985207443140586e-05,1.1230129140844868e-05,-1.7796061997588974,False,False
home_team_pitchmix_team_pitchmix_pt_hard_hit_rate_offspeed_last20,-1.998934054083801e-05,3.2418923233041815e-05,-0.6165948325040171,False,False
diff_starter_starter_statcast_sc_called_strike_rate_last20,-2.0015050210964168e-05,2.3597150479437197e-05,-0.8481977613528163,False,False
diff_team_pitchmix_team_pitchmix_pt_avg_ev_offspeed_last10,-2.00287095052154e-05,3.039862750940236e-05,-0.6588688748865547,False,False
home_team_pitchmix_team_pitchmix_pt_hard_hit_rate_breaking_season_to_date,-2.0063483535748274e-05,1.3132581804208276e-05,-1.5277638346268685,False,False
away_box_box_box_bat_popOuts_last10,-2.007305179340113e-05,1.331204162612658e-05,-1.5078867958168944,False,False
home_starter_starter_statcast_sc_k_rate_last10,-2.0145789596004436e-05,1.929188890830556e-05,-1.0442621607328069,False,False
home_box_box_box_bat_plateAppearances_last5,-2.0150957300058003e-05,1.6718104523359824e-05,-1.2053374395345795,False,False
away_box_box_box_bat_atBats_last5,-2.0328290460669418e-05,1.9313228485964316e-05,-1.0525578608176664,False,False
diff_box_box_box_pitch_rbi_last20,-2.0536987965147356e-05,1.2132559464909426e-05,-1.6927168603249596,False,False
away_box_box_box_bat_slg_last10,-2.05681106282829e-05,2.5479288296221366e-05,-0.8072482397922077,False,False
away_team_sc_team_off_sc_hard_hit_rate_last20,-2.0633667740266316e-05,1.9518733863599228e-05,-1.0571212192583017,False,False
home_starter_box_rolling10_hr_per_9,-2.064531100416378e-05,1.496548232417917e-05,-1.3795286083635223,False,False
away_box_box_box_pitch_caughtStealing_last20,-2.0746904485846596e-05,1.8941268054800853e-05,-1.0953281705227802,False,False
away_team_pitchmix_team_pitchmix_pt_whiff_rate_other_season_to_date,-2.079364814233653e-05,8.343021207372736e-06,-2.492340319590841,False,False
away_team_sc_team_off_sc_swing_rate_last5,-2.0796902299868857e-05,1.3328703036887817e-05,-1.560309524663611,False,False
diff_box_box_box_bat_hits_last10,-2.088354345032295e-05,1.3760939097191185e-05,-1.5175958052590754,False,False
away_team_pitchmix_team_pitchmix_pt_woba_other_season_to_date,-2.0937093086415003e-05,1.5274331351842655e-05,-1.3707371278081648,False,False
home_box_box_box_pitch_strikeOuts_season_to_date,-2.1044791138469244e-05,1.6890200408963993e-05,-1.245976402227905,False,False
diff_box_box_box_pitch_lineOuts_last3,-2.1068929685053028e-05,1.647078800138382e-05,-1.2791695019863583,False,False
diff_team_sc_team_off_sc_pitches_seen_last10,-2.1089825177389442e-05,2.9231401066958194e-05,-0.7214784241467096,False,False
home_team_pitchmix_team_pitchmix_pt_pitches_offspeed_last10,-2.1174353273178957e-05,3.2921126013496945e-05,-0.6431843571965896,False,False
home_team_sc_team_off_sc_xwoba_contact_last20,-2.1212516542490346e-05,1.4995890661700062e-05,-1.4145552952494997,False,False
away_box_box_box_bat_hitByPitch_season_to_date,-2.1356802886540736e-05,1.873277270957494e-05,-1.1400769772658677,False,False
away_starter_starter_statcast_sc_avg_spin_season_to_date,-2.1359884942062646e-05,1.5611727121254232e-05,-1.368194868906126,False,False
diff_box_box_box_pitch_stolenBases_last20,-2.1484803514615348e-05,1.1175752878723876e-05,-1.922447977130703,False,False
away_box_box_box_pitch_era_last5,-2.1572051870522024e-05,2.334499302072012e-05,-0.9240547577536433,False,False
home_team_sc_team_off_sc_pitches_seen_last5,-2.15742804751784e-05,3.565582082003502e-05,-0.6050703638003421,False,False
home_box_box_box_pitch_hits_last10,-2.1605238196831245e-05,2.010740964834322e-05,-1.0744913728164602,False,False
diff_team_pitchmix_team_pitchmix_pt_hard_hit_rate_fastball_last5,-2.195029686445915e-05,2.970616483081642e-05,-0.7389138580988573,False,False
diff_team_ewm_scored_5plus_hl120,-2.20100001332435e-05,3.347698435180814e-05,-0.6574666314606294,False,False
home_team_pitchmix_team_pitchmix_pt_pitches_fastball_last3,-2.2014883944943e-05,1.3536555104152122e-05,-1.6263283956337078,False,False
away_team_sc_team_off_sc_pitches_seen_last20,-2.209180677336109e-05,5.5585407222651186e-05,-0.3974389660378097,False,False
home_team_ewm_runs_against_hl120,-2.2124347107221885e-05,8.160418172371274e-06,-2.7111781087552944,False,False
diff_box_box_box_bat_plateAppearances_last5,-2.216996848746211e-05,1.4663897762729102e-05,-1.5118741855805227,False,False
away_starter_box_rolling5_hr_per_9,-2.217563542177281e-05,1.4628789700662477e-05,-1.5158899591514783,False,False
away_box_box_box_pitch_atBats_last10,-2.2178253213023245e-05,1.3758598259922055e-05,-1.6119558689075997,False,False
away_box_box_box_bat_lineOuts_last10,-2.219743193805357e-05,9.687227126454802e-06,-2.2914123565281863,False,False
home_starter_starter_statcast_sc_avg_spin_last3,-2.2216291155574553e-05,2.055779577329381e-05,-1.0806747669142263,False,False
home_team_sc_team_off_sc_avg_ev_season_to_date,-2.2236886723758786e-05,1.3164846786878965e-05,-1.6891109394392398,False,False
home_starter_box_rolling5_k_per_9,-2.224448968983772e-05,9.58651198503852e-06,-2.3203945005810516,False,False
home_box_box_box_pitch_outs_last20,-2.2473487073015885e-05,1.3760836543168638e-05,-1.6331483193274694,False,False
away_box_box_box_pitch_lineOuts_season_to_date,-2.2507658794868047e-05,3.3954010472336594e-05,-0.6628866069651992,False,False
away_box_box_box_pitch_runs_last20,-2.2559126797982997e-05,1.3288492720078089e-05,-1.6976437639084194,False,False
diff_box_box_runs_for_last5,-2.259991089548219e-05,2.044237619946375e-05,-1.1055422654864866,False,False
diff_team_sc_team_off_sc_woba_last20,-2.270859864859087e-05,1.654617358060229e-05,-1.372438076874343,False,False
home_box_box_box_pitch_airOuts_last3,-2.2731746014248433e-05,1.6055042297853115e-05,-1.4158633526171482,False,False
home_box_box_box_pitch_atBats_last3,-2.2789808869061457e-05,1.6184834143982002e-05,-1.4080965344668286,False,False
away_box_box_box_bat_groundOuts_last20,-2.2799403616058368e-05,2.3971216563584612e-05,-0.9511158332570245,False,False
away_box_box_box_pitch_airOuts_last5,-2.2860244895583916e-05,1.776365270115414e-05,-1.2869112721449818,False,False
diff_box_box_box_pitch_airOuts_season_to_date,-2.2993365921741836e-05,2.338716766293598e-05,-0.9831616317602135,False,False
diff_team_sc_team_off_sc_sweetspot_rate_last20,-2.3098567742663166e-05,2.608905403488522e-05,-0.8853739086046087,False,False
home_team_sc_team_off_sc_swing_rate_last10,-2.3184024053768404e-05,2.312854606862024e-05,-1.0023986801843734,False,False
home_box_box_box_bat_hits_last5,-2.3407675834541398e-05,1.472527751147952e-05,-1.5896254461957176,False,False
home_box_box_runs_for_last10,-2.3563234246160024e-05,1.0217034045496535e-05,-2.3062695241332025,False,False
away_team_sc_team_off_sc_pa_season_to_date,-2.36787744242517e-05,2.2908521157883492e-05,-1.0336230025962694,False,False
home_box_box_box_bat_rbi_last10,-2.376105565793374e-05,1.3352124918087156e-05,-1.7795711022555187,False,False
away_box_box_box_pitch_pitchesThrown_last10,-2.3764510769874737e-05,2.049743451711491e-05,-1.1593895201876063,False,False
home_box_box_box_pitch_wildPitches_last5,-2.397207127758927e-05,5.68583911889635e-06,-4.216100873821834,False,False
away_starter_box_rolling3_whip,-2.39905785128669e-05,1.9814023241339904e-05,-1.2107878455907455,False,False
home_team_pitchmix_team_pitchmix_pt_whiff_rate_offspeed_last10,-2.399991792172429e-05,2.3234036928176135e-05,-1.0329637503769034,False,False
away_box_box_box_bat_atBats_last3,-2.4154784599628167e-05,1.8119826514886565e-05,-1.3330582707170793,False,False
home_starter_box_rolling3_era,-2.4164585123909178e-05,2.8806583653124137e-05,-0.8388563328053126,False,False
diff_starter_starter_statcast_sc_avg_velo_last20,-2.4240477098103064e-05,1.836338984235886e-05,-1.3200437014187607,False,False
diff_box_box_box_bat_baseOnBalls_last20,-2.4305449921102618e-05,2.3068555931542605e-05,-1.053618180228991,False,False
away_box_box_box_bat_stolenBases_last5,-2.4466338507611596e-05,1.6562238323319296e-05,-1.4772362303930555,False,False
diff_box_box_box_pitch_strikes_last10,-2.457950281476995e-05,2.1857000387231928e-05,-1.124559746502471,False,False
diff_team_pitchmix_team_pitchmix_pt_woba_breaking_last5,-2.468645706912298e-05,3.1538504867410826e-05,-0.7827402463403342,False,False
diff_box_box_box_pitch_strikeOuts_last5,-2.4956938430542587e-05,4.1895168243757154e-05,-0.5956996827256196,False,False
home_box_box_box_pitch_earnedRuns_last3,-2.5017672704696903e-05,2.1663657820654545e-05,-1.1548221870844255,False,False
diff_box_box_runs_for_last3,-2.50680959188454e-05,1.2982610331255032e-05,-1.9308979688387569,False,False
diff_box_box_box_pitch_groundOuts_last20,-2.5069167772173717e-05,1.677761346344369e-05,-1.4942034411983731,False,False
away_box_box_box_pitch_sacBunts_season_to_date,-2.517236990481342e-05,1.447073985032937e-05,-1.7395357918925252,False,False
home_team_pitchmix_team_pitchmix_pt_hard_hit_rate_fastball_last3,-2.5185798058890985e-05,2.2744733385624326e-05,-1.1073243916241955,False,False
diff_starter_box_rolling10_bb_per_9,-2.521037510146984e-05,1.516168085510415e-05,-1.6627691442919945,False,False
home_box_box_box_bat_flyOuts_last3,-2.523683165058799e-05,9.943382037278702e-06,-2.53805310466526,False,False
home_box_box_box_bat_strikeOuts_season_to_date,-2.530995310348061e-05,1.9760770097294795e-05,-1.280818155307899,False,False
away_team_ewm_runs_against_hl120,-2.5462658754937807e-05,1.1765509292540788e-05,-2.1641782027303207,False,False
home_box_box_box_bat_obp_last20,-2.5522889106777135e-05,2.2068422437796233e-05,-1.156534372981029,False,False
away_starter_starter_statcast_sc_called_strike_rate_last3,-2.5561141575303203e-05,2.964786233802481e-05,-0.8621579958741177,False,False
home_box_box_box_bat_plateAppearances_last3,-2.55634524539583e-05,1.4046570742574674e-05,-1.8199070023885868,False,False
home_team_pitchmix_team_pitchmix_pt_whiff_rate_offspeed_last5,-2.5573615834129094e-05,2.4017231724738265e-05,-1.064802810216788,False,False
home_team_pitchmix_team_pitchmix_pt_whiff_rate_fastball_last3,-2.5588478775351307e-05,1.2392888142513261e-05,-2.0647712204850093,False,False
home_team_sc_team_off_sc_hard_hit_rate_season_to_date,-2.5601687379006587e-05,2.4836712872260555e-05,-1.0308001509974538,False,False
diff_team_sc_team_off_sc_hr_rate_season_to_date,-2.560179249766481e-05,3.390112768195646e-05,-0.7551899965643654,False,False
diff_team_pitchmix_team_pitchmix_pt_woba_fastball_last3,-2.5741700952452985e-05,1.3804651394090586e-05,-1.8647121334387584,False,False
home_starter_box_rolling5_hr_per_9,-2.5763207955231682e-05,1.8582047912767513e-05,-1.3864568682728493,False,False
diff_box_box_box_pitch_homeRuns_last10,-2.5767546512200924e-05,1.4727569315796507e-05,-1.7496129849861342,False,False
away_team_team_run_diff_last20,-2.5794515231025715e-05,5.53369979391575e-05,-0.4661350668026216,False,False
away_box_box_box_pitch_catchersInterference_season_to_date,-2.5873184023206264e-05,8.06682498607625e-06,-3.2073565582326005,False,False
home_team_pitchmix_team_pitchmix_pt_woba_other_last20,-2.6092701026214637e-05,1.0413280912614029e-05,-2.5057137366387083,False,False
away_box_box_box_bat_sacBunts_season_to_date,-2.620619843967109e-05,2.2816795473196892e-05,-1.1485485974774925,False,False
diff_box_box_box_bat_doubles_last20,-2.661571716529032e-05,1.0758298771808186e-05,-2.4739708135858844,False,False
home_starter_starter_statcast_sc_pitchmix_entropy_last20,-2.7360431155443178e-05,2.4440861097806178e-05,-1.1194544679073954,False,False
away_team_pitchmix_team_pitchmix_pt_avg_ev_fastball_last10,-2.7442139953914867e-05,2.217827284563188e-05,-1.2373434191616832,False,False
home_box_box_box_bat_popOuts_last20,-2.7447685431569725e-05,1.216273549647534e-05,-2.256703308192786,False,False
away_box_box_box_pitch_numberOfPitches_season_to_date,-2.7518181416053e-05,2.9378453481411573e-05,-0.9366790336143592,False,False
home_box_box_runs_against_last20,-2.7636846086009913e-05,1.4143958313400048e-05,-1.9539682932907574,False,False
diff_box_box_box_bat_caughtStealing_season_to_date,-2.771272593465879e-05,1.0633586919180685e-05,-2.6061503183531642,False,False
home_box_box_box_bat_popOuts_last5,-2.771631440303679e-05,1.9430220050724243e-05,-1.4264539635002071,False,False
away_box_box_box_bat_obp_season_to_date,-2.774561382017371e-05,4.733761294991797e-05,-0.5861219459783045,False,False
diff_box_box_box_bat_avg_last10,-2.8052488824859e-05,1.1483394155843938e-05,-2.442874331765665,False,False
away_box_box_box_pitch_hitBatsmen_season_to_date,-2.8120205765180815e-05,2.2009271183586338e-05,-1.2776527460005933,False,False
home_box_box_box_bat_plateAppearances_last10,-2.813397831152864e-05,1.7159285322779952e-05,-1.6395775105026749,False,False
away_team_pitchmix_team_pitchmix_pt_avg_ev_offspeed_last3,-2.8169439414216237e-05,2.3525263168265696e-05,-1.1974122972709305,False,False
diff_box_box_box_pitch_homeRuns_last5,-2.8237704441269607e-05,3.354031580160764e-05,-0.841903356196668,False,False
away_box_box_box_bat_slg_last3,-2.82973556809174e-05,4.05093609667338e-05,-0.6985386835441598,False,False
home_box_box_box_pitch_lineOuts_last10,-2.838352107830122e-05,1.1507126069702412e-05,-2.4666038163111264,False,False
diff_box_box_box_bat_runs_last20,-2.8392412694522306e-05,2.79598066626541e-05,-1.0154724257248187,False,False
diff_team_pitchmix_team_pitchmix_pt_pitches_offspeed_last10,-2.8401554017709606e-05,3.227215650113755e-05,-0.8800637173629376,False,False
away_team_pitchmix_team_pitchmix_pt_avg_ev_fastball_season_to_date,-2.8449728800783447e-05,1.700327877545043e-05,-1.673190752001288,False,False
away_box_box_box_pitch_obp_last10,-2.845560634608946e-05,2.8907215723544947e-05,-0.9843772786084115,False,False
diff_team_pitchmix_team_pitchmix_pt_woba_breaking_season_to_date,-2.852676870009896e-05,1.518445428369235e-05,-1.8786825108845602,False,False
home_box_box_box_bat_doubles_season_to_date,-2.853154528831281e-05,1.6140602425784043e-05,-1.767687756358751,False,False
home_starter_starter_statcast_sc_avg_spin_last10,-2.858097850005903e-05,2.6484821854354292e-05,-1.0791455822218459,False,False
away_starter_starter_statcast_sc_avg_spin_last20,-2.8616072153531124e-05,1.7357250085294856e-05,-1.6486524082391827,False,False
away_box_box_box_pitch_doubles_season_to_date,-2.868633943465815e-05,1.872673872412545e-05,-1.5318385041439093,False,False
home_team_sc_team_off_sc_sweetspot_rate_last3,-2.8793573436225462e-05,1.9266307162741397e-05,-1.4945040164162124,False,False
away_team_pitchmix_team_pitchmix_pt_pitches_breaking_last5,-2.8847353303318445e-05,2.684721456960034e-05,-1.0745007914520452,False,False
home_team_pitchmix_team_pitchmix_pt_pitches_breaking_last5,-2.8868134981652194e-05,1.8008947022804653e-05,-1.6029885003879794,False,False
away_starter_starter_statcast_sc_pitchmix_entropy_last5,-2.899192219144586e-05,1.8899991800554878e-05,-1.5339648025982053,False,False
away_starter_starter_statcast_sc_pitches_last3,-2.901831633125296e-05,1.4368620761559958e-05,-2.0195617110923405,False,False
home_box_box_box_bat_lineOuts_last5,-2.9076649040782332e-05,1.9800065964181664e-05,-1.4685127359364365,False,False
diff_box_box_box_pitch_lineOuts_season_to_date,-2.9208258990798265e-05,1.9915946495893324e-05,-1.4665764942088502,False,False
diff_team_sc_team_off_sc_k_rate_season_to_date,-2.9221204621820983e-05,2.4328140641058944e-05,-1.2011277414478585,False,False
diff_team_ewm_runs_against_hl15,-2.9242002482543494e-05,1.1953394979656953e-05,-2.446334495957792,False,False
diff_box_box_box_bat_stolenBases_last5,-2.941040044038834e-05,9.141243167713487e-06,-3.217330498795254,False,False
away_box_box_box_bat_popOuts_last3,-2.9420691232995287e-05,2.1842222443510428e-05,-1.346964179541927,False,False
away_team_pitchmix_team_pitchmix_pt_hard_hit_rate_other_last20,-2.9494547766983904e-05,1.5169475749235566e-05,-1.9443353385808484,False,False
home_box_box_box_pitch_lineOuts_last20,-2.9521500099727316e-05,1.1655960079814863e-05,-2.532738607337116,False,False
away_box_box_box_bat_stolenBases_last20,-2.954235546381856e-05,1.0326270129467567e-05,-2.860893148583727,False,False
away_team_sc_team_off_sc_avg_la_last10,-2.9795751168204544e-05,4.048925596601364e-05,-0.7358927808704329,False,False
home_box_box_box_bat_airOuts_last20,-2.9829235550282718e-05,1.566941129925825e-05,-1.9036602575933887,False,False
away_team_pitchmix_team_pitchmix_pt_avg_ev_breaking_last10,-2.986540970196794e-05,2.145124728501626e-05,-1.3922458356456031,False,False
diff_team_ewm_allowed_5plus_hl60,-2.987067559737655e-05,1.3809408108482937e-05,-2.1630670455041,False,False
home_team_team_runs_against_last10,-3.0460558938372186e-05,2.3507623314029132e-05,-1.2957736531448334,False,False
diff_team_sc_team_off_sc_swing_rate_last10,-3.0467091999442086e-05,2.9796032610228046e-05,-1.0225217698608535,False,False
diff_team_team_runs_for_season_to_date,-3.0558564344485004e-05,2.7374555929899774e-05,-1.1163126964593975,False,False
diff_starter_starter_statcast_sc_max_velo_last5,-3.072764251765836e-05,1.4674122064314864e-05,-2.0940021067688344,False,False
home_box_box_box_pitch_rbi_last5,-3.0781080033948085e-05,2.1777943797890713e-05,-1.4134061654126118,False,False
diff_team_sc_team_off_sc_k_rate_last10,-3.103522317345897e-05,2.125536698794685e-05,-1.4601123185056237,False,False
home_box_box_box_pitch_flyOuts_season_to_date,-3.108444400382604e-05,2.4948197074521757e-05,-1.2459595341088154,False,False
away_box_box_box_pitch_era_last3,-3.112408481236173e-05,2.9567462981601086e-05,-1.052646445578685,False,False
home_box_box_box_bat_sacFlies_last10,-3.117674750201527e-05,1.5462820492727822e-05,-2.016239373449218,False,False
home_team_sc_team_off_sc_avg_la_last10,-3.130764019562138e-05,6.26328379749555e-05,-0.4998598372333075,False,False
home_box_box_box_bat_leftOnBase_last5,-3.151413126559754e-05,2.2744186771990605e-05,-1.3855905942703168,False,False
diff_box_box_box_pitch_lineOuts_last10,-3.153024744847466e-05,1.2965529703172498e-05,-2.431851854132856,False,False
diff_team_pitchmix_team_pitchmix_pt_woba_offspeed_season_to_date,-3.1573584041022505e-05,1.217874224437472e-05,-2.5925159928239827,False,False
home_box_box_box_bat_popOuts_season_to_date,-3.170773771802304e-05,1.3593203662090893e-05,-2.3326169831803867,False,False
diff_team_sc_team_off_sc_max_ev_last5,-3.180612231576951e-05,1.8165432498625316e-05,-1.7509146736900687,False,False
away_starter_box_rolling5_era,-3.1823781309125995e-05,2.7551119269967537e-05,-1.1550812508664914,False,False
away_team_pitchmix_team_pitchmix_pt_hard_hit_rate_fastball_last10,-3.200343678511075e-05,2.8222005372701214e-05,-1.133988756733328,False,False
home_starter_starter_statcast_sc_max_velo_last10,-3.235605789664309e-05,1.950727309987896e-05,-1.6586663718182042,False,False
home_box_box_box_bat_groundOuts_last10,-3.265047192619885e-05,1.687269507408777e-05,-1.9351070936107764,False,False
home_box_box_box_bat_homeRuns_last10,-3.2752442906880395e-05,1.101691020303299e-05,-2.972924558998724,False,False
home_box_box_box_pitch_runs_last20,-3.3307523079562085e-05,2.0440858746790916e-05,-1.6294581109412125,False,False
away_starter_starter_statcast_sc_k_rate_last5,-3.334588440965236e-05,2.1215154950558812e-05,-1.5717954682567152,False,False
diff_starter_starter_statcast_sc_max_velo_season_to_date,-3.358187790181155e-05,2.409584503494183e-05,-1.393679194612758,False,False
away_box_box_box_bat_hits_last3,-3.3588166920461846e-05,1.1166896631344265e-05,-3.0078336022367678,False,False
home_box_box_box_bat_avg_last5,-3.371390353504866e-05,1.1843186903181908e-05,-2.846691841533865,False,False
diff_box_box_box_pitch_flyOuts_last5,-3.407085804590926e-05,1.4165461116034525e-05,-2.405206421931646,False,False
away_team_sc_team_off_sc_hr_rate_last3,-3.407949375858754e-05,3.8422402973627e-05,-0.8869693491575626,False,False
diff_box_box_box_pitch_hits_last5,-3.430026284044763e-05,2.780132014263624e-05,-1.2337638164111702,False,False
away_box_box_box_bat_strikeOuts_last3,-3.433043029136273e-05,1.6725179359309302e-05,-2.0526195596374444,False,False
away_box_box_box_bat_slg_last5,-3.4372652664005356e-05,5.67973257894177e-05,-0.6051808282566987,False,False
home_team_pitchmix_team_pitchmix_pt_hard_hit_rate_breaking_last20,-3.442354738761866e-05,1.9797474779524405e-05,-1.7387847577015887,False,False
away_team_team_run_diff_last5,-3.455345578422531e-05,1.4758097566308809e-05,-2.3413218152932687,False,False
home_team_team_run_diff_last10,-3.465102289237354e-05,1.774968268181809e-05,-1.9522052035256021,False,False
diff_team_team_runs_for_last10,-3.4684680998164905e-05,2.7790888022454517e-05,-1.2480594707927408,False,False
home_box_box_box_pitch_obp_last10,-3.475184671455356e-05,1.553706723903516e-05,-2.2367056909712915,False,False
away_starter_starter_statcast_sc_swing_rate_last5,-3.4828309859757935e-05,2.4604691381616634e-05,-1.4155150056374965,False,False
home_starter_starter_statcast_sc_k_rate_last3,-3.486166027369952e-05,2.761615752350079e-05,-1.262364622740617,False,False
home_starter_starter_statcast_sc_called_strike_rate_season_to_date,-3.4905582021649285e-05,4.8327583477716074e-05,-0.7222703787319369,False,False
diff_starter_starter_statcast_sc_xwoba_allowed_last5,-3.515605022232915e-05,2.0073117825278037e-05,-1.751399584675242,False,False
away_box_box_box_pitch_strikes_season_to_date,-3.551935156412833e-05,2.692212996486251e-05,-1.3193366056283995,False,False
home_team_sc_team_off_sc_pitches_seen_last3,-3.594448916907078e-05,3.1137487670301206e-05,-1.1543798764263975,False,False
away_box_box_box_bat_slg_last20,-3.606776680986634e-05,1.6529787483171686e-05,-2.1819861172798194,False,False
diff_team_pitchmix_team_pitchmix_pt_woba_fastball_last20,-3.642644998677058e-05,2.584089409649889e-05,-1.4096435615091931,False,False
home_team_ewm_runs_for_hl120,-3.6564748467271536e-05,2.2061432907933907e-05,-1.6574058729486167,False,False
away_box_box_runs_for_season_to_date,-3.67031077007196e-05,5.2216582513999604e-05,-0.7029013760308664,False,False
home_box_box_runs_for_last20,-3.684159082580907e-05,1.62356647901066e-05,-2.269176612235733,False,False
home_box_box_box_pitch_strikeOuts_last10,-3.6851891011546734e-05,1.6996946828729693e-05,-2.1681476904579426,False,False
home_team_pitchmix_team_pitchmix_pt_woba_fastball_last10,-3.694345592720749e-05,2.1385281735880068e-05,-1.7275178500559116,False,False
away_box_box_box_pitch_hitBatsmen_last10,-3.727823371458827e-05,1.0117458974937151e-05,-3.6845450826075465,False,False
away_starter_starter_statcast_sc_hard_hit_allowed_last10,-3.7317333094899484e-05,3.3496044365932585e-05,-1.1140817908891167,False,False
home_box_box_box_pitch_obp_last3,-3.744832311958213e-05,1.5000775189913654e-05,-2.496425861028965,False,False
diff_team_pitchmix_team_pitchmix_pt_hard_hit_rate_fastball_last10,-3.7459931802508174e-05,1.5082700749645208e-05,-2.4836355520339652,False,False
away_starter_starter_statcast_sc_pitches_season_to_date,-3.760965009161898e-05,1.6418058607764117e-05,-2.290748924104421,False,False
diff_box_box_box_pitch_obp_last3,-3.761356592331122e-05,3.749373973633268e-05,-1.0031958985105565,False,False
home_team_sc_team_off_sc_hard_hit_rate_last20,-3.7664608770904276e-05,1.816671239534459e-05,-2.073275997948656,False,False
away_team_pitchmix_team_pitchmix_pt_hard_hit_rate_fastball_last3,-3.8037610879748664e-05,1.7722836559820647e-05,-2.1462484716460986,False,False
home_box_box_box_bat_atBats_last5,-3.8079418509406884e-05,2.2434463749742725e-05,-1.6973625460445236,False,False
away_team_sc_team_off_sc_pitches_seen_last5,-3.816431419696453e-05,2.122175048214503e-05,-1.7983584449866268,False,False
home_team_sc_team_off_sc_sweetspot_rate_last5,-3.836492419502235e-05,2.0952709888009682e-05,-1.8310244545970122,False,False
home_box_box_box_pitch_popOuts_last20,-3.8366021903268877e-05,1.8083090352618077e-05,-2.121651839101397,False,False
away_team_pitchmix_team_pitchmix_pt_whiff_rate_offspeed_last20,-3.867320617475523e-05,2.9868397586577467e-05,-1.2947867746388426,False,False
away_team_pitchmix_team_pitchmix_pt_whiff_rate_offspeed_season_to_date,-3.8758563266727555e-05,2.1818685861675874e-05,-1.7763931115029374,False,False
home_starter_starter_statcast_sc_woba_allowed_last10,-3.876131067505062e-05,3.672613842702203e-05,-1.0554148172172428,False,False
away_box_box_box_bat_runs_last20,-3.884774563477356e-05,2.64696262784409e-05,-1.4676348364772511,False,False
home_starter_starter_statcast_sc_hr_rate_last10,-3.897594644675095e-05,1.8954011388031755e-05,-2.056342884301619,False,False
diff_box_box_box_bat_hitByPitch_last20,-3.9188734015893624e-05,1.800221453759744e-05,-2.176884068015541,False,False
away_box_box_box_bat_pickoffs_season_to_date,-3.9835847807401235e-05,8.92711688467685e-06,-4.462341909713132,False,False
away_team_sc_team_off_sc_pitches_seen_last10,-4.0233695917457625e-05,1.152929129152223e-05,-3.489693763487652,False,False
diff_team_pitchmix_team_pitchmix_pt_hard_hit_rate_fastball_last3,-4.0285213978963344e-05,1.482856219899069e-05,-2.716730957348337,False,False
home_team_sc_team_off_sc_sweetspot_rate_last20,-4.08381837992966e-05,2.5300345556189845e-05,-1.6141354160004884,False,False
diff_starter_starter_statcast_sc_hr_rate_last5,-4.132782260706236e-05,1.6664887022049418e-05,-2.479934160512535,False,False
diff_box_box_box_bat_hits_last20,-4.137168485596199e-05,2.489185467603659e-05,-1.662057142563609,False,False
home_team_pitchmix_team_pitchmix_pt_woba_offspeed_season_to_date,-4.1396409574512294e-05,1.6552091795995437e-05,-2.5009775250598607,False,False
away_team_pitchmix_team_pitchmix_pt_avg_ev_fastball_last20,-4.15365474299656e-05,1.9514991863223102e-05,-2.128442979689022,False,False
diff_team_ewm_allowed_5plus_hl30,-4.1629684794930455e-05,1.7159307131159223e-05,-2.426070264768208,False,False
away_box_box_box_pitch_whip_season_to_date,-4.238910406070273e-05,3.916925844617866e-05,-1.082203384548328,False,False
away_team_pitchmix_team_pitchmix_pt_hard_hit_rate_offspeed_season_to_date,-4.301073262179545e-05,1.820300988203196e-05,-2.3628363056733264,False,False
home_box_box_box_pitch_rbi_last20,-4.319847827267686e-05,1.5832566335068285e-05,-2.7284571154453054,False,False
diff_team_sc_team_off_sc_swing_rate_last5,-4.329339598944104e-05,4.1003718678900896e-05,-1.0558407233370843,False,False
away_team_sc_team_off_sc_xwoba_contact_last20,-4.342550379400345e-05,1.6517988766424268e-05,-2.628982523724284,False,False
diff_team_pitchmix_team_pitchmix_pt_hard_hit_rate_other_season_to_date,-4.4336969561376006e-05,2.330438571819623e-05,-1.9025161228239278,False,False
home_team_sc_team_off_sc_swing_rate_last5,-4.464882205050813e-05,2.9521389646806252e-05,-1.5124227749671137,False,False
home_box_box_box_pitch_numberOfPitches_last10,-4.527635610268588e-05,3.21828673418595e-05,-1.4068465566396562,False,False
away_team_pitchmix_team_pitchmix_pt_whiff_rate_fastball_last3,-4.575390883466701e-05,2.4190173985439287e-05,-1.8914253722278935,False,False
away_box_box_box_pitch_atBats_last20,-4.599317367451894e-05,3.793733852745552e-05,-1.212345817069728,False,False
diff_box_box_box_bat_airOuts_last5,-4.677943119633099e-05,3.4286140287745643e-05,-1.364383124018501,False,False
diff_box_box_box_pitch_caughtStealing_season_to_date,-4.748982945943503e-05,1.6911607817652896e-05,-2.8081203142532414,False,False
home_starter_starter_statcast_sc_whiff_rate_last5,-4.76251334261879e-05,2.1585105625386195e-05,-2.206388713251238,False,False
away_team_pitchmix_team_pitchmix_pt_pitches_breaking_last10,-4.789127210379496e-05,2.2514804922344277e-05,-2.1271013570393595,False,False
home_box_box_box_pitch_earnedRuns_last10,-4.975361356708285e-05,2.4488992874177e-05,-2.031672507837051,False,False
away_team_sc_team_off_sc_hr_rate_last10,-4.9843069313204594e-05,4.001124980161261e-05,-1.2457263784645818,False,False
away_team_pitchmix_team_pitchmix_pt_pitches_offspeed_last10,-4.987329079469971e-05,1.9297215034045988e-05,-2.584481268758652,False,False
home_starter_starter_statcast_sc_avg_velo_last10,-5.059642341616044e-05,3.183103717524241e-05,-1.5895310962570015,False,False
diff_box_box_box_pitch_airOuts_last10,-5.229758252855987e-05,1.549619828867441e-05,-3.3748653414419856,False,False
diff_box_box_box_bat_slg_last20,-5.2775337182742185e-05,3.452465160122067e-05,-1.5286276540116117,False,False
home_team_ewm_runs_against_hl30,-5.290796067460857e-05,1.5131964019251494e-05,-3.4964371186249803,False,False
diff_team_ewm_runs_for_hl60,-5.303478629209435e-05,4.2646945740764285e-05,-1.243577596728124,False,False
away_team_sc_team_off_sc_sweetspot_rate_last10,-5.30619578703595e-05,2.448584217283643e-05,-2.167046471010265,False,False
diff_starter_starter_statcast_sc_k_rate_last5,-5.4767376784148335e-05,7.209538735704914e-05,-0.759651605905318,False,False
away_team_pitchmix_team_pitchmix_pt_avg_ev_offspeed_last10,-5.6320378680685404e-05,1.8742153919954945e-05,-3.0050109993345306,False,False
diff_box_box_box_pitch_outs_last20,-5.639622702681146e-05,1.9681823710976242e-05,-2.8653964111750567,False,False
diff_starter_starter_statcast_sc_avg_spin_last20,-5.652615387018445e-05,2.193290633952549e-05,-2.5772304406515496,False,False
away_team_sc_team_off_sc_pitches_seen_last3,-5.6697855544685094e-05,1.806191862940447e-05,-3.139082658272086,False,False
away_starter_starter_statcast_sc_hr_rate_last20,-5.7963424346951784e-05,2.464725863253034e-05,-2.351718915727592,False,False
diff_team_sc_team_off_sc_avg_la_last3,-5.8218007290389284e-05,4.594268589935605e-05,-1.2671877177125443,False,False
away_team_pitchmix_team_pitchmix_pt_avg_ev_offspeed_last20,-5.949152191186968e-05,6.599297481173013e-05,-0.9014826514730045,False,False
diff_box_box_box_bat_leftOnBase_last10,-5.983327327533372e-05,2.4654252160284886e-05,-2.4268946746524365,False,False
home_team_sc_team_off_sc_avg_la_last3,-6.154953946366782e-05,3.327873104269481e-05,-1.8495158179169477,False,False
away_starter_box_rolling3_bb_per_9,-6.343511398376744e-05,3.673656138906589e-05,-1.7267569850086184,False,False
diff_starter_starter_statcast_sc_hard_hit_allowed_last20,-6.349944998957912e-05,4.443851154269129e-05,-1.4289283728276168,False,False
diff_team_sc_team_off_sc_csw_rate_last3,-6.660137766559827e-05,3.212210544391661e-05,-2.07338145321391,False,False
home_starter_starter_statcast_sc_hr_rate_last3,-6.774209579329948e-05,3.715973894654213e-05,-1.8229970853873068,False,False
home_starter_box_rolling3_k_per_9,-6.822752063011528e-05,4.3814513670781804e-05,-1.5571899563411922,False,False
diff_box_box_box_pitch_whip_season_to_date,-6.894794637174462e-05,4.010470605204298e-05,-1.7191983973719298,False,False
home_box_box_box_pitch_airOuts_last20,-6.986557720981557e-05,2.3576696754551694e-05,-2.9633318839004614,False,False
diff_team_ewm_runs_for_hl15,-7.079704268776465e-05,5.3641237463363226e-05,-1.3198249338695585,False,False
home_team_pitchmix_team_pitchmix_pt_woba_offspeed_last10,-7.101313034492129e-05,2.0281148754515722e-05,-3.5014353084467063,False,False
home_box_box_box_pitch_balls_last10,-7.287200314536335e-05,2.946095763638341e-05,-2.473511012261482,False,False
diff_box_box_box_bat_slg_last3,-7.482313405293706e-05,0.00010742996658018918,-0.6964828942498708,False,False
diff_team_pitchmix_team_pitchmix_pt_pitches_fastball_last5,-8.028882143478189e-05,1.9559560249245122e-05,-4.1048377576832555,False,False
diff_team_sc_team_off_sc_avg_la_last10,-9.251149498502586e-05,4.559740034104682e-05,-2.0288765213166533,False,False
diff_box_box_box_bat_ops_last20,-9.319549732221822e-05,6.980918059797182e-05,-1.3350034554756804,False,False
home_team_sc_team_off_sc_pitches_seen_last10,-9.341229015430441e-05,4.0458828841519437e-05,-2.308823384883632,False,False
away_box_box_box_bat_groundIntoDoublePlay_season_to_date,-9.614408388158857e-05,4.0145092453165515e-05,-2.3949149947469466,False,False
home_starter_starter_statcast_sc_called_strike_rate_last5,-0.00011036181964181324,4.268489598584604e-05,-2.5855004936267925,False,False
home_starter_starter_statcast_sc_called_strike_rate_last10,-0.00011539261626334341,5.417580597954127e-05,-2.1299658431832063,False,False
