column,family,missing_rate,non_missing_rate,n_unique,dtype
is_final,other,0.0,1.0,2,bool
home_elo_pre,elo,0.0,1.0,8330,float64
away_elo_pre,elo,0.0,1.0,8332,float64
diff_elo_pre,elo,0.0,1.0,8336,float64
elo_home_win_prob,elo,0.0,1.0,8336,float64
home_team_team_runs_for_season_to_date,team_form,0.006425511661113755,0.9935744883388863,7125,float64
home_team_team_runs_for_last3,team_form,0.006425511661113755,0.9935744883388863,47,float64
home_team_team_runs_for_last5,team_form,0.006425511661113755,0.9935744883388863,73,float64
home_team_team_runs_for_last10,team_form,0.006425511661113755,0.9935744883388863,120,float64
home_team_team_runs_for_last20,team_form,0.006425511661113755,0.9935744883388863,252,float64
home_team_team_runs_against_season_to_date,team_form,0.006425511661113755,0.9935744883388863,7091,float64
home_team_team_runs_against_last3,team_form,0.006425511661113755,0.9935744883388863,48,float64
home_team_team_runs_against_last5,team_form,0.006425511661113755,0.9935744883388863,74,float64
home_team_team_runs_against_last10,team_form,0.006425511661113755,0.9935744883388863,138,float64
home_team_team_runs_against_last20,team_form,0.006425511661113755,0.9935744883388863,263,float64
home_team_team_win_season_to_date,team_form,0.006425511661113755,0.9935744883388863,5342,float64
home_team_team_win_last3,team_form,0.006425511661113755,0.9935744883388863,5,float64
home_team_team_win_last5,team_form,0.006425511661113755,0.9935744883388863,11,float64
home_team_team_win_last10,team_form,0.006425511661113755,0.9935744883388863,27,float64
home_team_team_win_last20,team_form,0.006425511661113755,0.9935744883388863,76,float64
home_team_team_run_diff_season_to_date,team_form,0.006425511661113755,0.9935744883388863,7398,float64
home_team_team_run_diff_last3,team_form,0.006425511661113755,0.9935744883388863,66,float64
home_team_team_run_diff_last5,team_form,0.006425511661113755,0.9935744883388863,104,float64
home_team_team_run_diff_last10,team_form,0.006425511661113755,0.9935744883388863,169,float64
home_team_team_run_diff_last20,team_form,0.006425511661113755,0.9935744883388863,322,float64
away_team_team_runs_for_season_to_date,team_form,0.006425511661113755,0.9935744883388863,7144,float64
away_team_team_runs_for_last3,team_form,0.006425511661113755,0.9935744883388863,48,float64
away_team_team_runs_for_last5,team_form,0.006425511661113755,0.9935744883388863,72,float64
away_team_team_runs_for_last10,team_form,0.006425511661113755,0.9935744883388863,129,float64
away_team_team_runs_for_last20,team_form,0.006425511661113755,0.9935744883388863,254,float64
away_team_team_runs_against_season_to_date,team_form,0.006425511661113755,0.9935744883388863,7156,float64
away_team_team_runs_against_last3,team_form,0.006425511661113755,0.9935744883388863,47,float64
away_team_team_runs_against_last5,team_form,0.006425511661113755,0.9935744883388863,80,float64
away_team_team_runs_against_last10,team_form,0.006425511661113755,0.9935744883388863,142,float64
away_team_team_runs_against_last20,team_form,0.006425511661113755,0.9935744883388863,279,float64
away_team_team_win_season_to_date,team_form,0.006425511661113755,0.9935744883388863,5394,float64
away_team_team_win_last3,team_form,0.006425511661113755,0.9935744883388863,5,float64
away_team_team_win_last5,team_form,0.006425511661113755,0.9935744883388863,11,float64
away_team_team_win_last10,team_form,0.006425511661113755,0.9935744883388863,27,float64
away_team_team_win_last20,team_form,0.006425511661113755,0.9935744883388863,80,float64
away_team_team_run_diff_season_to_date,team_form,0.006425511661113755,0.9935744883388863,7470,float64
away_team_team_run_diff_last3,team_form,0.006425511661113755,0.9935744883388863,67,float64
away_team_team_run_diff_last5,team_form,0.006425511661113755,0.9935744883388863,103,float64
away_team_team_run_diff_last10,team_form,0.006425511661113755,0.9935744883388863,175,float64
away_team_team_run_diff_last20,team_form,0.006425511661113755,0.9935744883388863,333,float64
diff_team_team_runs_for_season_to_date,team_form,0.006425511661113755,0.9935744883388863,8180,float64
diff_team_team_runs_for_last3,team_form,0.006425511661113755,0.9935744883388863,194,float64
diff_team_team_runs_for_last5,team_form,0.006425511661113755,0.9935744883388863,260,float64
diff_team_team_runs_for_last10,team_form,0.006425511661113755,0.9935744883388863,380,float64
diff_team_team_runs_for_last20,team_form,0.006425511661113755,0.9935744883388863,646,float64
diff_team_team_runs_against_season_to_date,team_form,0.006425511661113755,0.9935744883388863,8161,float64
diff_team_team_runs_against_last3,team_form,0.006425511661113755,0.9935744883388863,196,float64
diff_team_team_runs_against_last5,team_form,0.006425511661113755,0.9935744883388863,267,float64
diff_team_team_runs_against_last10,team_form,0.006425511661113755,0.9935744883388863,393,float64
diff_team_team_runs_against_last20,team_form,0.006425511661113755,0.9935744883388863,661,float64
diff_team_team_win_season_to_date,team_form,0.006425511661113755,0.9935744883388863,7857,float64
diff_team_team_win_last3,team_form,0.006425511661113755,0.9935744883388863,15,float64
diff_team_team_win_last5,team_form,0.006425511661113755,0.9935744883388863,39,float64
diff_team_team_win_last10,team_form,0.006425511661113755,0.9935744883388863,117,float64
diff_team_team_win_last20,team_form,0.006425511661113755,0.9935744883388863,256,float64
diff_team_team_run_diff_season_to_date,team_form,0.006425511661113755,0.9935744883388863,8228,float64
diff_team_team_run_diff_last3,team_form,0.006425511661113755,0.9935744883388863,202,float64
diff_team_team_run_diff_last5,team_form,0.006425511661113755,0.9935744883388863,268,float64
diff_team_team_run_diff_last10,team_form,0.006425511661113755,0.9935744883388863,440,float64
diff_team_team_run_diff_last20,team_form,0.006425511661113755,0.9935744883388863,754,float64
home_box_box_runs_for_season_to_date,boxscore,0.006425511661113755,0.9935744883388863,7125,float64
home_box_box_runs_for_last3,boxscore,0.006425511661113755,0.9935744883388863,47,float64
home_box_box_runs_for_last5,boxscore,0.006425511661113755,0.9935744883388863,73,float64
home_box_box_runs_for_last10,boxscore,0.006425511661113755,0.9935744883388863,120,float64
home_box_box_runs_for_last20,boxscore,0.006425511661113755,0.9935744883388863,252,float64
home_box_box_runs_against_season_to_date,boxscore,0.006425511661113755,0.9935744883388863,7091,float64
home_box_box_runs_against_last3,boxscore,0.006425511661113755,0.9935744883388863,48,float64
home_box_box_runs_against_last5,boxscore,0.006425511661113755,0.9935744883388863,74,float64
home_box_box_runs_against_last10,boxscore,0.006425511661113755,0.9935744883388863,138,float64
home_box_box_runs_against_last20,boxscore,0.006425511661113755,0.9935744883388863,263,float64
home_box_box_box_bat_flyOuts_season_to_date,boxscore,0.006425511661113755,0.9935744883388863,6893,float64
home_box_box_box_bat_flyOuts_last3,boxscore,0.006425511661113755,0.9935744883388863,33,float64
home_box_box_box_bat_flyOuts_last5,boxscore,0.006425511661113755,0.9935744883388863,52,float64
home_box_box_box_bat_flyOuts_last10,boxscore,0.006425511661113755,0.9935744883388863,94,float64
home_box_box_box_bat_flyOuts_last20,boxscore,0.006425511661113755,0.9935744883388863,193,float64
home_box_box_box_bat_groundOuts_season_to_date,boxscore,0.006425511661113755,0.9935744883388863,7158,float64
home_box_box_box_bat_groundOuts_last3,boxscore,0.006425511661113755,0.9935744883388863,41,float64
home_box_box_box_bat_groundOuts_last5,boxscore,0.006425511661113755,0.9935744883388863,69,float64
home_box_box_box_bat_groundOuts_last10,boxscore,0.006425511661113755,0.9935744883388863,121,float64
home_box_box_box_bat_groundOuts_last20,boxscore,0.006425511661113755,0.9935744883388863,239,float64
home_box_box_box_bat_airOuts_season_to_date,boxscore,0.006425511661113755,0.9935744883388863,7119,float64
home_box_box_box_bat_airOuts_last3,boxscore,0.006425511661113755,0.9935744883388863,40,float64
home_box_box_box_bat_airOuts_last5,boxscore,0.006425511661113755,0.9935744883388863,64,float64
home_box_box_box_bat_airOuts_last10,boxscore,0.006425511661113755,0.9935744883388863,120,float64
home_box_box_box_bat_airOuts_last20,boxscore,0.006425511661113755,0.9935744883388863,229,float64
home_box_box_box_bat_runs_season_to_date,boxscore,0.006425511661113755,0.9935744883388863,7126,float64
home_box_box_box_bat_runs_last3,boxscore,0.006425511661113755,0.9935744883388863,46,float64
home_box_box_box_bat_runs_last5,boxscore,0.006425511661113755,0.9935744883388863,73,float64
home_box_box_box_bat_runs_last10,boxscore,0.006425511661113755,0.9935744883388863,118,float64
home_box_box_box_bat_runs_last20,boxscore,0.006425511661113755,0.9935744883388863,244,float64
home_box_box_box_bat_doubles_season_to_date,boxscore,0.006425511661113755,0.9935744883388863,6233,float64
home_box_box_box_bat_doubles_last3,boxscore,0.006425511661113755,0.9935744883388863,20,float64
home_box_box_box_bat_doubles_last5,boxscore,0.006425511661113755,0.9935744883388863,34,float64
home_box_box_box_bat_doubles_last10,boxscore,0.006425511661113755,0.9935744883388863,67,float64
home_box_box_box_bat_doubles_last20,boxscore,0.006425511661113755,0.9935744883388863,143,float64
home_box_box_box_bat_triples_season_to_date,boxscore,0.006425511661113755,0.9935744883388863,4694,float64
home_box_box_box_bat_triples_last3,boxscore,0.006425511661113755,0.9935744883388863,7,float64
home_box_box_box_bat_triples_last5,boxscore,0.006425511661113755,0.9935744883388863,11,float64
home_box_box_box_bat_triples_last10,boxscore,0.006425511661113755,0.9935744883388863,20,float64
home_box_box_box_bat_triples_last20,boxscore,0.006425511661113755,0.9935744883388863,51,float64
home_box_box_box_bat_homeRuns_season_to_date,boxscore,0.006425511661113755,0.9935744883388863,6431,float64
home_box_box_box_bat_homeRuns_last3,boxscore,0.006425511661113755,0.9935744883388863,20,float64
home_box_box_box_bat_homeRuns_last5,boxscore,0.006425511661113755,0.9935744883388863,32,float64
home_box_box_box_bat_homeRuns_last10,boxscore,0.006425511661113755,0.9935744883388863,63,float64
home_box_box_box_bat_homeRuns_last20,boxscore,0.006425511661113755,0.9935744883388863,142,float64
home_box_box_box_bat_strikeOuts_season_to_date,boxscore,0.006425511661113755,0.9935744883388863,7306,float64
home_box_box_box_bat_strikeOuts_last3,boxscore,0.006425511661113755,0.9935744883388863,45,float64
home_box_box_box_bat_strikeOuts_last5,boxscore,0.006425511661113755,0.9935744883388863,70,float64
home_box_box_box_bat_strikeOuts_last10,boxscore,0.006425511661113755,0.9935744883388863,134,float64
home_box_box_box_bat_strikeOuts_last20,boxscore,0.006425511661113755,0.9935744883388863,265,float64
home_box_box_box_bat_baseOnBalls_season_to_date,boxscore,0.006425511661113755,0.9935744883388863,6846,float64
home_box_box_box_bat_baseOnBalls_last3,boxscore,0.006425511661113755,0.9935744883388863,32,float64
home_box_box_box_bat_baseOnBalls_last5,boxscore,0.006425511661113755,0.9935744883388863,49,float64
home_box_box_box_bat_baseOnBalls_last10,boxscore,0.006425511661113755,0.9935744883388863,92,float64
home_box_box_box_bat_baseOnBalls_last20,boxscore,0.006425511661113755,0.9935744883388863,197,float64
home_box_box_box_bat_intentionalWalks_season_to_date,boxscore,0.006425511661113755,0.9935744883388863,4524,float64
home_box_box_box_bat_intentionalWalks_last3,boxscore,0.006425511661113755,0.9935744883388863,8,float64
home_box_box_box_bat_intentionalWalks_last5,boxscore,0.006425511661113755,0.9935744883388863,11,float64
home_box_box_box_bat_intentionalWalks_last10,boxscore,0.006425511661113755,0.9935744883388863,21,float64
home_box_box_box_bat_intentionalWalks_last20,boxscore,0.006425511661113755,0.9935744883388863,47,float64
home_box_box_box_bat_hits_season_to_date,boxscore,0.006425511661113755,0.9935744883388863,7114,float64
home_box_box_box_bat_hits_last3,boxscore,0.006425511661113755,0.9935744883388863,53,float64
home_box_box_box_bat_hits_last5,boxscore,0.006425511661113755,0.9935744883388863,80,float64
home_box_box_box_bat_hits_last10,boxscore,0.006425511661113755,0.9935744883388863,131,float64
home_box_box_box_bat_hits_last20,boxscore,0.006425511661113755,0.9935744883388863,254,float64
home_box_box_box_bat_hitByPitch_season_to_date,boxscore,0.006425511661113755,0.9935744883388863,5605,float64
home_box_box_box_bat_hitByPitch_last3,boxscore,0.006425511661113755,0.9935744883388863,10,float64
home_box_box_box_bat_hitByPitch_last5,boxscore,0.006425511661113755,0.9935744883388863,18,float64
home_box_box_box_bat_hitByPitch_last10,boxscore,0.006425511661113755,0.9935744883388863,39,float64
home_box_box_box_bat_hitByPitch_last20,boxscore,0.006425511661113755,0.9935744883388863,98,float64
home_box_box_box_bat_avg_season_to_date,boxscore,0.006425511661113755,0.9935744883388863,8276,float64
home_box_box_box_bat_avg_last3,boxscore,0.006425511661113755,0.9935744883388863,616,float64
home_box_box_box_bat_avg_last5,boxscore,0.006425511661113755,0.9935744883388863,872,float64
home_box_box_box_bat_avg_last10,boxscore,0.006425511661113755,0.9935744883388863,1452,float64
home_box_box_box_bat_avg_last20,boxscore,0.006425511661113755,0.9935744883388863,2363,float64
home_box_box_box_bat_atBats_season_to_date,boxscore,0.006425511661113755,0.9935744883388863,7051,float64
home_box_box_box_bat_atBats_last3,boxscore,0.006425511661113755,0.9935744883388863,62,float64
home_box_box_box_bat_atBats_last5,boxscore,0.006425511661113755,0.9935744883388863,83,float64
home_box_box_box_bat_atBats_last10,boxscore,0.006425511661113755,0.9935744883388863,142,float64
home_box_box_box_bat_atBats_last20,boxscore,0.006425511661113755,0.9935744883388863,279,float64
home_box_box_box_bat_obp_season_to_date,boxscore,0.006425511661113755,0.9935744883388863,8239,float64
home_box_box_box_bat_obp_last3,boxscore,0.006425511661113755,0.9935744883388863,684,float64
home_box_box_box_bat_obp_last5,boxscore,0.006425511661113755,0.9935744883388863,928,float64
home_box_box_box_bat_obp_last10,boxscore,0.006425511661113755,0.9935744883388863,1512,float64
home_box_box_box_bat_obp_last20,boxscore,0.006425511661113755,0.9935744883388863,2386,float64
home_box_box_box_bat_slg_season_to_date,boxscore,0.006425511661113755,0.9935744883388863,8308,float64
home_box_box_box_bat_slg_last3,boxscore,0.006425511661113755,0.9935744883388863,1104,float64
home_box_box_box_bat_slg_last5,boxscore,0.006425511661113755,0.9935744883388863,1477,float64
home_box_box_box_bat_slg_last10,boxscore,0.006425511661113755,0.9935744883388863,2316,float64
home_box_box_box_bat_slg_last20,boxscore,0.006425511661113755,0.9935744883388863,3633,float64
home_box_box_box_bat_ops_season_to_date,boxscore,0.006425511661113755,0.9935744883388863,8328,float64
home_box_box_box_bat_ops_last3,boxscore,0.006425511661113755,0.9935744883388863,1384,float64
home_box_box_box_bat_ops_last5,boxscore,0.006425511661113755,0.9935744883388863,1910,float64
home_box_box_box_bat_ops_last10,boxscore,0.006425511661113755,0.9935744883388863,2967,float64
home_box_box_box_bat_ops_last20,boxscore,0.006425511661113755,0.9935744883388863,4320,float64
home_box_box_box_bat_caughtStealing_season_to_date,boxscore,0.006425511661113755,0.9935744883388863,4822,float64
home_box_box_box_bat_caughtStealing_last3,boxscore,0.006425511661113755,0.9935744883388863,7,float64
home_box_box_box_bat_caughtStealing_last5,boxscore,0.006425511661113755,0.9935744883388863,12,float64
home_box_box_box_bat_caughtStealing_last10,boxscore,0.006425511661113755,0.9935744883388863,20,float64
home_box_box_box_bat_caughtStealing_last20,boxscore,0.006425511661113755,0.9935744883388863,59,float64
home_box_box_box_bat_stolenBases_season_to_date,boxscore,0.006425511661113755,0.9935744883388863,6407,float64
home_box_box_box_bat_stolenBases_last3,boxscore,0.006425511661113755,0.9935744883388863,17,float64
home_box_box_box_bat_stolenBases_last5,boxscore,0.006425511661113755,0.9935744883388863,25,float64
home_box_box_box_bat_stolenBases_last10,boxscore,0.006425511661113755,0.9935744883388863,58,float64
home_box_box_box_bat_stolenBases_last20,boxscore,0.006425511661113755,0.9935744883388863,138,float64
home_box_box_box_bat_groundIntoDoublePlay_season_to_date,boxscore,0.006425511661113755,0.9935744883388863,5619,float64
home_box_box_box_bat_groundIntoDoublePlay_last3,boxscore,0.006425511661113755,0.9935744883388863,11,float64
home_box_box_box_bat_groundIntoDoublePlay_last5,boxscore,0.006425511661113755,0.9935744883388863,23,float64
home_box_box_box_bat_groundIntoDoublePlay_last10,boxscore,0.006425511661113755,0.9935744883388863,46,float64
home_box_box_box_bat_groundIntoDoublePlay_last20,boxscore,0.006425511661113755,0.9935744883388863,107,float64
home_box_box_box_bat_groundIntoTriplePlay_season_to_date,boxscore,0.006425511661113755,0.9935744883388863,180,float64
home_box_box_box_bat_groundIntoTriplePlay_last3,boxscore,0.006425511661113755,0.9935744883388863,2,float64
home_box_box_box_bat_groundIntoTriplePlay_last5,boxscore,0.006425511661113755,0.9935744883388863,2,float64
home_box_box_box_bat_groundIntoTriplePlay_last10,boxscore,0.006425511661113755,0.9935744883388863,2,float64
home_box_box_box_bat_groundIntoTriplePlay_last20,boxscore,0.006425511661113755,0.9935744883388863,2,float64
home_box_box_box_bat_plateAppearances_season_to_date,boxscore,0.006425511661113755,0.9935744883388863,7268,float64
home_box_box_box_bat_plateAppearances_last3,boxscore,0.006425511661113755,0.9935744883388863,69,float64
home_box_box_box_bat_plateAppearances_last5,boxscore,0.006425511661113755,0.9935744883388863,100,float64
home_box_box_box_bat_plateAppearances_last10,boxscore,0.006425511661113755,0.9935744883388863,175,float64
home_box_box_box_bat_plateAppearances_last20,boxscore,0.006425511661113755,0.9935744883388863,300,float64
home_box_box_box_bat_totalBases_season_to_date,boxscore,0.006425511661113755,0.9935744883388863,7576,float64
home_box_box_box_bat_totalBases_last3,boxscore,0.006425511661113755,0.9935744883388863,90,float64
home_box_box_box_bat_totalBases_last5,boxscore,0.006425511661113755,0.9935744883388863,130,float64
home_box_box_box_bat_totalBases_last10,boxscore,0.006425511661113755,0.9935744883388863,210,float64
home_box_box_box_bat_totalBases_last20,boxscore,0.006425511661113755,0.9935744883388863,380,float64
home_box_box_box_bat_rbi_season_to_date,boxscore,0.006425511661113755,0.9935744883388863,7144,float64
home_box_box_box_bat_rbi_last3,boxscore,0.006425511661113755,0.9935744883388863,43,float64
home_box_box_box_bat_rbi_last5,boxscore,0.006425511661113755,0.9935744883388863,71,float64
home_box_box_box_bat_rbi_last10,boxscore,0.006425511661113755,0.9935744883388863,125,float64
home_box_box_box_bat_rbi_last20,boxscore,0.006425511661113755,0.9935744883388863,250,float64
home_box_box_box_bat_leftOnBase_season_to_date,boxscore,0.006425511661113755,0.9935744883388863,7313,float64
home_box_box_box_bat_leftOnBase_last3,boxscore,0.006425511661113755,0.9935744883388863,73,float64
home_box_box_box_bat_leftOnBase_last5,boxscore,0.006425511661113755,0.9935744883388863,104,float64
home_box_box_box_bat_leftOnBase_last10,boxscore,0.006425511661113755,0.9935744883388863,174,float64
home_box_box_box_bat_leftOnBase_last20,boxscore,0.006425511661113755,0.9935744883388863,325,float64
home_box_box_box_bat_sacBunts_season_to_date,boxscore,0.006425511661113755,0.9935744883388863,4616,float64
home_box_box_box_bat_sacBunts_last3,boxscore,0.006425511661113755,0.9935744883388863,7,float64
home_box_box_box_bat_sacBunts_last5,boxscore,0.006425511661113755,0.9935744883388863,10,float64
home_box_box_box_bat_sacBunts_last10,boxscore,0.006425511661113755,0.9935744883388863,16,float64
home_box_box_box_bat_sacBunts_last20,boxscore,0.006425511661113755,0.9935744883388863,39,float64
home_box_box_box_bat_sacFlies_season_to_date,boxscore,0.006425511661113755,0.9935744883388863,4587,float64
home_box_box_box_bat_sacFlies_last3,boxscore,0.006425511661113755,0.9935744883388863,9,float64
home_box_box_box_bat_sacFlies_last5,boxscore,0.006425511661113755,0.9935744883388863,15,float64
home_box_box_box_bat_sacFlies_last10,boxscore,0.006425511661113755,0.9935744883388863,28,float64
home_box_box_box_bat_sacFlies_last20,boxscore,0.006425511661113755,0.9935744883388863,74,float64
home_box_box_box_bat_catchersInterference_season_to_date,boxscore,0.006425511661113755,0.9935744883388863,2859,float64
home_box_box_box_bat_catchersInterference_last3,boxscore,0.006425511661113755,0.9935744883388863,6,float64
home_box_box_box_bat_catchersInterference_last5,boxscore,0.006425511661113755,0.9935744883388863,9,float64
home_box_box_box_bat_catchersInterference_last10,boxscore,0.006425511661113755,0.9935744883388863,15,float64
home_box_box_box_bat_catchersInterference_last20,boxscore,0.006425511661113755,0.9935744883388863,28,float64
home_box_box_box_bat_pickoffs_season_to_date,boxscore,0.006425511661113755,0.9935744883388863,3922,float64
home_box_box_box_bat_pickoffs_last3,boxscore,0.006425511661113755,0.9935744883388863,5,float64
home_box_box_box_bat_pickoffs_last5,boxscore,0.006425511661113755,0.9935744883388863,6,float64
home_box_box_box_bat_pickoffs_last10,boxscore,0.006425511661113755,0.9935744883388863,17,float64
home_box_box_box_bat_pickoffs_last20,boxscore,0.006425511661113755,0.9935744883388863,34,float64
home_box_box_box_bat_popOuts_season_to_date,boxscore,0.006425511661113755,0.9935744883388863,6245,float64
home_box_box_box_bat_popOuts_last3,boxscore,0.006425511661113755,0.9935744883388863,20,float64
home_box_box_box_bat_popOuts_last5,boxscore,0.006425511661113755,0.9935744883388863,34,float64
home_box_box_box_bat_popOuts_last10,boxscore,0.006425511661113755,0.9935744883388863,74,float64
home_box_box_box_bat_popOuts_last20,boxscore,0.006425511661113755,0.9935744883388863,155,float64
home_box_box_box_bat_lineOuts_season_to_date,boxscore,0.006425511661113755,0.9935744883388863,6343,float64
home_box_box_box_bat_lineOuts_last3,boxscore,0.006425511661113755,0.9935744883388863,21,float64
home_box_box_box_bat_lineOuts_last5,boxscore,0.006425511661113755,0.9935744883388863,35,float64
home_box_box_box_bat_lineOuts_last10,boxscore,0.006425511661113755,0.9935744883388863,66,float64
home_box_box_box_bat_lineOuts_last20,boxscore,0.006425511661113755,0.9935744883388863,153,float64
home_box_box_box_pitch_flyOuts_season_to_date,boxscore,0.006425511661113755,0.9935744883388863,6918,float64
home_box_box_box_pitch_flyOuts_last3,boxscore,0.006425511661113755,0.9935744883388863,34,float64
home_box_box_box_pitch_flyOuts_last5,boxscore,0.006425511661113755,0.9935744883388863,59,float64
home_box_box_box_pitch_flyOuts_last10,boxscore,0.006425511661113755,0.9935744883388863,97,float64
home_box_box_box_pitch_flyOuts_last20,boxscore,0.006425511661113755,0.9935744883388863,204,float64
home_box_box_box_pitch_groundOuts_season_to_date,boxscore,0.006425511661113755,0.9935744883388863,7098,float64
home_box_box_box_pitch_groundOuts_last3,boxscore,0.006425511661113755,0.9935744883388863,41,float64
home_box_box_box_pitch_groundOuts_last5,boxscore,0.006425511661113755,0.9935744883388863,72,float64
home_box_box_box_pitch_groundOuts_last10,boxscore,0.006425511661113755,0.9935744883388863,120,float64
home_box_box_box_pitch_groundOuts_last20,boxscore,0.006425511661113755,0.9935744883388863,233,float64
home_box_box_box_pitch_airOuts_season_to_date,boxscore,0.006425511661113755,0.9935744883388863,7124,float64
home_box_box_box_pitch_airOuts_last3,boxscore,0.006425511661113755,0.9935744883388863,46,float64
home_box_box_box_pitch_airOuts_last5,boxscore,0.006425511661113755,0.9935744883388863,70,float64
home_box_box_box_pitch_airOuts_last10,boxscore,0.006425511661113755,0.9935744883388863,128,float64
home_box_box_box_pitch_airOuts_last20,boxscore,0.006425511661113755,0.9935744883388863,256,float64
home_box_box_box_pitch_runs_season_to_date,boxscore,0.006425511661113755,0.9935744883388863,7090,float64
home_box_box_box_pitch_runs_last3,boxscore,0.006425511661113755,0.9935744883388863,47,float64
home_box_box_box_pitch_runs_last5,boxscore,0.006425511661113755,0.9935744883388863,73,float64
home_box_box_box_pitch_runs_last10,boxscore,0.006425511661113755,0.9935744883388863,135,float64
home_box_box_box_pitch_runs_last20,boxscore,0.006425511661113755,0.9935744883388863,255,float64
home_box_box_box_pitch_doubles_season_to_date,boxscore,0.006425511661113755,0.9935744883388863,6345,float64
home_box_box_box_pitch_doubles_last3,boxscore,0.006425511661113755,0.9935744883388863,21,float64
home_box_box_box_pitch_doubles_last5,boxscore,0.006425511661113755,0.9935744883388863,39,float64
home_box_box_box_pitch_doubles_last10,boxscore,0.006425511661113755,0.9935744883388863,71,float64
home_box_box_box_pitch_doubles_last20,boxscore,0.006425511661113755,0.9935744883388863,149,float64
home_box_box_box_pitch_triples_season_to_date,boxscore,0.006425511661113755,0.9935744883388863,4559,float64
home_box_box_box_pitch_triples_last3,boxscore,0.006425511661113755,0.9935744883388863,9,float64
home_box_box_box_pitch_triples_last5,boxscore,0.006425511661113755,0.9935744883388863,13,float64
home_box_box_box_pitch_triples_last10,boxscore,0.006425511661113755,0.9935744883388863,22,float64
home_box_box_box_pitch_triples_last20,boxscore,0.006425511661113755,0.9935744883388863,58,float64
home_box_box_box_pitch_homeRuns_season_to_date,boxscore,0.006425511661113755,0.9935744883388863,5957,float64
home_box_box_box_pitch_homeRuns_last3,boxscore,0.006425511661113755,0.9935744883388863,18,float64
home_box_box_box_pitch_homeRuns_last5,boxscore,0.006425511661113755,0.9935744883388863,31,float64
home_box_box_box_pitch_homeRuns_last10,boxscore,0.006425511661113755,0.9935744883388863,61,float64
home_box_box_box_pitch_homeRuns_last20,boxscore,0.006425511661113755,0.9935744883388863,144,float64
home_box_box_box_pitch_strikeOuts_season_to_date,boxscore,0.006425511661113755,0.9935744883388863,7204,float64
home_box_box_box_pitch_strikeOuts_last3,boxscore,0.006425511661113755,0.9935744883388863,52,float64
home_box_box_box_pitch_strikeOuts_last5,boxscore,0.006425511661113755,0.9935744883388863,77,float64
home_box_box_box_pitch_strikeOuts_last10,boxscore,0.006425511661113755,0.9935744883388863,126,float64
home_box_box_box_pitch_strikeOuts_last20,boxscore,0.006425511661113755,0.9935744883388863,262,float64
home_box_box_box_pitch_baseOnBalls_season_to_date,boxscore,0.006425511661113755,0.9935744883388863,6970,float64
home_box_box_box_pitch_baseOnBalls_last3,boxscore,0.006425511661113755,0.9935744883388863,34,float64
home_box_box_box_pitch_baseOnBalls_last5,boxscore,0.006425511661113755,0.9935744883388863,54,float64
home_box_box_box_pitch_baseOnBalls_last10,boxscore,0.006425511661113755,0.9935744883388863,100,float64
home_box_box_box_pitch_baseOnBalls_last20,boxscore,0.006425511661113755,0.9935744883388863,214,float64
home_box_box_box_pitch_intentionalWalks_season_to_date,boxscore,0.006425511661113755,0.9935744883388863,4713,float64
home_box_box_box_pitch_intentionalWalks_last3,boxscore,0.006425511661113755,0.9935744883388863,7,float64
home_box_box_box_pitch_intentionalWalks_last5,boxscore,0.006425511661113755,0.9935744883388863,10,float64
home_box_box_box_pitch_intentionalWalks_last10,boxscore,0.006425511661113755,0.9935744883388863,19,float64
home_box_box_box_pitch_intentionalWalks_last20,boxscore,0.006425511661113755,0.9935744883388863,51,float64
home_box_box_box_pitch_hits_season_to_date,boxscore,0.006425511661113755,0.9935744883388863,7119,float64
home_box_box_box_pitch_hits_last3,boxscore,0.006425511661113755,0.9935744883388863,54,float64
home_box_box_box_pitch_hits_last5,boxscore,0.006425511661113755,0.9935744883388863,85,float64
home_box_box_box_pitch_hits_last10,boxscore,0.006425511661113755,0.9935744883388863,136,float64
home_box_box_box_pitch_hits_last20,boxscore,0.006425511661113755,0.9935744883388863,263,float64
home_box_box_box_pitch_hitByPitch_season_to_date,boxscore,0.006425511661113755,0.9935744883388863,5489,float64
home_box_box_box_pitch_hitByPitch_last3,boxscore,0.006425511661113755,0.9935744883388863,9,float64
home_box_box_box_pitch_hitByPitch_last5,boxscore,0.006425511661113755,0.9935744883388863,17,float64
home_box_box_box_pitch_hitByPitch_last10,boxscore,0.006425511661113755,0.9935744883388863,35,float64
home_box_box_box_pitch_hitByPitch_last20,boxscore,0.006425511661113755,0.9935744883388863,95,float64
home_box_box_box_pitch_atBats_season_to_date,boxscore,0.006425511661113755,0.9935744883388863,7031,float64
home_box_box_box_pitch_atBats_last3,boxscore,0.006425511661113755,0.9935744883388863,63,float64
home_box_box_box_pitch_atBats_last5,boxscore,0.006425511661113755,0.9935744883388863,96,float64
home_box_box_box_pitch_atBats_last10,boxscore,0.006425511661113755,0.9935744883388863,142,float64
home_box_box_box_pitch_atBats_last20,boxscore,0.006425511661113755,0.9935744883388863,267,float64
home_box_box_box_pitch_obp_season_to_date,boxscore,0.006425511661113755,0.9935744883388863,8254,float64
home_box_box_box_pitch_obp_last3,boxscore,0.006425511661113755,0.9935744883388863,2770,float64
home_box_box_box_pitch_obp_last5,boxscore,0.006425511661113755,0.9935744883388863,1823,float64
home_box_box_box_pitch_obp_last10,boxscore,0.006425511661113755,0.9935744883388863,2222,float64
home_box_box_box_pitch_obp_last20,boxscore,0.006425511661113755,0.9935744883388863,3050,float64
home_box_box_box_pitch_caughtStealing_season_to_date,boxscore,0.006425511661113755,0.9935744883388863,4388,float64
home_box_box_box_pitch_caughtStealing_last3,boxscore,0.006425511661113755,0.9935744883388863,8,float64
home_box_box_box_pitch_caughtStealing_last5,boxscore,0.006425511661113755,0.9935744883388863,11,float64
home_box_box_box_pitch_caughtStealing_last10,boxscore,0.006425511661113755,0.9935744883388863,22,float64
home_box_box_box_pitch_caughtStealing_last20,boxscore,0.006425511661113755,0.9935744883388863,52,float64
home_box_box_box_pitch_stolenBases_season_to_date,boxscore,0.006425511661113755,0.9935744883388863,6087,float64
home_box_box_box_pitch_stolenBases_last3,boxscore,0.006425511661113755,0.9935744883388863,17,float64
home_box_box_box_pitch_stolenBases_last5,boxscore,0.006425511661113755,0.9935744883388863,29,float64
home_box_box_box_pitch_stolenBases_last10,boxscore,0.006425511661113755,0.9935744883388863,54,float64
home_box_box_box_pitch_stolenBases_last20,boxscore,0.006425511661113755,0.9935744883388863,135,float64
home_box_box_box_pitch_numberOfPitches_season_to_date,boxscore,0.006425511661113755,0.9935744883388863,8012,float64
home_box_box_box_pitch_numberOfPitches_last3,boxscore,0.006425511661113755,0.9935744883388863,253,float64
home_box_box_box_pitch_numberOfPitches_last5,boxscore,0.006425511661113755,0.9935744883388863,348,float64
home_box_box_box_pitch_numberOfPitches_last10,boxscore,0.006425511661113755,0.9935744883388863,521,float64
home_box_box_box_pitch_numberOfPitches_last20,boxscore,0.006425511661113755,0.9935744883388863,849,float64
home_box_box_box_pitch_era_season_to_date,boxscore,0.006425511661113755,0.9935744883388863,8316,float64
home_box_box_box_pitch_era_last3,boxscore,0.006425511661113755,0.9935744883388863,2187,float64
home_box_box_box_pitch_era_last5,boxscore,0.006425511661113755,0.9935744883388863,2368,float64
home_box_box_box_pitch_era_last10,boxscore,0.006425511661113755,0.9935744883388863,3485,float64
home_box_box_box_pitch_era_last20,boxscore,0.006425511661113755,0.9935744883388863,4876,float64
home_box_box_box_pitch_inningsPitched_season_to_date,boxscore,0.006425511661113755,0.9935744883388863,7397,float64
home_box_box_box_pitch_inningsPitched_last3,boxscore,0.006425511661113755,0.9935744883388863,51,float64
home_box_box_box_pitch_inningsPitched_last5,boxscore,0.006425511661113755,0.9935744883388863,84,float64
home_box_box_box_pitch_inningsPitched_last10,boxscore,0.006425511661113755,0.9935744883388863,130,float64
home_box_box_box_pitch_inningsPitched_last20,boxscore,0.006425511661113755,0.9935744883388863,259,float64
home_box_box_box_pitch_earnedRuns_season_to_date,boxscore,0.006425511661113755,0.9935744883388863,7042,float64
home_box_box_box_pitch_earnedRuns_last3,boxscore,0.006425511661113755,0.9935744883388863,44,float64
home_box_box_box_pitch_earnedRuns_last5,boxscore,0.006425511661113755,0.9935744883388863,74,float64
home_box_box_box_pitch_earnedRuns_last10,boxscore,0.006425511661113755,0.9935744883388863,130,float64
home_box_box_box_pitch_earnedRuns_last20,boxscore,0.006425511661113755,0.9935744883388863,262,float64
home_box_box_box_pitch_whip_season_to_date,boxscore,0.006425511661113755,0.9935744883388863,8234,float64
home_box_box_box_pitch_whip_last3,boxscore,0.006425511661113755,0.9935744883388863,459,float64
home_box_box_box_pitch_whip_last5,boxscore,0.006425511661113755,0.9935744883388863,688,float64
home_box_box_box_pitch_whip_last10,boxscore,0.006425511661113755,0.9935744883388863,1169,float64
home_box_box_box_pitch_whip_last20,boxscore,0.006425511661113755,0.9935744883388863,1934,float64
home_box_box_box_pitch_battersFaced_season_to_date,boxscore,0.006425511661113755,0.9935744883388863,7304,float64
home_box_box_box_pitch_battersFaced_last3,boxscore,0.006425511661113755,0.9935744883388863,73,float64
home_box_box_box_pitch_battersFaced_last5,boxscore,0.006425511661113755,0.9935744883388863,108,float64
home_box_box_box_pitch_battersFaced_last10,boxscore,0.006425511661113755,0.9935744883388863,166,float64
home_box_box_box_pitch_battersFaced_last20,boxscore,0.006425511661113755,0.9935744883388863,312,float64
home_box_box_box_pitch_outs_season_to_date,boxscore,0.006425511661113755,0.9935744883388863,6399,float64
home_box_box_box_pitch_outs_last3,boxscore,0.006425511661113755,0.9935744883388863,34,float64
home_box_box_box_pitch_outs_last5,boxscore,0.006425511661113755,0.9935744883388863,48,float64
home_box_box_box_pitch_outs_last10,boxscore,0.006425511661113755,0.9935744883388863,70,float64
home_box_box_box_pitch_outs_last20,boxscore,0.006425511661113755,0.9935744883388863,149,float64
home_box_box_box_pitch_shutouts_season_to_date,boxscore,0.006425511661113755,0.9935744883388863,3753,float64
home_box_box_box_pitch_shutouts_last3,boxscore,0.006425511661113755,0.9935744883388863,5,float64
home_box_box_box_pitch_shutouts_last5,boxscore,0.006425511661113755,0.9935744883388863,9,float64
home_box_box_box_pitch_shutouts_last10,boxscore,0.006425511661113755,0.9935744883388863,18,float64
home_box_box_box_pitch_shutouts_last20,boxscore,0.006425511661113755,0.9935744883388863,41,float64
home_box_box_box_pitch_pitchesThrown_season_to_date,boxscore,0.006425511661113755,0.9935744883388863,8013,float64
home_box_box_box_pitch_pitchesThrown_last3,boxscore,0.006425511661113755,0.9935744883388863,251,float64
home_box_box_box_pitch_pitchesThrown_last5,boxscore,0.006425511661113755,0.9935744883388863,350,float64
home_box_box_box_pitch_pitchesThrown_last10,boxscore,0.006425511661113755,0.9935744883388863,525,float64
home_box_box_box_pitch_pitchesThrown_last20,boxscore,0.006425511661113755,0.9935744883388863,864,float64
home_box_box_box_pitch_balls_season_to_date,boxscore,0.006425511661113755,0.9935744883388863,7909,float64
home_box_box_box_pitch_balls_last3,boxscore,0.006425511661113755,0.9935744883388863,145,float64
home_box_box_box_pitch_balls_last5,boxscore,0.006425511661113755,0.9935744883388863,215,float64
home_box_box_box_pitch_balls_last10,boxscore,0.006425511661113755,0.9935744883388863,339,float64
home_box_box_box_pitch_balls_last20,boxscore,0.006425511661113755,0.9935744883388863,571,float64
home_box_box_box_pitch_strikes_season_to_date,boxscore,0.006425511661113755,0.9935744883388863,7792,float64
home_box_box_box_pitch_strikes_last3,boxscore,0.006425511661113755,0.9935744883388863,160,float64
home_box_box_box_pitch_strikes_last5,boxscore,0.006425511661113755,0.9935744883388863,226,float64
home_box_box_box_pitch_strikes_last10,boxscore,0.006425511661113755,0.9935744883388863,325,float64
home_box_box_box_pitch_strikes_last20,boxscore,0.006425511661113755,0.9935744883388863,546,float64
home_box_box_box_pitch_hitBatsmen_season_to_date,boxscore,0.006425511661113755,0.9935744883388863,5489,float64
home_box_box_box_pitch_hitBatsmen_last3,boxscore,0.006425511661113755,0.9935744883388863,9,float64
home_box_box_box_pitch_hitBatsmen_last5,boxscore,0.006425511661113755,0.9935744883388863,17,float64
home_box_box_box_pitch_hitBatsmen_last10,boxscore,0.006425511661113755,0.9935744883388863,35,float64
home_box_box_box_pitch_hitBatsmen_last20,boxscore,0.006425511661113755,0.9935744883388863,95,float64
home_box_box_box_pitch_balks_season_to_date,boxscore,0.006425511661113755,0.9935744883388863,3401,float64
home_box_box_box_pitch_balks_last3,boxscore,0.006425511661113755,0.9935744883388863,5,float64
home_box_box_box_pitch_balks_last5,boxscore,0.006425511661113755,0.9935744883388863,9,float64
home_box_box_box_pitch_balks_last10,boxscore,0.006425511661113755,0.9935744883388863,14,float64
home_box_box_box_pitch_balks_last20,boxscore,0.006425511661113755,0.9935744883388863,34,float64
home_box_box_box_pitch_wildPitches_season_to_date,boxscore,0.006425511661113755,0.9935744883388863,5105,float64
home_box_box_box_pitch_wildPitches_last3,boxscore,0.006425511661113755,0.9935744883388863,10,float64
home_box_box_box_pitch_wildPitches_last5,boxscore,0.006425511661113755,0.9935744883388863,17,float64
home_box_box_box_pitch_wildPitches_last10,boxscore,0.006425511661113755,0.9935744883388863,38,float64
home_box_box_box_pitch_wildPitches_last20,boxscore,0.006425511661113755,0.9935744883388863,91,float64
home_box_box_box_pitch_pickoffs_season_to_date,boxscore,0.006425511661113755,0.9935744883388863,3883,float64
home_box_box_box_pitch_pickoffs_last3,boxscore,0.006425511661113755,0.9935744883388863,5,float64
home_box_box_box_pitch_pickoffs_last5,boxscore,0.006425511661113755,0.9935744883388863,5,float64
home_box_box_box_pitch_pickoffs_last10,boxscore,0.006425511661113755,0.9935744883388863,14,float64
home_box_box_box_pitch_pickoffs_last20,boxscore,0.006425511661113755,0.9935744883388863,31,float64
home_box_box_box_pitch_rbi_season_to_date,boxscore,0.006425511661113755,0.9935744883388863,7022,float64
home_box_box_box_pitch_rbi_last3,boxscore,0.006425511661113755,0.9935744883388863,45,float64
home_box_box_box_pitch_rbi_last5,boxscore,0.006425511661113755,0.9935744883388863,74,float64
home_box_box_box_pitch_rbi_last10,boxscore,0.006425511661113755,0.9935744883388863,129,float64
home_box_box_box_pitch_rbi_last20,boxscore,0.006425511661113755,0.9935744883388863,260,float64
home_box_box_box_pitch_catchersInterference_season_to_date,boxscore,0.006425511661113755,0.9935744883388863,2702,float64
home_box_box_box_pitch_catchersInterference_last3,boxscore,0.006425511661113755,0.9935744883388863,5,float64
home_box_box_box_pitch_catchersInterference_last5,boxscore,0.006425511661113755,0.9935744883388863,8,float64
home_box_box_box_pitch_catchersInterference_last10,boxscore,0.006425511661113755,0.9935744883388863,14,float64
home_box_box_box_pitch_catchersInterference_last20,boxscore,0.006425511661113755,0.9935744883388863,30,float64
home_box_box_box_pitch_sacBunts_season_to_date,boxscore,0.006425511661113755,0.9935744883388863,3753,float64
home_box_box_box_pitch_sacBunts_last3,boxscore,0.006425511661113755,0.9935744883388863,7,float64
home_box_box_box_pitch_sacBunts_last5,boxscore,0.006425511661113755,0.9935744883388863,10,float64
home_box_box_box_pitch_sacBunts_last10,boxscore,0.006425511661113755,0.9935744883388863,16,float64
home_box_box_box_pitch_sacBunts_last20,boxscore,0.006425511661113755,0.9935744883388863,37,float64
home_box_box_box_pitch_sacFlies_season_to_date,boxscore,0.006425511661113755,0.9935744883388863,4759,float64
home_box_box_box_pitch_sacFlies_last3,boxscore,0.006425511661113755,0.9935744883388863,8,float64
home_box_box_box_pitch_sacFlies_last5,boxscore,0.006425511661113755,0.9935744883388863,17,float64
home_box_box_box_pitch_sacFlies_last10,boxscore,0.006425511661113755,0.9935744883388863,27,float64
home_box_box_box_pitch_sacFlies_last20,boxscore,0.006425511661113755,0.9935744883388863,82,float64
home_box_box_box_pitch_popOuts_season_to_date,boxscore,0.006425511661113755,0.9935744883388863,6321,float64
home_box_box_box_pitch_popOuts_last3,boxscore,0.006425511661113755,0.9935744883388863,19,float64
home_box_box_box_pitch_popOuts_last5,boxscore,0.006425511661113755,0.9935744883388863,33,float64
home_box_box_box_pitch_popOuts_last10,boxscore,0.006425511661113755,0.9935744883388863,68,float64
home_box_box_box_pitch_popOuts_last20,boxscore,0.006425511661113755,0.9935744883388863,163,float64
home_box_box_box_pitch_lineOuts_season_to_date,boxscore,0.006425511661113755,0.9935744883388863,6043,float64
home_box_box_box_pitch_lineOuts_last3,boxscore,0.006425511661113755,0.9935744883388863,24,float64
home_box_box_box_pitch_lineOuts_last5,boxscore,0.006425511661113755,0.9935744883388863,43,float64
home_box_box_box_pitch_lineOuts_last10,boxscore,0.006425511661113755,0.9935744883388863,74,float64
home_box_box_box_pitch_lineOuts_last20,boxscore,0.006425511661113755,0.9935744883388863,144,float64
away_box_box_runs_for_season_to_date,boxscore,0.006425511661113755,0.9935744883388863,7144,float64
away_box_box_runs_for_last3,boxscore,0.006425511661113755,0.9935744883388863,48,float64
away_box_box_runs_for_last5,boxscore,0.006425511661113755,0.9935744883388863,72,float64
away_box_box_runs_for_last10,boxscore,0.006425511661113755,0.9935744883388863,129,float64
away_box_box_runs_for_last20,boxscore,0.006425511661113755,0.9935744883388863,254,float64
away_box_box_runs_against_season_to_date,boxscore,0.006425511661113755,0.9935744883388863,7156,float64
away_box_box_runs_against_last3,boxscore,0.006425511661113755,0.9935744883388863,47,float64
away_box_box_runs_against_last5,boxscore,0.006425511661113755,0.9935744883388863,80,float64
away_box_box_runs_against_last10,boxscore,0.006425511661113755,0.9935744883388863,142,float64
away_box_box_runs_against_last20,boxscore,0.006425511661113755,0.9935744883388863,279,float64
away_box_box_box_bat_flyOuts_season_to_date,boxscore,0.006425511661113755,0.9935744883388863,6837,float64
away_box_box_box_bat_flyOuts_last3,boxscore,0.006425511661113755,0.9935744883388863,34,float64
away_box_box_box_bat_flyOuts_last5,boxscore,0.006425511661113755,0.9935744883388863,58,float64
away_box_box_box_bat_flyOuts_last10,boxscore,0.006425511661113755,0.9935744883388863,100,float64
away_box_box_box_bat_flyOuts_last20,boxscore,0.006425511661113755,0.9935744883388863,196,float64
away_box_box_box_bat_groundOuts_season_to_date,boxscore,0.006425511661113755,0.9935744883388863,7201,float64
away_box_box_box_bat_groundOuts_last3,boxscore,0.006425511661113755,0.9935744883388863,42,float64
away_box_box_box_bat_groundOuts_last5,boxscore,0.006425511661113755,0.9935744883388863,68,float64
away_box_box_box_bat_groundOuts_last10,boxscore,0.006425511661113755,0.9935744883388863,118,float64
away_box_box_box_bat_groundOuts_last20,boxscore,0.006425511661113755,0.9935744883388863,246,float64
away_box_box_box_bat_airOuts_season_to_date,boxscore,0.006425511661113755,0.9935744883388863,7103,float64
away_box_box_box_bat_airOuts_last3,boxscore,0.006425511661113755,0.9935744883388863,45,float64
away_box_box_box_bat_airOuts_last5,boxscore,0.006425511661113755,0.9935744883388863,72,float64
away_box_box_box_bat_airOuts_last10,boxscore,0.006425511661113755,0.9935744883388863,117,float64
away_box_box_box_bat_airOuts_last20,boxscore,0.006425511661113755,0.9935744883388863,232,float64
away_box_box_box_bat_runs_season_to_date,boxscore,0.006425511661113755,0.9935744883388863,7158,float64
away_box_box_box_bat_runs_last3,boxscore,0.006425511661113755,0.9935744883388863,46,float64
away_box_box_box_bat_runs_last5,boxscore,0.006425511661113755,0.9935744883388863,72,float64
away_box_box_box_bat_runs_last10,boxscore,0.006425511661113755,0.9935744883388863,125,float64
away_box_box_box_bat_runs_last20,boxscore,0.006425511661113755,0.9935744883388863,244,float64
away_box_box_box_bat_doubles_season_to_date,boxscore,0.006425511661113755,0.9935744883388863,6299,float64
away_box_box_box_bat_doubles_last3,boxscore,0.006425511661113755,0.9935744883388863,22,float64
away_box_box_box_bat_doubles_last5,boxscore,0.006425511661113755,0.9935744883388863,35,float64
away_box_box_box_bat_doubles_last10,boxscore,0.006425511661113755,0.9935744883388863,69,float64
away_box_box_box_bat_doubles_last20,boxscore,0.006425511661113755,0.9935744883388863,149,float64
away_box_box_box_bat_triples_season_to_date,boxscore,0.006425511661113755,0.9935744883388863,4720,float64
away_box_box_box_bat_triples_last3,boxscore,0.006425511661113755,0.9935744883388863,9,float64
away_box_box_box_bat_triples_last5,boxscore,0.006425511661113755,0.9935744883388863,12,float64
away_box_box_box_bat_triples_last10,boxscore,0.006425511661113755,0.9935744883388863,22,float64
away_box_box_box_bat_triples_last20,boxscore,0.006425511661113755,0.9935744883388863,55,float64
away_box_box_box_bat_homeRuns_season_to_date,boxscore,0.006425511661113755,0.9935744883388863,6432,float64
away_box_box_box_bat_homeRuns_last3,boxscore,0.006425511661113755,0.9935744883388863,16,float64
away_box_box_box_bat_homeRuns_last5,boxscore,0.006425511661113755,0.9935744883388863,33,float64
away_box_box_box_bat_homeRuns_last10,boxscore,0.006425511661113755,0.9935744883388863,64,float64
away_box_box_box_bat_homeRuns_last20,boxscore,0.006425511661113755,0.9935744883388863,140,float64
away_box_box_box_bat_strikeOuts_season_to_date,boxscore,0.006425511661113755,0.9935744883388863,7399,float64
away_box_box_box_bat_strikeOuts_last3,boxscore,0.006425511661113755,0.9935744883388863,51,float64
away_box_box_box_bat_strikeOuts_last5,boxscore,0.006425511661113755,0.9935744883388863,81,float64
away_box_box_box_bat_strikeOuts_last10,boxscore,0.006425511661113755,0.9935744883388863,133,float64
away_box_box_box_bat_strikeOuts_last20,boxscore,0.006425511661113755,0.9935744883388863,275,float64
away_box_box_box_bat_baseOnBalls_season_to_date,boxscore,0.006425511661113755,0.9935744883388863,6850,float64
away_box_box_box_bat_baseOnBalls_last3,boxscore,0.006425511661113755,0.9935744883388863,35,float64
away_box_box_box_bat_baseOnBalls_last5,boxscore,0.006425511661113755,0.9935744883388863,54,float64
away_box_box_box_bat_baseOnBalls_last10,boxscore,0.006425511661113755,0.9935744883388863,97,float64
away_box_box_box_bat_baseOnBalls_last20,boxscore,0.006425511661113755,0.9935744883388863,208,float64
away_box_box_box_bat_intentionalWalks_season_to_date,boxscore,0.006425511661113755,0.9935744883388863,4516,float64
away_box_box_box_bat_intentionalWalks_last3,boxscore,0.006425511661113755,0.9935744883388863,8,float64
away_box_box_box_bat_intentionalWalks_last5,boxscore,0.006425511661113755,0.9935744883388863,10,float64
away_box_box_box_bat_intentionalWalks_last10,boxscore,0.006425511661113755,0.9935744883388863,17,float64
away_box_box_box_bat_intentionalWalks_last20,boxscore,0.006425511661113755,0.9935744883388863,39,float64
away_box_box_box_bat_hits_season_to_date,boxscore,0.006425511661113755,0.9935744883388863,7138,float64
away_box_box_box_bat_hits_last3,boxscore,0.006425511661113755,0.9935744883388863,53,float64
away_box_box_box_bat_hits_last5,boxscore,0.006425511661113755,0.9935744883388863,84,float64
away_box_box_box_bat_hits_last10,boxscore,0.006425511661113755,0.9935744883388863,130,float64
away_box_box_box_bat_hits_last20,boxscore,0.006425511661113755,0.9935744883388863,255,float64
away_box_box_box_bat_hitByPitch_season_to_date,boxscore,0.006425511661113755,0.9935744883388863,5660,float64
away_box_box_box_bat_hitByPitch_last3,boxscore,0.006425511661113755,0.9935744883388863,10,float64
away_box_box_box_bat_hitByPitch_last5,boxscore,0.006425511661113755,0.9935744883388863,17,float64
away_box_box_box_bat_hitByPitch_last10,boxscore,0.006425511661113755,0.9935744883388863,36,float64
away_box_box_box_bat_hitByPitch_last20,boxscore,0.006425511661113755,0.9935744883388863,94,float64
away_box_box_box_bat_avg_season_to_date,boxscore,0.006425511661113755,0.9935744883388863,8284,float64
away_box_box_box_bat_avg_last3,boxscore,0.006425511661113755,0.9935744883388863,632,float64
away_box_box_box_bat_avg_last5,boxscore,0.006425511661113755,0.9935744883388863,890,float64
away_box_box_box_bat_avg_last10,boxscore,0.006425511661113755,0.9935744883388863,1482,float64
away_box_box_box_bat_avg_last20,boxscore,0.006425511661113755,0.9935744883388863,2380,float64
away_box_box_box_bat_atBats_season_to_date,boxscore,0.006425511661113755,0.9935744883388863,7074,float64
away_box_box_box_bat_atBats_last3,boxscore,0.006425511661113755,0.9935744883388863,64,float64
away_box_box_box_bat_atBats_last5,boxscore,0.006425511661113755,0.9935744883388863,98,float64
away_box_box_box_bat_atBats_last10,boxscore,0.006425511661113755,0.9935744883388863,159,float64
away_box_box_box_bat_atBats_last20,boxscore,0.006425511661113755,0.9935744883388863,273,float64
away_box_box_box_bat_obp_season_to_date,boxscore,0.006425511661113755,0.9935744883388863,8270,float64
away_box_box_box_bat_obp_last3,boxscore,0.006425511661113755,0.9935744883388863,701,float64
away_box_box_box_bat_obp_last5,boxscore,0.006425511661113755,0.9935744883388863,954,float64
away_box_box_box_bat_obp_last10,boxscore,0.006425511661113755,0.9935744883388863,1527,float64
away_box_box_box_bat_obp_last20,boxscore,0.006425511661113755,0.9935744883388863,2408,float64
away_box_box_box_bat_slg_season_to_date,boxscore,0.006425511661113755,0.9935744883388863,8310,float64
away_box_box_box_bat_slg_last3,boxscore,0.006425511661113755,0.9935744883388863,1096,float64
away_box_box_box_bat_slg_last5,boxscore,0.006425511661113755,0.9935744883388863,1483,float64
away_box_box_box_bat_slg_last10,boxscore,0.006425511661113755,0.9935744883388863,2317,float64
away_box_box_box_bat_slg_last20,boxscore,0.006425511661113755,0.9935744883388863,3587,float64
away_box_box_box_bat_ops_season_to_date,boxscore,0.006425511661113755,0.9935744883388863,8320,float64
away_box_box_box_bat_ops_last3,boxscore,0.006425511661113755,0.9935744883388863,1379,float64
away_box_box_box_bat_ops_last5,boxscore,0.006425511661113755,0.9935744883388863,1930,float64
away_box_box_box_bat_ops_last10,boxscore,0.006425511661113755,0.9935744883388863,2963,float64
away_box_box_box_bat_ops_last20,boxscore,0.006425511661113755,0.9935744883388863,4376,float64
away_box_box_box_bat_caughtStealing_season_to_date,boxscore,0.006425511661113755,0.9935744883388863,4839,float64
away_box_box_box_bat_caughtStealing_last3,boxscore,0.006425511661113755,0.9935744883388863,9,float64
away_box_box_box_bat_caughtStealing_last5,boxscore,0.006425511661113755,0.9935744883388863,12,float64
away_box_box_box_bat_caughtStealing_last10,boxscore,0.006425511661113755,0.9935744883388863,23,float64
away_box_box_box_bat_caughtStealing_last20,boxscore,0.006425511661113755,0.9935744883388863,57,float64
away_box_box_box_bat_stolenBases_season_to_date,boxscore,0.006425511661113755,0.9935744883388863,6438,float64
away_box_box_box_bat_stolenBases_last3,boxscore,0.006425511661113755,0.9935744883388863,18,float64
away_box_box_box_bat_stolenBases_last5,boxscore,0.006425511661113755,0.9935744883388863,31,float64
away_box_box_box_bat_stolenBases_last10,boxscore,0.006425511661113755,0.9935744883388863,58,float64
away_box_box_box_bat_stolenBases_last20,boxscore,0.006425511661113755,0.9935744883388863,138,float64
away_box_box_box_bat_groundIntoDoublePlay_season_to_date,boxscore,0.006425511661113755,0.9935744883388863,5585,float64
away_box_box_box_bat_groundIntoDoublePlay_last3,boxscore,0.006425511661113755,0.9935744883388863,11,float64
away_box_box_box_bat_groundIntoDoublePlay_last5,boxscore,0.006425511661113755,0.9935744883388863,20,float64
away_box_box_box_bat_groundIntoDoublePlay_last10,boxscore,0.006425511661113755,0.9935744883388863,41,float64
away_box_box_box_bat_groundIntoDoublePlay_last20,boxscore,0.006425511661113755,0.9935744883388863,105,float64
away_box_box_box_bat_groundIntoTriplePlay_season_to_date,boxscore,0.006425511661113755,0.9935744883388863,182,float64
away_box_box_box_bat_groundIntoTriplePlay_last3,boxscore,0.006425511661113755,0.9935744883388863,2,float64
away_box_box_box_bat_groundIntoTriplePlay_last5,boxscore,0.006425511661113755,0.9935744883388863,2,float64
away_box_box_box_bat_groundIntoTriplePlay_last10,boxscore,0.006425511661113755,0.9935744883388863,2,float64
away_box_box_box_bat_groundIntoTriplePlay_last20,boxscore,0.006425511661113755,0.9935744883388863,2,float64
away_box_box_box_bat_plateAppearances_season_to_date,boxscore,0.006425511661113755,0.9935744883388863,7273,float64
away_box_box_box_bat_plateAppearances_last3,boxscore,0.006425511661113755,0.9935744883388863,78,float64
away_box_box_box_bat_plateAppearances_last5,boxscore,0.006425511661113755,0.9935744883388863,113,float64
away_box_box_box_bat_plateAppearances_last10,boxscore,0.006425511661113755,0.9935744883388863,173,float64
away_box_box_box_bat_plateAppearances_last20,boxscore,0.006425511661113755,0.9935744883388863,305,float64
away_box_box_box_bat_totalBases_season_to_date,boxscore,0.006425511661113755,0.9935744883388863,7566,float64
away_box_box_box_bat_totalBases_last3,boxscore,0.006425511661113755,0.9935744883388863,90,float64
away_box_box_box_bat_totalBases_last5,boxscore,0.006425511661113755,0.9935744883388863,128,float64
away_box_box_box_bat_totalBases_last10,boxscore,0.006425511661113755,0.9935744883388863,207,float64
away_box_box_box_bat_totalBases_last20,boxscore,0.006425511661113755,0.9935744883388863,380,float64
away_box_box_box_bat_rbi_season_to_date,boxscore,0.006425511661113755,0.9935744883388863,7170,float64
away_box_box_box_bat_rbi_last3,boxscore,0.006425511661113755,0.9935744883388863,44,float64
away_box_box_box_bat_rbi_last5,boxscore,0.006425511661113755,0.9935744883388863,73,float64
away_box_box_box_bat_rbi_last10,boxscore,0.006425511661113755,0.9935744883388863,116,float64
away_box_box_box_bat_rbi_last20,boxscore,0.006425511661113755,0.9935744883388863,235,float64
away_box_box_box_bat_leftOnBase_season_to_date,boxscore,0.006425511661113755,0.9935744883388863,7320,float64
away_box_box_box_bat_leftOnBase_last3,boxscore,0.006425511661113755,0.9935744883388863,76,float64
away_box_box_box_bat_leftOnBase_last5,boxscore,0.006425511661113755,0.9935744883388863,113,float64
away_box_box_box_bat_leftOnBase_last10,boxscore,0.006425511661113755,0.9935744883388863,186,float64
away_box_box_box_bat_leftOnBase_last20,boxscore,0.006425511661113755,0.9935744883388863,326,float64
away_box_box_box_bat_sacBunts_season_to_date,boxscore,0.006425511661113755,0.9935744883388863,4642,float64
away_box_box_box_bat_sacBunts_last3,boxscore,0.006425511661113755,0.9935744883388863,8,float64
away_box_box_box_bat_sacBunts_last5,boxscore,0.006425511661113755,0.9935744883388863,12,float64
away_box_box_box_bat_sacBunts_last10,boxscore,0.006425511661113755,0.9935744883388863,18,float64
away_box_box_box_bat_sacBunts_last20,boxscore,0.006425511661113755,0.9935744883388863,37,float64
away_box_box_box_bat_sacFlies_season_to_date,boxscore,0.006425511661113755,0.9935744883388863,4635,float64
away_box_box_box_bat_sacFlies_last3,boxscore,0.006425511661113755,0.9935744883388863,8,float64
away_box_box_box_bat_sacFlies_last5,boxscore,0.006425511661113755,0.9935744883388863,15,float64
away_box_box_box_bat_sacFlies_last10,boxscore,0.006425511661113755,0.9935744883388863,27,float64
away_box_box_box_bat_sacFlies_last20,boxscore,0.006425511661113755,0.9935744883388863,70,float64
away_box_box_box_bat_catchersInterference_season_to_date,boxscore,0.006425511661113755,0.9935744883388863,2866,float64
away_box_box_box_bat_catchersInterference_last3,boxscore,0.006425511661113755,0.9935744883388863,5,float64
away_box_box_box_bat_catchersInterference_last5,boxscore,0.006425511661113755,0.9935744883388863,8,float64
away_box_box_box_bat_catchersInterference_last10,boxscore,0.006425511661113755,0.9935744883388863,14,float64
away_box_box_box_bat_catchersInterference_last20,boxscore,0.006425511661113755,0.9935744883388863,27,float64
away_box_box_box_bat_pickoffs_season_to_date,boxscore,0.006425511661113755,0.9935744883388863,3921,float64
away_box_box_box_bat_pickoffs_last3,boxscore,0.006425511661113755,0.9935744883388863,5,float64
away_box_box_box_bat_pickoffs_last5,boxscore,0.006425511661113755,0.9935744883388863,6,float64
away_box_box_box_bat_pickoffs_last10,boxscore,0.006425511661113755,0.9935744883388863,12,float64
away_box_box_box_bat_pickoffs_last20,boxscore,0.006425511661113755,0.9935744883388863,28,float64
away_box_box_box_bat_popOuts_season_to_date,boxscore,0.006425511661113755,0.9935744883388863,6293,float64
away_box_box_box_bat_popOuts_last3,boxscore,0.006425511661113755,0.9935744883388863,21,float64
away_box_box_box_bat_popOuts_last5,boxscore,0.006425511661113755,0.9935744883388863,36,float64
away_box_box_box_bat_popOuts_last10,boxscore,0.006425511661113755,0.9935744883388863,66,float64
away_box_box_box_bat_popOuts_last20,boxscore,0.006425511661113755,0.9935744883388863,158,float64
away_box_box_box_bat_lineOuts_season_to_date,boxscore,0.006425511661113755,0.9935744883388863,6331,float64
away_box_box_box_bat_lineOuts_last3,boxscore,0.006425511661113755,0.9935744883388863,24,float64
away_box_box_box_bat_lineOuts_last5,boxscore,0.006425511661113755,0.9935744883388863,41,float64
away_box_box_box_bat_lineOuts_last10,boxscore,0.006425511661113755,0.9935744883388863,74,float64
away_box_box_box_bat_lineOuts_last20,boxscore,0.006425511661113755,0.9935744883388863,157,float64
away_box_box_box_pitch_flyOuts_season_to_date,boxscore,0.006425511661113755,0.9935744883388863,6974,float64
away_box_box_box_pitch_flyOuts_last3,boxscore,0.006425511661113755,0.9935744883388863,35,float64
away_box_box_box_pitch_flyOuts_last5,boxscore,0.006425511661113755,0.9935744883388863,57,float64
away_box_box_box_pitch_flyOuts_last10,boxscore,0.006425511661113755,0.9935744883388863,103,float64
away_box_box_box_pitch_flyOuts_last20,boxscore,0.006425511661113755,0.9935744883388863,200,float64
away_box_box_box_pitch_groundOuts_season_to_date,boxscore,0.006425511661113755,0.9935744883388863,7071,float64
away_box_box_box_pitch_groundOuts_last3,boxscore,0.006425511661113755,0.9935744883388863,42,float64
away_box_box_box_pitch_groundOuts_last5,boxscore,0.006425511661113755,0.9935744883388863,65,float64
away_box_box_box_pitch_groundOuts_last10,boxscore,0.006425511661113755,0.9935744883388863,116,float64
away_box_box_box_pitch_groundOuts_last20,boxscore,0.006425511661113755,0.9935744883388863,227,float64
away_box_box_box_pitch_airOuts_season_to_date,boxscore,0.006425511661113755,0.9935744883388863,7118,float64
away_box_box_box_pitch_airOuts_last3,boxscore,0.006425511661113755,0.9935744883388863,40,float64
away_box_box_box_pitch_airOuts_last5,boxscore,0.006425511661113755,0.9935744883388863,63,float64
away_box_box_box_pitch_airOuts_last10,boxscore,0.006425511661113755,0.9935744883388863,120,float64
away_box_box_box_pitch_airOuts_last20,boxscore,0.006425511661113755,0.9935744883388863,235,float64
away_box_box_box_pitch_runs_season_to_date,boxscore,0.006425511661113755,0.9935744883388863,7161,float64
away_box_box_box_pitch_runs_last3,boxscore,0.006425511661113755,0.9935744883388863,46,float64
away_box_box_box_pitch_runs_last5,boxscore,0.006425511661113755,0.9935744883388863,77,float64
away_box_box_box_pitch_runs_last10,boxscore,0.006425511661113755,0.9935744883388863,133,float64
away_box_box_box_pitch_runs_last20,boxscore,0.006425511661113755,0.9935744883388863,263,float64
away_box_box_box_pitch_doubles_season_to_date,boxscore,0.006425511661113755,0.9935744883388863,6329,float64
away_box_box_box_pitch_doubles_last3,boxscore,0.006425511661113755,0.9935744883388863,21,float64
away_box_box_box_pitch_doubles_last5,boxscore,0.006425511661113755,0.9935744883388863,36,float64
away_box_box_box_pitch_doubles_last10,boxscore,0.006425511661113755,0.9935744883388863,62,float64
away_box_box_box_pitch_doubles_last20,boxscore,0.006425511661113755,0.9935744883388863,136,float64
away_box_box_box_pitch_triples_season_to_date,boxscore,0.006425511661113755,0.9935744883388863,4512,float64
away_box_box_box_pitch_triples_last3,boxscore,0.006425511661113755,0.9935744883388863,8,float64
away_box_box_box_pitch_triples_last5,boxscore,0.006425511661113755,0.9935744883388863,13,float64
away_box_box_box_pitch_triples_last10,boxscore,0.006425511661113755,0.9935744883388863,21,float64
away_box_box_box_pitch_triples_last20,boxscore,0.006425511661113755,0.9935744883388863,54,float64
away_box_box_box_pitch_homeRuns_season_to_date,boxscore,0.006425511661113755,0.9935744883388863,5980,float64
away_box_box_box_pitch_homeRuns_last3,boxscore,0.006425511661113755,0.9935744883388863,17,float64
away_box_box_box_pitch_homeRuns_last5,boxscore,0.006425511661113755,0.9935744883388863,33,float64
away_box_box_box_pitch_homeRuns_last10,boxscore,0.006425511661113755,0.9935744883388863,59,float64
away_box_box_box_pitch_homeRuns_last20,boxscore,0.006425511661113755,0.9935744883388863,138,float64
away_box_box_box_pitch_strikeOuts_season_to_date,boxscore,0.006425511661113755,0.9935744883388863,7234,float64
away_box_box_box_pitch_strikeOuts_last3,boxscore,0.006425511661113755,0.9935744883388863,45,float64
away_box_box_box_pitch_strikeOuts_last5,boxscore,0.006425511661113755,0.9935744883388863,78,float64
away_box_box_box_pitch_strikeOuts_last10,boxscore,0.006425511661113755,0.9935744883388863,134,float64
away_box_box_box_pitch_strikeOuts_last20,boxscore,0.006425511661113755,0.9935744883388863,255,float64
away_box_box_box_pitch_baseOnBalls_season_to_date,boxscore,0.006425511661113755,0.9935744883388863,6947,float64
away_box_box_box_pitch_baseOnBalls_last3,boxscore,0.006425511661113755,0.9935744883388863,34,float64
away_box_box_box_pitch_baseOnBalls_last5,boxscore,0.006425511661113755,0.9935744883388863,53,float64
away_box_box_box_pitch_baseOnBalls_last10,boxscore,0.006425511661113755,0.9935744883388863,96,float64
away_box_box_box_pitch_baseOnBalls_last20,boxscore,0.006425511661113755,0.9935744883388863,204,float64
away_box_box_box_pitch_intentionalWalks_season_to_date,boxscore,0.006425511661113755,0.9935744883388863,4776,float64
away_box_box_box_pitch_intentionalWalks_last3,boxscore,0.006425511661113755,0.9935744883388863,8,float64
away_box_box_box_pitch_intentionalWalks_last5,boxscore,0.006425511661113755,0.9935744883388863,11,float64
away_box_box_box_pitch_intentionalWalks_last10,boxscore,0.006425511661113755,0.9935744883388863,21,float64
away_box_box_box_pitch_intentionalWalks_last20,boxscore,0.006425511661113755,0.9935744883388863,51,float64
away_box_box_box_pitch_hits_season_to_date,boxscore,0.006425511661113755,0.9935744883388863,7115,float64
away_box_box_box_pitch_hits_last3,boxscore,0.006425511661113755,0.9935744883388863,52,float64
away_box_box_box_pitch_hits_last5,boxscore,0.006425511661113755,0.9935744883388863,85,float64
away_box_box_box_pitch_hits_last10,boxscore,0.006425511661113755,0.9935744883388863,144,float64
away_box_box_box_pitch_hits_last20,boxscore,0.006425511661113755,0.9935744883388863,267,float64
away_box_box_box_pitch_hitByPitch_season_to_date,boxscore,0.006425511661113755,0.9935744883388863,5524,float64
away_box_box_box_pitch_hitByPitch_last3,boxscore,0.006425511661113755,0.9935744883388863,10,float64
away_box_box_box_pitch_hitByPitch_last5,boxscore,0.006425511661113755,0.9935744883388863,17,float64
away_box_box_box_pitch_hitByPitch_last10,boxscore,0.006425511661113755,0.9935744883388863,39,float64
away_box_box_box_pitch_hitByPitch_last20,boxscore,0.006425511661113755,0.9935744883388863,93,float64
away_box_box_box_pitch_atBats_season_to_date,boxscore,0.006425511661113755,0.9935744883388863,7039,float64
away_box_box_box_pitch_atBats_last3,boxscore,0.006425511661113755,0.9935744883388863,60,float64
away_box_box_box_pitch_atBats_last5,boxscore,0.006425511661113755,0.9935744883388863,90,float64
away_box_box_box_pitch_atBats_last10,boxscore,0.006425511661113755,0.9935744883388863,148,float64
away_box_box_box_pitch_atBats_last20,boxscore,0.006425511661113755,0.9935744883388863,261,float64
away_box_box_box_pitch_obp_season_to_date,boxscore,0.006425511661113755,0.9935744883388863,8256,float64
away_box_box_box_pitch_obp_last3,boxscore,0.006425511661113755,0.9935744883388863,2719,float64
away_box_box_box_pitch_obp_last5,boxscore,0.006425511661113755,0.9935744883388863,1775,float64
away_box_box_box_pitch_obp_last10,boxscore,0.006425511661113755,0.9935744883388863,2232,float64
away_box_box_box_pitch_obp_last20,boxscore,0.006425511661113755,0.9935744883388863,3086,float64
away_box_box_box_pitch_caughtStealing_season_to_date,boxscore,0.006425511661113755,0.9935744883388863,4372,float64
away_box_box_box_pitch_caughtStealing_last3,boxscore,0.006425511661113755,0.9935744883388863,7,float64
away_box_box_box_pitch_caughtStealing_last5,boxscore,0.006425511661113755,0.9935744883388863,12,float64
away_box_box_box_pitch_caughtStealing_last10,boxscore,0.006425511661113755,0.9935744883388863,22,float64
away_box_box_box_pitch_caughtStealing_last20,boxscore,0.006425511661113755,0.9935744883388863,56,float64
away_box_box_box_pitch_stolenBases_season_to_date,boxscore,0.006425511661113755,0.9935744883388863,6073,float64
away_box_box_box_pitch_stolenBases_last3,boxscore,0.006425511661113755,0.9935744883388863,18,float64
away_box_box_box_pitch_stolenBases_last5,boxscore,0.006425511661113755,0.9935744883388863,28,float64
away_box_box_box_pitch_stolenBases_last10,boxscore,0.006425511661113755,0.9935744883388863,52,float64
away_box_box_box_pitch_stolenBases_last20,boxscore,0.006425511661113755,0.9935744883388863,124,float64
away_box_box_box_pitch_numberOfPitches_season_to_date,boxscore,0.006425511661113755,0.9935744883388863,8003,float64
away_box_box_box_pitch_numberOfPitches_last3,boxscore,0.006425511661113755,0.9935744883388863,261,float64
away_box_box_box_pitch_numberOfPitches_last5,boxscore,0.006425511661113755,0.9935744883388863,360,float64
away_box_box_box_pitch_numberOfPitches_last10,boxscore,0.006425511661113755,0.9935744883388863,530,float64
away_box_box_box_pitch_numberOfPitches_last20,boxscore,0.006425511661113755,0.9935744883388863,833,float64
away_box_box_box_pitch_era_season_to_date,boxscore,0.006425511661113755,0.9935744883388863,8326,float64
away_box_box_box_pitch_era_last3,boxscore,0.006425511661113755,0.9935744883388863,2218,float64
away_box_box_box_pitch_era_last5,boxscore,0.006425511661113755,0.9935744883388863,2382,float64
away_box_box_box_pitch_era_last10,boxscore,0.006425511661113755,0.9935744883388863,3536,float64
away_box_box_box_pitch_era_last20,boxscore,0.006425511661113755,0.9935744883388863,4931,float64
away_box_box_box_pitch_inningsPitched_season_to_date,boxscore,0.006425511661113755,0.9935744883388863,7299,float64
away_box_box_box_pitch_inningsPitched_last3,boxscore,0.006425511661113755,0.9935744883388863,60,float64
away_box_box_box_pitch_inningsPitched_last5,boxscore,0.006425511661113755,0.9935744883388863,81,float64
away_box_box_box_pitch_inningsPitched_last10,boxscore,0.006425511661113755,0.9935744883388863,139,float64
away_box_box_box_pitch_inningsPitched_last20,boxscore,0.006425511661113755,0.9935744883388863,258,float64
away_box_box_box_pitch_earnedRuns_season_to_date,boxscore,0.006425511661113755,0.9935744883388863,7050,float64
away_box_box_box_pitch_earnedRuns_last3,boxscore,0.006425511661113755,0.9935744883388863,45,float64
away_box_box_box_pitch_earnedRuns_last5,boxscore,0.006425511661113755,0.9935744883388863,69,float64
away_box_box_box_pitch_earnedRuns_last10,boxscore,0.006425511661113755,0.9935744883388863,127,float64
away_box_box_box_pitch_earnedRuns_last20,boxscore,0.006425511661113755,0.9935744883388863,264,float64
away_box_box_box_pitch_whip_season_to_date,boxscore,0.006425511661113755,0.9935744883388863,8233,float64
away_box_box_box_pitch_whip_last3,boxscore,0.006425511661113755,0.9935744883388863,467,float64
away_box_box_box_pitch_whip_last5,boxscore,0.006425511661113755,0.9935744883388863,693,float64
away_box_box_box_pitch_whip_last10,boxscore,0.006425511661113755,0.9935744883388863,1186,float64
away_box_box_box_pitch_whip_last20,boxscore,0.006425511661113755,0.9935744883388863,1908,float64
away_box_box_box_pitch_battersFaced_season_to_date,boxscore,0.006425511661113755,0.9935744883388863,7297,float64
away_box_box_box_pitch_battersFaced_last3,boxscore,0.006425511661113755,0.9935744883388863,72,float64
away_box_box_box_pitch_battersFaced_last5,boxscore,0.006425511661113755,0.9935744883388863,105,float64
away_box_box_box_pitch_battersFaced_last10,boxscore,0.006425511661113755,0.9935744883388863,171,float64
away_box_box_box_pitch_battersFaced_last20,boxscore,0.006425511661113755,0.9935744883388863,304,float64
away_box_box_box_pitch_outs_season_to_date,boxscore,0.006425511661113755,0.9935744883388863,6286,float64
away_box_box_box_pitch_outs_last3,boxscore,0.006425511661113755,0.9935744883388863,33,float64
away_box_box_box_pitch_outs_last5,boxscore,0.006425511661113755,0.9935744883388863,46,float64
away_box_box_box_pitch_outs_last10,boxscore,0.006425511661113755,0.9935744883388863,78,float64
away_box_box_box_pitch_outs_last20,boxscore,0.006425511661113755,0.9935744883388863,144,float64
away_box_box_box_pitch_shutouts_season_to_date,boxscore,0.006425511661113755,0.9935744883388863,3700,float64
away_box_box_box_pitch_shutouts_last3,boxscore,0.006425511661113755,0.9935744883388863,4,float64
away_box_box_box_pitch_shutouts_last5,boxscore,0.006425511661113755,0.9935744883388863,9,float64
away_box_box_box_pitch_shutouts_last10,boxscore,0.006425511661113755,0.9935744883388863,16,float64
away_box_box_box_pitch_shutouts_last20,boxscore,0.006425511661113755,0.9935744883388863,41,float64
away_box_box_box_pitch_pitchesThrown_season_to_date,boxscore,0.006425511661113755,0.9935744883388863,8003,float64
away_box_box_box_pitch_pitchesThrown_last3,boxscore,0.006425511661113755,0.9935744883388863,259,float64
away_box_box_box_pitch_pitchesThrown_last5,boxscore,0.006425511661113755,0.9935744883388863,358,float64
away_box_box_box_pitch_pitchesThrown_last10,boxscore,0.006425511661113755,0.9935744883388863,543,float64
away_box_box_box_pitch_pitchesThrown_last20,boxscore,0.006425511661113755,0.9935744883388863,854,float64
away_box_box_box_pitch_balls_season_to_date,boxscore,0.006425511661113755,0.9935744883388863,7913,float64
away_box_box_box_pitch_balls_last3,boxscore,0.006425511661113755,0.9935744883388863,156,float64
away_box_box_box_pitch_balls_last5,boxscore,0.006425511661113755,0.9935744883388863,217,float64
away_box_box_box_pitch_balls_last10,boxscore,0.006425511661113755,0.9935744883388863,346,float64
away_box_box_box_pitch_balls_last20,boxscore,0.006425511661113755,0.9935744883388863,586,float64
away_box_box_box_pitch_strikes_season_to_date,boxscore,0.006425511661113755,0.9935744883388863,7775,float64
away_box_box_box_pitch_strikes_last3,boxscore,0.006425511661113755,0.9935744883388863,163,float64
away_box_box_box_pitch_strikes_last5,boxscore,0.006425511661113755,0.9935744883388863,229,float64
away_box_box_box_pitch_strikes_last10,boxscore,0.006425511661113755,0.9935744883388863,336,float64
away_box_box_box_pitch_strikes_last20,boxscore,0.006425511661113755,0.9935744883388863,525,float64
away_box_box_box_pitch_hitBatsmen_season_to_date,boxscore,0.006425511661113755,0.9935744883388863,5524,float64
away_box_box_box_pitch_hitBatsmen_last3,boxscore,0.006425511661113755,0.9935744883388863,10,float64
away_box_box_box_pitch_hitBatsmen_last5,boxscore,0.006425511661113755,0.9935744883388863,17,float64
away_box_box_box_pitch_hitBatsmen_last10,boxscore,0.006425511661113755,0.9935744883388863,39,float64
away_box_box_box_pitch_hitBatsmen_last20,boxscore,0.006425511661113755,0.9935744883388863,93,float64
away_box_box_box_pitch_balks_season_to_date,boxscore,0.006425511661113755,0.9935744883388863,3389,float64
away_box_box_box_pitch_balks_last3,boxscore,0.006425511661113755,0.9935744883388863,6,float64
away_box_box_box_pitch_balks_last5,boxscore,0.006425511661113755,0.9935744883388863,9,float64
away_box_box_box_pitch_balks_last10,boxscore,0.006425511661113755,0.9935744883388863,15,float64
away_box_box_box_pitch_balks_last20,boxscore,0.006425511661113755,0.9935744883388863,33,float64
away_box_box_box_pitch_wildPitches_season_to_date,boxscore,0.006425511661113755,0.9935744883388863,5117,float64
away_box_box_box_pitch_wildPitches_last3,boxscore,0.006425511661113755,0.9935744883388863,11,float64
away_box_box_box_pitch_wildPitches_last5,boxscore,0.006425511661113755,0.9935744883388863,17,float64
away_box_box_box_pitch_wildPitches_last10,boxscore,0.006425511661113755,0.9935744883388863,36,float64
away_box_box_box_pitch_wildPitches_last20,boxscore,0.006425511661113755,0.9935744883388863,95,float64
away_box_box_box_pitch_pickoffs_season_to_date,boxscore,0.006425511661113755,0.9935744883388863,3883,float64
away_box_box_box_pitch_pickoffs_last3,boxscore,0.006425511661113755,0.9935744883388863,4,float64
away_box_box_box_pitch_pickoffs_last5,boxscore,0.006425511661113755,0.9935744883388863,6,float64
away_box_box_box_pitch_pickoffs_last10,boxscore,0.006425511661113755,0.9935744883388863,15,float64
away_box_box_box_pitch_pickoffs_last20,boxscore,0.006425511661113755,0.9935744883388863,31,float64
away_box_box_box_pitch_rbi_season_to_date,boxscore,0.006425511661113755,0.9935744883388863,7051,float64
away_box_box_box_pitch_rbi_last3,boxscore,0.006425511661113755,0.9935744883388863,45,float64
away_box_box_box_pitch_rbi_last5,boxscore,0.006425511661113755,0.9935744883388863,78,float64
away_box_box_box_pitch_rbi_last10,boxscore,0.006425511661113755,0.9935744883388863,135,float64
away_box_box_box_pitch_rbi_last20,boxscore,0.006425511661113755,0.9935744883388863,253,float64
away_box_box_box_pitch_catchersInterference_season_to_date,boxscore,0.006425511661113755,0.9935744883388863,2733,float64
away_box_box_box_pitch_catchersInterference_last3,boxscore,0.006425511661113755,0.9935744883388863,6,float64
away_box_box_box_pitch_catchersInterference_last5,boxscore,0.006425511661113755,0.9935744883388863,10,float64
away_box_box_box_pitch_catchersInterference_last10,boxscore,0.006425511661113755,0.9935744883388863,15,float64
away_box_box_box_pitch_catchersInterference_last20,boxscore,0.006425511661113755,0.9935744883388863,32,float64
away_box_box_box_pitch_sacBunts_season_to_date,boxscore,0.006425511661113755,0.9935744883388863,3728,float64
away_box_box_box_pitch_sacBunts_last3,boxscore,0.006425511661113755,0.9935744883388863,7,float64
away_box_box_box_pitch_sacBunts_last5,boxscore,0.006425511661113755,0.9935744883388863,10,float64
away_box_box_box_pitch_sacBunts_last10,boxscore,0.006425511661113755,0.9935744883388863,16,float64
away_box_box_box_pitch_sacBunts_last20,boxscore,0.006425511661113755,0.9935744883388863,38,float64
away_box_box_box_pitch_sacFlies_season_to_date,boxscore,0.006425511661113755,0.9935744883388863,4765,float64
away_box_box_box_pitch_sacFlies_last3,boxscore,0.006425511661113755,0.9935744883388863,9,float64
away_box_box_box_pitch_sacFlies_last5,boxscore,0.006425511661113755,0.9935744883388863,15,float64
away_box_box_box_pitch_sacFlies_last10,boxscore,0.006425511661113755,0.9935744883388863,31,float64
away_box_box_box_pitch_sacFlies_last20,boxscore,0.006425511661113755,0.9935744883388863,73,float64
away_box_box_box_pitch_popOuts_season_to_date,boxscore,0.006425511661113755,0.9935744883388863,6305,float64
away_box_box_box_pitch_popOuts_last3,boxscore,0.006425511661113755,0.9935744883388863,21,float64
away_box_box_box_pitch_popOuts_last5,boxscore,0.006425511661113755,0.9935744883388863,35,float64
away_box_box_box_pitch_popOuts_last10,boxscore,0.006425511661113755,0.9935744883388863,66,float64
away_box_box_box_pitch_popOuts_last20,boxscore,0.006425511661113755,0.9935744883388863,155,float64
away_box_box_box_pitch_lineOuts_season_to_date,boxscore,0.006425511661113755,0.9935744883388863,6031,float64
away_box_box_box_pitch_lineOuts_last3,boxscore,0.006425511661113755,0.9935744883388863,20,float64
away_box_box_box_pitch_lineOuts_last5,boxscore,0.006425511661113755,0.9935744883388863,38,float64
away_box_box_box_pitch_lineOuts_last10,boxscore,0.006425511661113755,0.9935744883388863,71,float64
away_box_box_box_pitch_lineOuts_last20,boxscore,0.006425511661113755,0.9935744883388863,145,float64
diff_box_box_runs_for_season_to_date,boxscore,0.006425511661113755,0.9935744883388863,8180,float64
diff_box_box_runs_for_last3,boxscore,0.006425511661113755,0.9935744883388863,194,float64
diff_box_box_runs_for_last5,boxscore,0.006425511661113755,0.9935744883388863,260,float64
diff_box_box_runs_for_last10,boxscore,0.006425511661113755,0.9935744883388863,380,float64
diff_box_box_runs_for_last20,boxscore,0.006425511661113755,0.9935744883388863,646,float64
diff_box_box_runs_against_season_to_date,boxscore,0.006425511661113755,0.9935744883388863,8161,float64
diff_box_box_runs_against_last3,boxscore,0.006425511661113755,0.9935744883388863,196,float64
diff_box_box_runs_against_last5,boxscore,0.006425511661113755,0.9935744883388863,267,float64
diff_box_box_runs_against_last10,boxscore,0.006425511661113755,0.9935744883388863,393,float64
diff_box_box_runs_against_last20,boxscore,0.006425511661113755,0.9935744883388863,661,float64
diff_box_box_box_bat_flyOuts_season_to_date,boxscore,0.006425511661113755,0.9935744883388863,8065,float64
diff_box_box_box_bat_flyOuts_last3,boxscore,0.006425511661113755,0.9935744883388863,130,float64
diff_box_box_box_bat_flyOuts_last5,boxscore,0.006425511661113755,0.9935744883388863,167,float64
diff_box_box_box_bat_flyOuts_last10,boxscore,0.006425511661113755,0.9935744883388863,277,float64
diff_box_box_box_bat_flyOuts_last20,boxscore,0.006425511661113755,0.9935744883388863,458,float64
diff_box_box_box_bat_groundOuts_season_to_date,boxscore,0.006425511661113755,0.9935744883388863,8187,float64
diff_box_box_box_bat_groundOuts_last3,boxscore,0.006425511661113755,0.9935744883388863,138,float64
diff_box_box_box_bat_groundOuts_last5,boxscore,0.006425511661113755,0.9935744883388863,195,float64
diff_box_box_box_bat_groundOuts_last10,boxscore,0.006425511661113755,0.9935744883388863,330,float64
diff_box_box_box_bat_groundOuts_last20,boxscore,0.006425511661113755,0.9935744883388863,573,float64
diff_box_box_box_bat_airOuts_season_to_date,boxscore,0.006425511661113755,0.9935744883388863,8127,float64
diff_box_box_box_bat_airOuts_last3,boxscore,0.006425511661113755,0.9935744883388863,144,float64
diff_box_box_box_bat_airOuts_last5,boxscore,0.006425511661113755,0.9935744883388863,211,float64
diff_box_box_box_bat_airOuts_last10,boxscore,0.006425511661113755,0.9935744883388863,330,float64
diff_box_box_box_bat_airOuts_last20,boxscore,0.006425511661113755,0.9935744883388863,582,float64
diff_box_box_box_bat_runs_season_to_date,boxscore,0.006425511661113755,0.9935744883388863,8180,float64
diff_box_box_box_bat_runs_last3,boxscore,0.006425511661113755,0.9935744883388863,190,float64
diff_box_box_box_bat_runs_last5,boxscore,0.006425511661113755,0.9935744883388863,251,float64
diff_box_box_box_bat_runs_last10,boxscore,0.006425511661113755,0.9935744883388863,361,float64
diff_box_box_box_bat_runs_last20,boxscore,0.006425511661113755,0.9935744883388863,604,float64
diff_box_box_box_bat_doubles_season_to_date,boxscore,0.006425511661113755,0.9935744883388863,7985,float64
diff_box_box_box_bat_doubles_last3,boxscore,0.006425511661113755,0.9935744883388863,75,float64
diff_box_box_box_bat_doubles_last5,boxscore,0.006425511661113755,0.9935744883388863,110,float64
diff_box_box_box_bat_doubles_last10,boxscore,0.006425511661113755,0.9935744883388863,204,float64
diff_box_box_box_bat_doubles_last20,boxscore,0.006425511661113755,0.9935744883388863,395,float64
diff_box_box_box_bat_triples_season_to_date,boxscore,0.006425511661113755,0.9935744883388863,7713,float64
diff_box_box_box_bat_triples_last3,boxscore,0.006425511661113755,0.9935744883388863,20,float64
diff_box_box_box_bat_triples_last5,boxscore,0.006425511661113755,0.9935744883388863,34,float64
diff_box_box_box_bat_triples_last10,boxscore,0.006425511661113755,0.9935744883388863,68,float64
diff_box_box_box_bat_triples_last20,boxscore,0.006425511661113755,0.9935744883388863,162,float64
diff_box_box_box_bat_homeRuns_season_to_date,boxscore,0.006425511661113755,0.9935744883388863,8054,float64
diff_box_box_box_bat_homeRuns_last3,boxscore,0.006425511661113755,0.9935744883388863,66,float64
diff_box_box_box_bat_homeRuns_last5,boxscore,0.006425511661113755,0.9935744883388863,107,float64
diff_box_box_box_bat_homeRuns_last10,boxscore,0.006425511661113755,0.9935744883388863,199,float64
diff_box_box_box_bat_homeRuns_last20,boxscore,0.006425511661113755,0.9935744883388863,369,float64
diff_box_box_box_bat_strikeOuts_season_to_date,boxscore,0.006425511661113755,0.9935744883388863,8189,float64
diff_box_box_box_bat_strikeOuts_last3,boxscore,0.006425511661113755,0.9935744883388863,160,float64
diff_box_box_box_bat_strikeOuts_last5,boxscore,0.006425511661113755,0.9935744883388863,218,float64
diff_box_box_box_bat_strikeOuts_last10,boxscore,0.006425511661113755,0.9935744883388863,373,float64
diff_box_box_box_bat_strikeOuts_last20,boxscore,0.006425511661113755,0.9935744883388863,668,float64
diff_box_box_box_bat_baseOnBalls_season_to_date,boxscore,0.006425511661113755,0.9935744883388863,8128,float64
diff_box_box_box_bat_baseOnBalls_last3,boxscore,0.006425511661113755,0.9935744883388863,121,float64
diff_box_box_box_bat_baseOnBalls_last5,boxscore,0.006425511661113755,0.9935744883388863,176,float64
diff_box_box_box_bat_baseOnBalls_last10,boxscore,0.006425511661113755,0.9935744883388863,301,float64
diff_box_box_box_bat_baseOnBalls_last20,boxscore,0.006425511661113755,0.9935744883388863,521,float64
diff_box_box_box_bat_intentionalWalks_season_to_date,boxscore,0.006425511661113755,0.9935744883388863,7537,float64
diff_box_box_box_bat_intentionalWalks_last3,boxscore,0.006425511661113755,0.9935744883388863,21,float64
diff_box_box_box_bat_intentionalWalks_last5,boxscore,0.006425511661113755,0.9935744883388863,30,float64
diff_box_box_box_bat_intentionalWalks_last10,boxscore,0.006425511661113755,0.9935744883388863,62,float64
diff_box_box_box_bat_intentionalWalks_last20,boxscore,0.006425511661113755,0.9935744883388863,131,float64
diff_box_box_box_bat_hits_season_to_date,boxscore,0.006425511661113755,0.9935744883388863,8179,float64
diff_box_box_box_bat_hits_last3,boxscore,0.006425511661113755,0.9935744883388863,189,float64
diff_box_box_box_bat_hits_last5,boxscore,0.006425511661113755,0.9935744883388863,238,float64
diff_box_box_box_bat_hits_last10,boxscore,0.006425511661113755,0.9935744883388863,363,float64
diff_box_box_box_bat_hits_last20,boxscore,0.006425511661113755,0.9935744883388863,622,float64
diff_box_box_box_bat_hitByPitch_season_to_date,boxscore,0.006425511661113755,0.9935744883388863,7899,float64
diff_box_box_box_bat_hitByPitch_last3,boxscore,0.006425511661113755,0.9935744883388863,29,float64
diff_box_box_box_bat_hitByPitch_last5,boxscore,0.006425511661113755,0.9935744883388863,55,float64
diff_box_box_box_bat_hitByPitch_last10,boxscore,0.006425511661113755,0.9935744883388863,124,float64
diff_box_box_box_bat_hitByPitch_last20,boxscore,0.006425511661113755,0.9935744883388863,275,float64
diff_box_box_box_bat_avg_season_to_date,boxscore,0.006425511661113755,0.9935744883388863,8344,float64
diff_box_box_box_bat_avg_last3,boxscore,0.006425511661113755,0.9935744883388863,1519,float64
diff_box_box_box_bat_avg_last5,boxscore,0.006425511661113755,0.9935744883388863,2271,float64
diff_box_box_box_bat_avg_last10,boxscore,0.006425511661113755,0.9935744883388863,3428,float64
diff_box_box_box_bat_avg_last20,boxscore,0.006425511661113755,0.9935744883388863,4788,float64
diff_box_box_box_bat_atBats_season_to_date,boxscore,0.006425511661113755,0.9935744883388863,8155,float64
diff_box_box_box_bat_atBats_last3,boxscore,0.006425511661113755,0.9935744883388863,184,float64
diff_box_box_box_bat_atBats_last5,boxscore,0.006425511661113755,0.9935744883388863,262,float64
diff_box_box_box_bat_atBats_last10,boxscore,0.006425511661113755,0.9935744883388863,379,float64
diff_box_box_box_bat_atBats_last20,boxscore,0.006425511661113755,0.9935744883388863,575,float64
diff_box_box_box_bat_obp_season_to_date,boxscore,0.006425511661113755,0.9935744883388863,8342,float64
diff_box_box_box_bat_obp_last3,boxscore,0.006425511661113755,0.9935744883388863,1349,float64
diff_box_box_box_bat_obp_last5,boxscore,0.006425511661113755,0.9935744883388863,1793,float64
diff_box_box_box_bat_obp_last10,boxscore,0.006425511661113755,0.9935744883388863,2722,float64
diff_box_box_box_bat_obp_last20,boxscore,0.006425511661113755,0.9935744883388863,3905,float64
diff_box_box_box_bat_slg_season_to_date,boxscore,0.006425511661113755,0.9935744883388863,8349,float64
diff_box_box_box_bat_slg_last3,boxscore,0.006425511661113755,0.9935744883388863,2350,float64
diff_box_box_box_bat_slg_last5,boxscore,0.006425511661113755,0.9935744883388863,3039,float64
diff_box_box_box_bat_slg_last10,boxscore,0.006425511661113755,0.9935744883388863,4301,float64
diff_box_box_box_bat_slg_last20,boxscore,0.006425511661113755,0.9935744883388863,5695,float64
diff_box_box_box_bat_ops_season_to_date,boxscore,0.006425511661113755,0.9935744883388863,8350,float64
diff_box_box_box_bat_ops_last3,boxscore,0.006425511661113755,0.9935744883388863,2827,float64
diff_box_box_box_bat_ops_last5,boxscore,0.006425511661113755,0.9935744883388863,3546,float64
diff_box_box_box_bat_ops_last10,boxscore,0.006425511661113755,0.9935744883388863,4806,float64
diff_box_box_box_bat_ops_last20,boxscore,0.006425511661113755,0.9935744883388863,6105,float64
diff_box_box_box_bat_caughtStealing_season_to_date,boxscore,0.006425511661113755,0.9935744883388863,7696,float64
diff_box_box_box_bat_caughtStealing_last3,boxscore,0.006425511661113755,0.9935744883388863,20,float64
diff_box_box_box_bat_caughtStealing_last5,boxscore,0.006425511661113755,0.9935744883388863,34,float64
diff_box_box_box_bat_caughtStealing_last10,boxscore,0.006425511661113755,0.9935744883388863,77,float64
diff_box_box_box_bat_caughtStealing_last20,boxscore,0.006425511661113755,0.9935744883388863,195,float64
diff_box_box_box_bat_stolenBases_season_to_date,boxscore,0.006425511661113755,0.9935744883388863,8046,float64
diff_box_box_box_bat_stolenBases_last3,boxscore,0.006425511661113755,0.9935744883388863,60,float64
diff_box_box_box_bat_stolenBases_last5,boxscore,0.006425511661113755,0.9935744883388863,97,float64
diff_box_box_box_bat_stolenBases_last10,boxscore,0.006425511661113755,0.9935744883388863,189,float64
diff_box_box_box_bat_stolenBases_last20,boxscore,0.006425511661113755,0.9935744883388863,362,float64
diff_box_box_box_bat_groundIntoDoublePlay_season_to_date,boxscore,0.006425511661113755,0.9935744883388863,7845,float64
diff_box_box_box_bat_groundIntoDoublePlay_last3,boxscore,0.006425511661113755,0.9935744883388863,36,float64
diff_box_box_box_bat_groundIntoDoublePlay_last5,boxscore,0.006425511661113755,0.9935744883388863,65,float64
diff_box_box_box_bat_groundIntoDoublePlay_last10,boxscore,0.006425511661113755,0.9935744883388863,146,float64
diff_box_box_box_bat_groundIntoDoublePlay_last20,boxscore,0.006425511661113755,0.9935744883388863,294,float64
diff_box_box_box_bat_groundIntoTriplePlay_season_to_date,boxscore,0.006425511661113755,0.9935744883388863,355,float64
diff_box_box_box_bat_groundIntoTriplePlay_last3,boxscore,0.006425511661113755,0.9935744883388863,3,float64
diff_box_box_box_bat_groundIntoTriplePlay_last5,boxscore,0.006425511661113755,0.9935744883388863,3,float64
diff_box_box_box_bat_groundIntoTriplePlay_last10,boxscore,0.006425511661113755,0.9935744883388863,3,float64
diff_box_box_box_bat_groundIntoTriplePlay_last20,boxscore,0.006425511661113755,0.9935744883388863,3,float64
diff_box_box_box_bat_plateAppearances_season_to_date,boxscore,0.006425511661113755,0.9935744883388863,8166,float64
diff_box_box_box_bat_plateAppearances_last3,boxscore,0.006425511661113755,0.9935744883388863,195,float64
diff_box_box_box_bat_plateAppearances_last5,boxscore,0.006425511661113755,0.9935744883388863,226,float64
diff_box_box_box_bat_plateAppearances_last10,boxscore,0.006425511661113755,0.9935744883388863,318,float64
diff_box_box_box_bat_plateAppearances_last20,boxscore,0.006425511661113755,0.9935744883388863,548,float64
diff_box_box_box_bat_totalBases_season_to_date,boxscore,0.006425511661113755,0.9935744883388863,8217,float64
diff_box_box_box_bat_totalBases_last3,boxscore,0.006425511661113755,0.9935744883388863,367,float64
diff_box_box_box_bat_totalBases_last5,boxscore,0.006425511661113755,0.9935744883388863,443,float64
diff_box_box_box_bat_totalBases_last10,boxscore,0.006425511661113755,0.9935744883388863,554,float64
diff_box_box_box_bat_totalBases_last20,boxscore,0.006425511661113755,0.9935744883388863,834,float64
diff_box_box_box_bat_rbi_season_to_date,boxscore,0.006425511661113755,0.9935744883388863,8178,float64
diff_box_box_box_bat_rbi_last3,boxscore,0.006425511661113755,0.9935744883388863,187,float64
diff_box_box_box_bat_rbi_last5,boxscore,0.006425511661113755,0.9935744883388863,249,float64
diff_box_box_box_bat_rbi_last10,boxscore,0.006425511661113755,0.9935744883388863,344,float64
diff_box_box_box_bat_rbi_last20,boxscore,0.006425511661113755,0.9935744883388863,586,float64
diff_box_box_box_bat_leftOnBase_season_to_date,boxscore,0.006425511661113755,0.9935744883388863,8177,float64
diff_box_box_box_bat_leftOnBase_last3,boxscore,0.006425511661113755,0.9935744883388863,299,float64
diff_box_box_box_bat_leftOnBase_last5,boxscore,0.006425511661113755,0.9935744883388863,336,float64
diff_box_box_box_bat_leftOnBase_last10,boxscore,0.006425511661113755,0.9935744883388863,472,float64
diff_box_box_box_bat_leftOnBase_last20,boxscore,0.006425511661113755,0.9935744883388863,733,float64
diff_box_box_box_bat_sacBunts_season_to_date,boxscore,0.006425511661113755,0.9935744883388863,7588,float64
diff_box_box_box_bat_sacBunts_last3,boxscore,0.006425511661113755,0.9935744883388863,18,float64
diff_box_box_box_bat_sacBunts_last5,boxscore,0.006425511661113755,0.9935744883388863,29,float64
diff_box_box_box_bat_sacBunts_last10,boxscore,0.006425511661113755,0.9935744883388863,46,float64
diff_box_box_box_bat_sacBunts_last20,boxscore,0.006425511661113755,0.9935744883388863,121,float64
diff_box_box_box_bat_sacFlies_season_to_date,boxscore,0.006425511661113755,0.9935744883388863,7710,float64
diff_box_box_box_bat_sacFlies_last3,boxscore,0.006425511661113755,0.9935744883388863,23,float64
diff_box_box_box_bat_sacFlies_last5,boxscore,0.006425511661113755,0.9935744883388863,44,float64
diff_box_box_box_bat_sacFlies_last10,boxscore,0.006425511661113755,0.9935744883388863,99,float64
diff_box_box_box_bat_sacFlies_last20,boxscore,0.006425511661113755,0.9935744883388863,232,float64
diff_box_box_box_bat_catchersInterference_season_to_date,boxscore,0.006425511661113755,0.9935744883388863,6661,float64
diff_box_box_box_bat_catchersInterference_last3,boxscore,0.006425511661113755,0.9935744883388863,10,float64
diff_box_box_box_bat_catchersInterference_last5,boxscore,0.006425511661113755,0.9935744883388863,16,float64
diff_box_box_box_bat_catchersInterference_last10,boxscore,0.006425511661113755,0.9935744883388863,29,float64
diff_box_box_box_bat_catchersInterference_last20,boxscore,0.006425511661113755,0.9935744883388863,72,float64
diff_box_box_box_bat_pickoffs_season_to_date,boxscore,0.006425511661113755,0.9935744883388863,7490,float64
diff_box_box_box_bat_pickoffs_last3,boxscore,0.006425511661113755,0.9935744883388863,12,float64
diff_box_box_box_bat_pickoffs_last5,boxscore,0.006425511661113755,0.9935744883388863,17,float64
diff_box_box_box_bat_pickoffs_last10,boxscore,0.006425511661113755,0.9935744883388863,38,float64
diff_box_box_box_bat_pickoffs_last20,boxscore,0.006425511661113755,0.9935744883388863,109,float64
diff_box_box_box_bat_popOuts_season_to_date,boxscore,0.006425511661113755,0.9935744883388863,8009,float64
diff_box_box_box_bat_popOuts_last3,boxscore,0.006425511661113755,0.9935744883388863,79,float64
diff_box_box_box_bat_popOuts_last5,boxscore,0.006425511661113755,0.9935744883388863,119,float64
diff_box_box_box_bat_popOuts_last10,boxscore,0.006425511661113755,0.9935744883388863,216,float64
diff_box_box_box_bat_popOuts_last20,boxscore,0.006425511661113755,0.9935744883388863,399,float64
diff_box_box_box_bat_lineOuts_season_to_date,boxscore,0.006425511661113755,0.9935744883388863,8030,float64
diff_box_box_box_bat_lineOuts_last3,boxscore,0.006425511661113755,0.9935744883388863,85,float64
diff_box_box_box_bat_lineOuts_last5,boxscore,0.006425511661113755,0.9935744883388863,123,float64
diff_box_box_box_bat_lineOuts_last10,boxscore,0.006425511661113755,0.9935744883388863,199,float64
diff_box_box_box_bat_lineOuts_last20,boxscore,0.006425511661113755,0.9935744883388863,371,float64
diff_box_box_box_pitch_flyOuts_season_to_date,boxscore,0.006425511661113755,0.9935744883388863,8077,float64
diff_box_box_box_pitch_flyOuts_last3,boxscore,0.006425511661113755,0.9935744883388863,127,float64
diff_box_box_box_pitch_flyOuts_last5,boxscore,0.006425511661113755,0.9935744883388863,163,float64
diff_box_box_box_pitch_flyOuts_last10,boxscore,0.006425511661113755,0.9935744883388863,268,float64
diff_box_box_box_pitch_flyOuts_last20,boxscore,0.006425511661113755,0.9935744883388863,482,float64
diff_box_box_box_pitch_groundOuts_season_to_date,boxscore,0.006425511661113755,0.9935744883388863,8153,float64
diff_box_box_box_pitch_groundOuts_last3,boxscore,0.006425511661113755,0.9935744883388863,140,float64
diff_box_box_box_pitch_groundOuts_last5,boxscore,0.006425511661113755,0.9935744883388863,197,float64
diff_box_box_box_pitch_groundOuts_last10,boxscore,0.006425511661113755,0.9935744883388863,323,float64
diff_box_box_box_pitch_groundOuts_last20,boxscore,0.006425511661113755,0.9935744883388863,569,float64
diff_box_box_box_pitch_airOuts_season_to_date,boxscore,0.006425511661113755,0.9935744883388863,8151,float64
diff_box_box_box_pitch_airOuts_last3,boxscore,0.006425511661113755,0.9935744883388863,138,float64
diff_box_box_box_pitch_airOuts_last5,boxscore,0.006425511661113755,0.9935744883388863,205,float64
diff_box_box_box_pitch_airOuts_last10,boxscore,0.006425511661113755,0.9935744883388863,329,float64
diff_box_box_box_pitch_airOuts_last20,boxscore,0.006425511661113755,0.9935744883388863,591,float64
diff_box_box_box_pitch_runs_season_to_date,boxscore,0.006425511661113755,0.9935744883388863,8165,float64
diff_box_box_box_pitch_runs_last3,boxscore,0.006425511661113755,0.9935744883388863,191,float64
diff_box_box_box_pitch_runs_last5,boxscore,0.006425511661113755,0.9935744883388863,260,float64
diff_box_box_box_pitch_runs_last10,boxscore,0.006425511661113755,0.9935744883388863,376,float64
diff_box_box_box_pitch_runs_last20,boxscore,0.006425511661113755,0.9935744883388863,626,float64
diff_box_box_box_pitch_doubles_season_to_date,boxscore,0.006425511661113755,0.9935744883388863,8019,float64
diff_box_box_box_pitch_doubles_last3,boxscore,0.006425511661113755,0.9935744883388863,76,float64
diff_box_box_box_pitch_doubles_last5,boxscore,0.006425511661113755,0.9935744883388863,112,float64
diff_box_box_box_pitch_doubles_last10,boxscore,0.006425511661113755,0.9935744883388863,195,float64
diff_box_box_box_pitch_doubles_last20,boxscore,0.006425511661113755,0.9935744883388863,383,float64
diff_box_box_box_pitch_triples_season_to_date,boxscore,0.006425511661113755,0.9935744883388863,7689,float64
diff_box_box_box_pitch_triples_last3,boxscore,0.006425511661113755,0.9935744883388863,21,float64
diff_box_box_box_pitch_triples_last5,boxscore,0.006425511661113755,0.9935744883388863,32,float64
diff_box_box_box_pitch_triples_last10,boxscore,0.006425511661113755,0.9935744883388863,69,float64
diff_box_box_box_pitch_triples_last20,boxscore,0.006425511661113755,0.9935744883388863,156,float64
diff_box_box_box_pitch_homeRuns_season_to_date,boxscore,0.006425511661113755,0.9935744883388863,7985,float64
diff_box_box_box_pitch_homeRuns_last3,boxscore,0.006425511661113755,0.9935744883388863,65,float64
diff_box_box_box_pitch_homeRuns_last5,boxscore,0.006425511661113755,0.9935744883388863,106,float64
diff_box_box_box_pitch_homeRuns_last10,boxscore,0.006425511661113755,0.9935744883388863,200,float64
diff_box_box_box_pitch_homeRuns_last20,boxscore,0.006425511661113755,0.9935744883388863,350,float64
diff_box_box_box_pitch_strikeOuts_season_to_date,boxscore,0.006425511661113755,0.9935744883388863,8202,float64
diff_box_box_box_pitch_strikeOuts_last3,boxscore,0.006425511661113755,0.9935744883388863,158,float64
diff_box_box_box_pitch_strikeOuts_last5,boxscore,0.006425511661113755,0.9935744883388863,228,float64
diff_box_box_box_pitch_strikeOuts_last10,boxscore,0.006425511661113755,0.9935744883388863,358,float64
diff_box_box_box_pitch_strikeOuts_last20,boxscore,0.006425511661113755,0.9935744883388863,624,float64
diff_box_box_box_pitch_baseOnBalls_season_to_date,boxscore,0.006425511661113755,0.9935744883388863,8117,float64
diff_box_box_box_pitch_baseOnBalls_last3,boxscore,0.006425511661113755,0.9935744883388863,117,float64
diff_box_box_box_pitch_baseOnBalls_last5,boxscore,0.006425511661113755,0.9935744883388863,177,float64
diff_box_box_box_pitch_baseOnBalls_last10,boxscore,0.006425511661113755,0.9935744883388863,305,float64
diff_box_box_box_pitch_baseOnBalls_last20,boxscore,0.006425511661113755,0.9935744883388863,523,float64
diff_box_box_box_pitch_intentionalWalks_season_to_date,boxscore,0.006425511661113755,0.9935744883388863,7689,float64
diff_box_box_box_pitch_intentionalWalks_last3,boxscore,0.006425511661113755,0.9935744883388863,19,float64
diff_box_box_box_pitch_intentionalWalks_last5,boxscore,0.006425511661113755,0.9935744883388863,31,float64
diff_box_box_box_pitch_intentionalWalks_last10,boxscore,0.006425511661113755,0.9935744883388863,61,float64
diff_box_box_box_pitch_intentionalWalks_last20,boxscore,0.006425511661113755,0.9935744883388863,147,float64
diff_box_box_box_pitch_hits_season_to_date,boxscore,0.006425511661113755,0.9935744883388863,8170,float64
diff_box_box_box_pitch_hits_last3,boxscore,0.006425511661113755,0.9935744883388863,187,float64
diff_box_box_box_pitch_hits_last5,boxscore,0.006425511661113755,0.9935744883388863,241,float64
diff_box_box_box_pitch_hits_last10,boxscore,0.006425511661113755,0.9935744883388863,372,float64
diff_box_box_box_pitch_hits_last20,boxscore,0.006425511661113755,0.9935744883388863,628,float64
diff_box_box_box_pitch_hitByPitch_season_to_date,boxscore,0.006425511661113755,0.9935744883388863,7881,float64
diff_box_box_box_pitch_hitByPitch_last3,boxscore,0.006425511661113755,0.9935744883388863,30,float64
diff_box_box_box_pitch_hitByPitch_last5,boxscore,0.006425511661113755,0.9935744883388863,55,float64
diff_box_box_box_pitch_hitByPitch_last10,boxscore,0.006425511661113755,0.9935744883388863,128,float64
diff_box_box_box_pitch_hitByPitch_last20,boxscore,0.006425511661113755,0.9935744883388863,267,float64
diff_box_box_box_pitch_atBats_season_to_date,boxscore,0.006425511661113755,0.9935744883388863,8129,float64
diff_box_box_box_pitch_atBats_last3,boxscore,0.006425511661113755,0.9935744883388863,181,float64
diff_box_box_box_pitch_atBats_last5,boxscore,0.006425511661113755,0.9935744883388863,259,float64
diff_box_box_box_pitch_atBats_last10,boxscore,0.006425511661113755,0.9935744883388863,400,float64
diff_box_box_box_pitch_atBats_last20,boxscore,0.006425511661113755,0.9935744883388863,585,float64
diff_box_box_box_pitch_obp_season_to_date,boxscore,0.006425511661113755,0.9935744883388863,8343,float64
diff_box_box_box_pitch_obp_last3,boxscore,0.006425511661113755,0.9935744883388863,4845,float64
diff_box_box_box_pitch_obp_last5,boxscore,0.006425511661113755,0.9935744883388863,3436,float64
diff_box_box_box_pitch_obp_last10,boxscore,0.006425511661113755,0.9935744883388863,3911,float64
diff_box_box_box_pitch_obp_last20,boxscore,0.006425511661113755,0.9935744883388863,4772,float64
diff_box_box_box_pitch_caughtStealing_season_to_date,boxscore,0.006425511661113755,0.9935744883388863,7515,float64
diff_box_box_box_pitch_caughtStealing_last3,boxscore,0.006425511661113755,0.9935744883388863,19,float64
diff_box_box_box_pitch_caughtStealing_last5,boxscore,0.006425511661113755,0.9935744883388863,32,float64
diff_box_box_box_pitch_caughtStealing_last10,boxscore,0.006425511661113755,0.9935744883388863,74,float64
diff_box_box_box_pitch_caughtStealing_last20,boxscore,0.006425511661113755,0.9935744883388863,180,float64
diff_box_box_box_pitch_stolenBases_season_to_date,boxscore,0.006425511661113755,0.9935744883388863,7981,float64
diff_box_box_box_pitch_stolenBases_last3,boxscore,0.006425511661113755,0.9935744883388863,57,float64
diff_box_box_box_pitch_stolenBases_last5,boxscore,0.006425511661113755,0.9935744883388863,86,float64
diff_box_box_box_pitch_stolenBases_last10,boxscore,0.006425511661113755,0.9935744883388863,168,float64
diff_box_box_box_pitch_stolenBases_last20,boxscore,0.006425511661113755,0.9935744883388863,331,float64
diff_box_box_box_pitch_numberOfPitches_season_to_date,boxscore,0.006425511661113755,0.9935744883388863,8291,float64
diff_box_box_box_pitch_numberOfPitches_last3,boxscore,0.006425511661113755,0.9935744883388863,775,float64
diff_box_box_box_pitch_numberOfPitches_last5,boxscore,0.006425511661113755,0.9935744883388863,874,float64
diff_box_box_box_pitch_numberOfPitches_last10,boxscore,0.006425511661113755,0.9935744883388863,1092,float64
diff_box_box_box_pitch_numberOfPitches_last20,boxscore,0.006425511661113755,0.9935744883388863,1594,float64
diff_box_box_box_pitch_era_season_to_date,boxscore,0.006425511661113755,0.9935744883388863,8343,float64
diff_box_box_box_pitch_era_last3,boxscore,0.006425511661113755,0.9935744883388863,4604,float64
diff_box_box_box_pitch_era_last5,boxscore,0.006425511661113755,0.9935744883388863,4902,float64
diff_box_box_box_pitch_era_last10,boxscore,0.006425511661113755,0.9935744883388863,6050,float64
diff_box_box_box_pitch_era_last20,boxscore,0.006425511661113755,0.9935744883388863,7037,float64
diff_box_box_box_pitch_inningsPitched_season_to_date,boxscore,0.006425511661113755,0.9935744883388863,8162,float64
diff_box_box_box_pitch_inningsPitched_last3,boxscore,0.006425511661113755,0.9935744883388863,157,float64
diff_box_box_box_pitch_inningsPitched_last5,boxscore,0.006425511661113755,0.9935744883388863,262,float64
diff_box_box_box_pitch_inningsPitched_last10,boxscore,0.006425511661113755,0.9935744883388863,414,float64
diff_box_box_box_pitch_inningsPitched_last20,boxscore,0.006425511661113755,0.9935744883388863,718,float64
diff_box_box_box_pitch_earnedRuns_season_to_date,boxscore,0.006425511661113755,0.9935744883388863,8196,float64
diff_box_box_box_pitch_earnedRuns_last3,boxscore,0.006425511661113755,0.9935744883388863,185,float64
diff_box_box_box_pitch_earnedRuns_last5,boxscore,0.006425511661113755,0.9935744883388863,240,float64
diff_box_box_box_pitch_earnedRuns_last10,boxscore,0.006425511661113755,0.9935744883388863,357,float64
diff_box_box_box_pitch_earnedRuns_last20,boxscore,0.006425511661113755,0.9935744883388863,613,float64
diff_box_box_box_pitch_whip_season_to_date,boxscore,0.006425511661113755,0.9935744883388863,8340,float64
diff_box_box_box_pitch_whip_last3,boxscore,0.006425511661113755,0.9935744883388863,1059,float64
diff_box_box_box_pitch_whip_last5,boxscore,0.006425511661113755,0.9935744883388863,1446,float64
diff_box_box_box_pitch_whip_last10,boxscore,0.006425511661113755,0.9935744883388863,2258,float64
diff_box_box_box_pitch_whip_last20,boxscore,0.006425511661113755,0.9935744883388863,3400,float64
diff_box_box_box_pitch_battersFaced_season_to_date,boxscore,0.006425511661113755,0.9935744883388863,8169,float64
diff_box_box_box_pitch_battersFaced_last3,boxscore,0.006425511661113755,0.9935744883388863,197,float64
diff_box_box_box_pitch_battersFaced_last5,boxscore,0.006425511661113755,0.9935744883388863,221,float64
diff_box_box_box_pitch_battersFaced_last10,boxscore,0.006425511661113755,0.9935744883388863,325,float64
diff_box_box_box_pitch_battersFaced_last20,boxscore,0.006425511661113755,0.9935744883388863,568,float64
diff_box_box_box_pitch_outs_season_to_date,boxscore,0.006425511661113755,0.9935744883388863,8005,float64
diff_box_box_box_pitch_outs_last3,boxscore,0.006425511661113755,0.9935744883388863,55,float64
diff_box_box_box_pitch_outs_last5,boxscore,0.006425511661113755,0.9935744883388863,102,float64
diff_box_box_box_pitch_outs_last10,boxscore,0.006425511661113755,0.9935744883388863,166,float64
diff_box_box_box_pitch_outs_last20,boxscore,0.006425511661113755,0.9935744883388863,302,float64
diff_box_box_box_pitch_shutouts_season_to_date,boxscore,0.006425511661113755,0.9935744883388863,7434,float64
diff_box_box_box_pitch_shutouts_last3,boxscore,0.006425511661113755,0.9935744883388863,9,float64
diff_box_box_box_pitch_shutouts_last5,boxscore,0.006425511661113755,0.9935744883388863,21,float64
diff_box_box_box_pitch_shutouts_last10,boxscore,0.006425511661113755,0.9935744883388863,47,float64
diff_box_box_box_pitch_shutouts_last20,boxscore,0.006425511661113755,0.9935744883388863,110,float64
diff_box_box_box_pitch_pitchesThrown_season_to_date,boxscore,0.006425511661113755,0.9935744883388863,8291,float64
diff_box_box_box_pitch_pitchesThrown_last3,boxscore,0.006425511661113755,0.9935744883388863,778,float64
diff_box_box_box_pitch_pitchesThrown_last5,boxscore,0.006425511661113755,0.9935744883388863,877,float64
diff_box_box_box_pitch_pitchesThrown_last10,boxscore,0.006425511661113755,0.9935744883388863,1107,float64
diff_box_box_box_pitch_pitchesThrown_last20,boxscore,0.006425511661113755,0.9935744883388863,1631,float64
diff_box_box_box_pitch_balls_season_to_date,boxscore,0.006425511661113755,0.9935744883388863,8269,float64
diff_box_box_box_pitch_balls_last3,boxscore,0.006425511661113755,0.9935744883388863,411,float64
diff_box_box_box_pitch_balls_last5,boxscore,0.006425511661113755,0.9935744883388863,513,float64
diff_box_box_box_pitch_balls_last10,boxscore,0.006425511661113755,0.9935744883388863,718,float64
diff_box_box_box_pitch_balls_last20,boxscore,0.006425511661113755,0.9935744883388863,1133,float64
diff_box_box_box_pitch_strikes_season_to_date,boxscore,0.006425511661113755,0.9935744883388863,8268,float64
diff_box_box_box_pitch_strikes_last3,boxscore,0.006425511661113755,0.9935744883388863,311,float64
diff_box_box_box_pitch_strikes_last5,boxscore,0.006425511661113755,0.9935744883388863,467,float64
diff_box_box_box_pitch_strikes_last10,boxscore,0.006425511661113755,0.9935744883388863,650,float64
diff_box_box_box_pitch_strikes_last20,boxscore,0.006425511661113755,0.9935744883388863,1010,float64
diff_box_box_box_pitch_hitBatsmen_season_to_date,boxscore,0.006425511661113755,0.9935744883388863,7881,float64
diff_box_box_box_pitch_hitBatsmen_last3,boxscore,0.006425511661113755,0.9935744883388863,30,float64
diff_box_box_box_pitch_hitBatsmen_last5,boxscore,0.006425511661113755,0.9935744883388863,55,float64
diff_box_box_box_pitch_hitBatsmen_last10,boxscore,0.006425511661113755,0.9935744883388863,128,float64
diff_box_box_box_pitch_hitBatsmen_last20,boxscore,0.006425511661113755,0.9935744883388863,267,float64
diff_box_box_box_pitch_balks_season_to_date,boxscore,0.006425511661113755,0.9935744883388863,7254,float64
diff_box_box_box_pitch_balks_last3,boxscore,0.006425511661113755,0.9935744883388863,10,float64
diff_box_box_box_pitch_balks_last5,boxscore,0.006425511661113755,0.9935744883388863,19,float64
diff_box_box_box_pitch_balks_last10,boxscore,0.006425511661113755,0.9935744883388863,34,float64
diff_box_box_box_pitch_balks_last20,boxscore,0.006425511661113755,0.9935744883388863,80,float64
diff_box_box_box_pitch_wildPitches_season_to_date,boxscore,0.006425511661113755,0.9935744883388863,7809,float64
diff_box_box_box_pitch_wildPitches_last3,boxscore,0.006425511661113755,0.9935744883388863,27,float64
diff_box_box_box_pitch_wildPitches_last5,boxscore,0.006425511661113755,0.9935744883388863,57,float64
diff_box_box_box_pitch_wildPitches_last10,boxscore,0.006425511661113755,0.9935744883388863,117,float64
diff_box_box_box_pitch_wildPitches_last20,boxscore,0.006425511661113755,0.9935744883388863,249,float64
diff_box_box_box_pitch_pickoffs_season_to_date,boxscore,0.006425511661113755,0.9935744883388863,7318,float64
diff_box_box_box_pitch_pickoffs_last3,boxscore,0.006425511661113755,0.9935744883388863,11,float64
diff_box_box_box_pitch_pickoffs_last5,boxscore,0.006425511661113755,0.9935744883388863,16,float64
diff_box_box_box_pitch_pickoffs_last10,boxscore,0.006425511661113755,0.9935744883388863,35,float64
diff_box_box_box_pitch_pickoffs_last20,boxscore,0.006425511661113755,0.9935744883388863,90,float64
diff_box_box_box_pitch_rbi_season_to_date,boxscore,0.006425511661113755,0.9935744883388863,8172,float64
diff_box_box_box_pitch_rbi_last3,boxscore,0.006425511661113755,0.9935744883388863,186,float64
diff_box_box_box_pitch_rbi_last5,boxscore,0.006425511661113755,0.9935744883388863,246,float64
diff_box_box_box_pitch_rbi_last10,boxscore,0.006425511661113755,0.9935744883388863,358,float64
diff_box_box_box_pitch_rbi_last20,boxscore,0.006425511661113755,0.9935744883388863,614,float64
diff_box_box_box_pitch_catchersInterference_season_to_date,boxscore,0.006425511661113755,0.9935744883388863,6696,float64
diff_box_box_box_pitch_catchersInterference_last3,boxscore,0.006425511661113755,0.9935744883388863,10,float64
diff_box_box_box_pitch_catchersInterference_last5,boxscore,0.006425511661113755,0.9935744883388863,18,float64
diff_box_box_box_pitch_catchersInterference_last10,boxscore,0.006425511661113755,0.9935744883388863,31,float64
diff_box_box_box_pitch_catchersInterference_last20,boxscore,0.006425511661113755,0.9935744883388863,72,float64
diff_box_box_box_pitch_sacBunts_season_to_date,boxscore,0.006425511661113755,0.9935744883388863,7312,float64
diff_box_box_box_pitch_sacBunts_last3,boxscore,0.006425511661113755,0.9935744883388863,17,float64
diff_box_box_box_pitch_sacBunts_last5,boxscore,0.006425511661113755,0.9935744883388863,27,float64
diff_box_box_box_pitch_sacBunts_last10,boxscore,0.006425511661113755,0.9935744883388863,45,float64
diff_box_box_box_pitch_sacBunts_last20,boxscore,0.006425511661113755,0.9935744883388863,111,float64
diff_box_box_box_pitch_sacFlies_season_to_date,boxscore,0.006425511661113755,0.9935744883388863,7765,float64
diff_box_box_box_pitch_sacFlies_last3,boxscore,0.006425511661113755,0.9935744883388863,24,float64
diff_box_box_box_pitch_sacFlies_last5,boxscore,0.006425511661113755,0.9935744883388863,48,float64
diff_box_box_box_pitch_sacFlies_last10,boxscore,0.006425511661113755,0.9935744883388863,87,float64
diff_box_box_box_pitch_sacFlies_last20,boxscore,0.006425511661113755,0.9935744883388863,217,float64
diff_box_box_box_pitch_popOuts_season_to_date,boxscore,0.006425511661113755,0.9935744883388863,8028,float64
diff_box_box_box_pitch_popOuts_last3,boxscore,0.006425511661113755,0.9935744883388863,80,float64
diff_box_box_box_pitch_popOuts_last5,boxscore,0.006425511661113755,0.9935744883388863,116,float64
diff_box_box_box_pitch_popOuts_last10,boxscore,0.006425511661113755,0.9935744883388863,214,float64
diff_box_box_box_pitch_popOuts_last20,boxscore,0.006425511661113755,0.9935744883388863,401,float64
diff_box_box_box_pitch_lineOuts_season_to_date,boxscore,0.006425511661113755,0.9935744883388863,7988,float64
diff_box_box_box_pitch_lineOuts_last3,boxscore,0.006425511661113755,0.9935744883388863,84,float64
diff_box_box_box_pitch_lineOuts_last5,boxscore,0.006425511661113755,0.9935744883388863,122,float64
diff_box_box_box_pitch_lineOuts_last10,boxscore,0.006425511661113755,0.9935744883388863,199,float64
diff_box_box_box_pitch_lineOuts_last20,boxscore,0.006425511661113755,0.9935744883388863,355,float64
home_starter_box_last_outing_ip,starter,0.04735840076154212,0.9526415992384579,27,float64
home_starter_box_last_outing_era,starter,0.04735840076154212,0.9526415992384579,138,float64
home_starter_box_last_outing_whip,starter,0.04735840076154212,0.9526415992384579,203,float64
home_starter_box_last_outing_k_per_9,starter,0.04735840076154212,0.9526415992384579,146,float64
home_starter_box_last_outing_bb_per_9,starter,0.04735840076154212,0.9526415992384579,94,float64
home_starter_box_last_outing_hr_per_9,starter,0.04735840076154212,0.9526415992384579,70,float64
home_starter_box_last_outing_avg_pitches,starter,0.046644455021418375,0.9533555449785817,115,float64
home_starter_box_rolling3_ip,starter,0.04652546406473108,0.9534745359352689,180,float64
home_starter_box_rolling3_era,starter,0.04652546406473108,0.9534745359352689,961,float64
home_starter_box_rolling3_whip,starter,0.04652546406473108,0.9534745359352689,1221,float64
home_starter_box_rolling3_k_per_9,starter,0.04652546406473108,0.9534745359352689,1078,float64
home_starter_box_rolling3_bb_per_9,starter,0.04652546406473108,0.9534745359352689,740,float64
home_starter_box_rolling3_hr_per_9,starter,0.04652546406473108,0.9534745359352689,450,float64
home_starter_box_rolling3_avg_pitches,starter,0.04652546406473108,0.9534745359352689,303,float64
home_starter_box_rolling5_ip,starter,0.04652546406473108,0.9534745359352689,200,float64
home_starter_box_rolling5_era,starter,0.04652546406473108,0.9534745359352689,1431,float64
home_starter_box_rolling5_whip,starter,0.04652546406473108,0.9534745359352689,1786,float64
home_starter_box_rolling5_k_per_9,starter,0.04652546406473108,0.9534745359352689,1675,float64
home_starter_box_rolling5_bb_per_9,starter,0.04652546406473108,0.9534745359352689,1123,float64
home_starter_box_rolling5_hr_per_9,starter,0.04652546406473108,0.9534745359352689,691,float64
home_starter_box_rolling5_avg_pitches,starter,0.04652546406473108,0.9534745359352689,519,float64
home_starter_box_rolling10_ip,starter,0.04652546406473108,0.9534745359352689,355,float64
home_starter_box_rolling10_era,starter,0.04652546406473108,0.9534745359352689,2683,float64
home_starter_box_rolling10_whip,starter,0.04652546406473108,0.9534745359352689,3260,float64
home_starter_box_rolling10_k_per_9,starter,0.04652546406473108,0.9534745359352689,3251,float64
home_starter_box_rolling10_bb_per_9,starter,0.04652546406473108,0.9534745359352689,2306,float64
home_starter_box_rolling10_hr_per_9,starter,0.04652546406473108,0.9534745359352689,1559,float64
home_starter_box_rolling10_avg_pitches,starter,0.04652546406473108,0.9534745359352689,941,float64
away_starter_box_last_outing_ip,starter,0.048667301285102334,0.9513326987148977,27,float64
away_starter_box_last_outing_era,starter,0.048667301285102334,0.9513326987148977,141,float64
away_starter_box_last_outing_whip,starter,0.048667301285102334,0.9513326987148977,200,float64
away_starter_box_last_outing_k_per_9,starter,0.048667301285102334,0.9513326987148977,155,float64
away_starter_box_last_outing_bb_per_9,starter,0.048667301285102334,0.9513326987148977,97,float64
away_starter_box_last_outing_hr_per_9,starter,0.048667301285102334,0.9513326987148977,67,float64
away_starter_box_last_outing_avg_pitches,starter,0.04842931937172775,0.9515706806282722,119,float64
away_starter_box_rolling3_ip,starter,0.04819133745835316,0.9518086625416469,178,float64
away_starter_box_rolling3_era,starter,0.04819133745835316,0.9518086625416469,964,float64
away_starter_box_rolling3_whip,starter,0.04819133745835316,0.9518086625416469,1196,float64
away_starter_box_rolling3_k_per_9,starter,0.04819133745835316,0.9518086625416469,1090,float64
away_starter_box_rolling3_bb_per_9,starter,0.04819133745835316,0.9518086625416469,727,float64
away_starter_box_rolling3_hr_per_9,starter,0.04819133745835316,0.9518086625416469,469,float64
away_starter_box_rolling3_avg_pitches,starter,0.04819133745835316,0.9518086625416469,317,float64
away_starter_box_rolling5_ip,starter,0.04819133745835316,0.9518086625416469,206,float64
away_starter_box_rolling5_era,starter,0.04819133745835316,0.9518086625416469,1430,float64
away_starter_box_rolling5_whip,starter,0.04819133745835316,0.9518086625416469,1801,float64
away_starter_box_rolling5_k_per_9,starter,0.04819133745835316,0.9518086625416469,1710,float64
away_starter_box_rolling5_bb_per_9,starter,0.04819133745835316,0.9518086625416469,1147,float64
away_starter_box_rolling5_hr_per_9,starter,0.04819133745835316,0.9518086625416469,720,float64
away_starter_box_rolling5_avg_pitches,starter,0.04819133745835316,0.9518086625416469,519,float64
away_starter_box_rolling10_ip,starter,0.04819133745835316,0.9518086625416469,360,float64
away_starter_box_rolling10_era,starter,0.04819133745835316,0.9518086625416469,2685,float64
away_starter_box_rolling10_whip,starter,0.04819133745835316,0.9518086625416469,3226,float64
away_starter_box_rolling10_k_per_9,starter,0.04819133745835316,0.9518086625416469,3282,float64
away_starter_box_rolling10_bb_per_9,starter,0.04819133745835316,0.9518086625416469,2331,float64
away_starter_box_rolling10_hr_per_9,starter,0.04819133745835316,0.9518086625416469,1561,float64
away_starter_box_rolling10_avg_pitches,starter,0.04819133745835316,0.9518086625416469,923,float64
diff_starter_box_last_outing_ip,starter,0.07972394098048548,0.9202760590195145,108,float64
diff_starter_box_last_outing_era,starter,0.07972394098048548,0.9202760590195145,2080,float64
diff_starter_box_last_outing_whip,starter,0.07972394098048548,0.9202760590195145,2974,float64
diff_starter_box_last_outing_k_per_9,starter,0.07972394098048548,0.9202760590195145,2464,float64
diff_starter_box_last_outing_bb_per_9,starter,0.07972394098048548,0.9202760590195145,1500,float64
diff_starter_box_last_outing_hr_per_9,starter,0.07972394098048548,0.9202760590195145,676,float64
diff_starter_box_last_outing_avg_pitches,starter,0.07877201332698715,0.9212279866730129,184,float64
diff_starter_box_rolling3_ip,starter,0.07841504045692527,0.9215849595430747,497,float64
diff_starter_box_rolling3_era,starter,0.07841504045692527,0.9215849595430747,6989,float64
diff_starter_box_rolling3_whip,starter,0.07841504045692527,0.9215849595430747,7079,float64
diff_starter_box_rolling3_k_per_9,starter,0.07841504045692527,0.9215849595430747,6928,float64
diff_starter_box_rolling3_bb_per_9,starter,0.07841504045692527,0.9215849595430747,6757,float64
diff_starter_box_rolling3_hr_per_9,starter,0.07841504045692527,0.9215849595430747,5125,float64
diff_starter_box_rolling3_avg_pitches,starter,0.07841504045692527,0.9215849595430747,834,float64
diff_starter_box_rolling5_ip,starter,0.07841504045692527,0.9215849595430747,619,float64
diff_starter_box_rolling5_era,starter,0.07841504045692527,0.9215849595430747,7446,float64
diff_starter_box_rolling5_whip,starter,0.07841504045692527,0.9215849595430747,7466,float64
diff_starter_box_rolling5_k_per_9,starter,0.07841504045692527,0.9215849595430747,7452,float64
diff_starter_box_rolling5_bb_per_9,starter,0.07841504045692527,0.9215849595430747,7411,float64
diff_starter_box_rolling5_hr_per_9,starter,0.07841504045692527,0.9215849595430747,6749,float64
diff_starter_box_rolling5_avg_pitches,starter,0.07841504045692527,0.9215849595430747,1380,float64
diff_starter_box_rolling10_ip,starter,0.07841504045692527,0.9215849595430747,1118,float64
diff_starter_box_rolling10_era,starter,0.07841504045692527,0.9215849595430747,7665,float64
diff_starter_box_rolling10_whip,starter,0.07841504045692527,0.9215849595430747,7672,float64
diff_starter_box_rolling10_k_per_9,starter,0.07841504045692527,0.9215849595430747,7646,float64
diff_starter_box_rolling10_bb_per_9,starter,0.07841504045692527,0.9215849595430747,7634,float64
diff_starter_box_rolling10_hr_per_9,starter,0.07841504045692527,0.9215849595430747,7445,float64
diff_starter_box_rolling10_avg_pitches,starter,0.07841504045692527,0.9215849595430747,2297,float64
home_team_sc_team_off_sc_pitches_seen_season_to_date,statcast,0.007377439314612089,0.9926225606853879,8008,float64
home_team_sc_team_off_sc_pitches_seen_last3,statcast,0.007377439314612089,0.9926225606853879,252,float64
home_team_sc_team_off_sc_pitches_seen_last5,statcast,0.007377439314612089,0.9926225606853879,349,float64
home_team_sc_team_off_sc_pitches_seen_last10,statcast,0.007377439314612089,0.9926225606853879,530,float64
home_team_sc_team_off_sc_pitches_seen_last20,statcast,0.007377439314612089,0.9926225606853879,857,float64
home_team_sc_team_off_sc_pa_season_to_date,statcast,0.007377439314612089,0.9926225606853879,7171,float64
home_team_sc_team_off_sc_pa_last3,statcast,0.007377439314612089,0.9926225606853879,66,float64
home_team_sc_team_off_sc_pa_last5,statcast,0.007377439314612089,0.9926225606853879,97,float64
home_team_sc_team_off_sc_pa_last10,statcast,0.007377439314612089,0.9926225606853879,173,float64
home_team_sc_team_off_sc_pa_last20,statcast,0.007377439314612089,0.9926225606853879,299,float64
home_team_sc_team_off_sc_avg_ev_season_to_date,statcast,0.007377439314612089,0.9926225606853879,8342,float64
home_team_sc_team_off_sc_avg_ev_last3,statcast,0.007377439314612089,0.9926225606853879,8342,float64
home_team_sc_team_off_sc_avg_ev_last5,statcast,0.007377439314612089,0.9926225606853879,8342,float64
home_team_sc_team_off_sc_avg_ev_last10,statcast,0.007377439314612089,0.9926225606853879,8342,float64
home_team_sc_team_off_sc_avg_ev_last20,statcast,0.007377439314612089,0.9926225606853879,8342,float64
home_team_sc_team_off_sc_max_ev_season_to_date,statcast,0.007377439314612089,0.9926225606853879,8176,float64
home_team_sc_team_off_sc_max_ev_last3,statcast,0.007377439314612089,0.9926225606853879,580,float64
home_team_sc_team_off_sc_max_ev_last5,statcast,0.007377439314612089,0.9926225606853879,737,float64
home_team_sc_team_off_sc_max_ev_last10,statcast,0.007377439314612089,0.9926225606853879,1058,float64
home_team_sc_team_off_sc_max_ev_last20,statcast,0.007377439314612089,0.9926225606853879,1871,float64
home_team_sc_team_off_sc_avg_la_season_to_date,statcast,0.007377439314612089,0.9926225606853879,8342,float64
home_team_sc_team_off_sc_avg_la_last3,statcast,0.007377439314612089,0.9926225606853879,8341,float64
home_team_sc_team_off_sc_avg_la_last5,statcast,0.007377439314612089,0.9926225606853879,8342,float64
home_team_sc_team_off_sc_avg_la_last10,statcast,0.007377439314612089,0.9926225606853879,8342,float64
home_team_sc_team_off_sc_avg_la_last20,statcast,0.007377439314612089,0.9926225606853879,8342,float64
home_team_sc_team_off_sc_hard_hit_rate_season_to_date,statcast,0.007377439314612089,0.9926225606853879,8342,float64
home_team_sc_team_off_sc_hard_hit_rate_last3,statcast,0.007377439314612089,0.9926225606853879,8273,float64
home_team_sc_team_off_sc_hard_hit_rate_last5,statcast,0.007377439314612089,0.9926225606853879,8308,float64
home_team_sc_team_off_sc_hard_hit_rate_last10,statcast,0.007377439314612089,0.9926225606853879,8312,float64
home_team_sc_team_off_sc_hard_hit_rate_last20,statcast,0.007377439314612089,0.9926225606853879,8317,float64
home_team_sc_team_off_sc_sweetspot_rate_season_to_date,statcast,0.007377439314612089,0.9926225606853879,8342,float64
home_team_sc_team_off_sc_sweetspot_rate_last3,statcast,0.007377439314612089,0.9926225606853879,8246,float64
home_team_sc_team_off_sc_sweetspot_rate_last5,statcast,0.007377439314612089,0.9926225606853879,8300,float64
home_team_sc_team_off_sc_sweetspot_rate_last10,statcast,0.007377439314612089,0.9926225606853879,8313,float64
home_team_sc_team_off_sc_sweetspot_rate_last20,statcast,0.007377439314612089,0.9926225606853879,8317,float64
home_team_sc_team_off_sc_xwoba_contact_season_to_date,statcast,0.007377439314612089,0.9926225606853879,8342,float64
home_team_sc_team_off_sc_xwoba_contact_last3,statcast,0.007377439314612089,0.9926225606853879,8342,float64
home_team_sc_team_off_sc_xwoba_contact_last5,statcast,0.007377439314612089,0.9926225606853879,8342,float64
home_team_sc_team_off_sc_xwoba_contact_last10,statcast,0.007377439314612089,0.9926225606853879,8342,float64
home_team_sc_team_off_sc_xwoba_contact_last20,statcast,0.007377439314612089,0.9926225606853879,8342,float64
home_team_sc_team_off_sc_woba_season_to_date,statcast,0.007377439314612089,0.9926225606853879,8342,float64
home_team_sc_team_off_sc_woba_last3,statcast,0.007377439314612089,0.9926225606853879,8335,float64
home_team_sc_team_off_sc_woba_last5,statcast,0.007377439314612089,0.9926225606853879,8336,float64
home_team_sc_team_off_sc_woba_last10,statcast,0.007377439314612089,0.9926225606853879,8337,float64
home_team_sc_team_off_sc_woba_last20,statcast,0.007377439314612089,0.9926225606853879,8339,float64
home_team_sc_team_off_sc_k_rate_season_to_date,statcast,0.007377439314612089,0.9926225606853879,8342,float64
home_team_sc_team_off_sc_k_rate_last3,statcast,0.007377439314612089,0.9926225606853879,8326,float64
home_team_sc_team_off_sc_k_rate_last5,statcast,0.007377439314612089,0.9926225606853879,8333,float64
home_team_sc_team_off_sc_k_rate_last10,statcast,0.007377439314612089,0.9926225606853879,8328,float64
home_team_sc_team_off_sc_k_rate_last20,statcast,0.007377439314612089,0.9926225606853879,8328,float64
home_team_sc_team_off_sc_bb_rate_season_to_date,statcast,0.007377439314612089,0.9926225606853879,8342,float64
home_team_sc_team_off_sc_bb_rate_last3,statcast,0.007377439314612089,0.9926225606853879,8290,float64
home_team_sc_team_off_sc_bb_rate_last5,statcast,0.007377439314612089,0.9926225606853879,8299,float64
home_team_sc_team_off_sc_bb_rate_last10,statcast,0.007377439314612089,0.9926225606853879,8290,float64
home_team_sc_team_off_sc_bb_rate_last20,statcast,0.007377439314612089,0.9926225606853879,8303,float64
home_team_sc_team_off_sc_hr_rate_season_to_date,statcast,0.007377439314612089,0.9926225606853879,8334,float64
home_team_sc_team_off_sc_hr_rate_last3,statcast,0.007377439314612089,0.9926225606853879,6607,float64
home_team_sc_team_off_sc_hr_rate_last5,statcast,0.007377439314612089,0.9926225606853879,7487,float64
home_team_sc_team_off_sc_hr_rate_last10,statcast,0.007377439314612089,0.9926225606853879,7553,float64
home_team_sc_team_off_sc_hr_rate_last20,statcast,0.007377439314612089,0.9926225606853879,7549,float64
home_team_sc_team_off_sc_whiff_rate_season_to_date,statcast,0.007377439314612089,0.9926225606853879,8342,float64
home_team_sc_team_off_sc_whiff_rate_last3,statcast,0.007377439314612089,0.9926225606853879,8332,float64
home_team_sc_team_off_sc_whiff_rate_last5,statcast,0.007377439314612089,0.9926225606853879,8334,float64
home_team_sc_team_off_sc_whiff_rate_last10,statcast,0.007377439314612089,0.9926225606853879,8330,float64
home_team_sc_team_off_sc_whiff_rate_last20,statcast,0.007377439314612089,0.9926225606853879,8339,float64
home_team_sc_team_off_sc_swing_rate_season_to_date,statcast,0.007377439314612089,0.9926225606853879,8342,float64
home_team_sc_team_off_sc_swing_rate_last3,statcast,0.007377439314612089,0.9926225606853879,8333,float64
home_team_sc_team_off_sc_swing_rate_last5,statcast,0.007377439314612089,0.9926225606853879,8336,float64
home_team_sc_team_off_sc_swing_rate_last10,statcast,0.007377439314612089,0.9926225606853879,8333,float64
home_team_sc_team_off_sc_swing_rate_last20,statcast,0.007377439314612089,0.9926225606853879,8334,float64
home_team_sc_team_off_sc_csw_rate_season_to_date,statcast,0.007377439314612089,0.9926225606853879,8342,float64
home_team_sc_team_off_sc_csw_rate_last3,statcast,0.007377439314612089,0.9926225606853879,8333,float64
home_team_sc_team_off_sc_csw_rate_last5,statcast,0.007377439314612089,0.9926225606853879,8336,float64
home_team_sc_team_off_sc_csw_rate_last10,statcast,0.007377439314612089,0.9926225606853879,8334,float64
home_team_sc_team_off_sc_csw_rate_last20,statcast,0.007377439314612089,0.9926225606853879,8336,float64
away_team_sc_team_off_sc_pitches_seen_season_to_date,statcast,0.007377439314612089,0.9926225606853879,8018,float64
away_team_sc_team_off_sc_pitches_seen_last3,statcast,0.007377439314612089,0.9926225606853879,264,float64
away_team_sc_team_off_sc_pitches_seen_last5,statcast,0.007377439314612089,0.9926225606853879,360,float64
away_team_sc_team_off_sc_pitches_seen_last10,statcast,0.007377439314612089,0.9926225606853879,533,float64
away_team_sc_team_off_sc_pitches_seen_last20,statcast,0.007377439314612089,0.9926225606853879,853,float64
away_team_sc_team_off_sc_pa_season_to_date,statcast,0.007377439314612089,0.9926225606853879,7281,float64
away_team_sc_team_off_sc_pa_last3,statcast,0.007377439314612089,0.9926225606853879,73,float64
away_team_sc_team_off_sc_pa_last5,statcast,0.007377439314612089,0.9926225606853879,107,float64
away_team_sc_team_off_sc_pa_last10,statcast,0.007377439314612089,0.9926225606853879,171,float64
away_team_sc_team_off_sc_pa_last20,statcast,0.007377439314612089,0.9926225606853879,296,float64
away_team_sc_team_off_sc_avg_ev_season_to_date,statcast,0.007377439314612089,0.9926225606853879,8342,float64
away_team_sc_team_off_sc_avg_ev_last3,statcast,0.007377439314612089,0.9926225606853879,8342,float64
away_team_sc_team_off_sc_avg_ev_last5,statcast,0.007377439314612089,0.9926225606853879,8342,float64
away_team_sc_team_off_sc_avg_ev_last10,statcast,0.007377439314612089,0.9926225606853879,8342,float64
away_team_sc_team_off_sc_avg_ev_last20,statcast,0.007377439314612089,0.9926225606853879,8342,float64
away_team_sc_team_off_sc_max_ev_season_to_date,statcast,0.007377439314612089,0.9926225606853879,8195,float64
away_team_sc_team_off_sc_max_ev_last3,statcast,0.007377439314612089,0.9926225606853879,566,float64
away_team_sc_team_off_sc_max_ev_last5,statcast,0.007377439314612089,0.9926225606853879,739,float64
away_team_sc_team_off_sc_max_ev_last10,statcast,0.007377439314612089,0.9926225606853879,1044,float64
away_team_sc_team_off_sc_max_ev_last20,statcast,0.007377439314612089,0.9926225606853879,1855,float64
away_team_sc_team_off_sc_avg_la_season_to_date,statcast,0.007377439314612089,0.9926225606853879,8342,float64
away_team_sc_team_off_sc_avg_la_last3,statcast,0.007377439314612089,0.9926225606853879,8342,float64
away_team_sc_team_off_sc_avg_la_last5,statcast,0.007377439314612089,0.9926225606853879,8342,float64
away_team_sc_team_off_sc_avg_la_last10,statcast,0.007377439314612089,0.9926225606853879,8341,float64
away_team_sc_team_off_sc_avg_la_last20,statcast,0.007377439314612089,0.9926225606853879,8341,float64
away_team_sc_team_off_sc_hard_hit_rate_season_to_date,statcast,0.007377439314612089,0.9926225606853879,8342,float64
away_team_sc_team_off_sc_hard_hit_rate_last3,statcast,0.007377439314612089,0.9926225606853879,8272,float64
away_team_sc_team_off_sc_hard_hit_rate_last5,statcast,0.007377439314612089,0.9926225606853879,8313,float64
away_team_sc_team_off_sc_hard_hit_rate_last10,statcast,0.007377439314612089,0.9926225606853879,8316,float64
away_team_sc_team_off_sc_hard_hit_rate_last20,statcast,0.007377439314612089,0.9926225606853879,8312,float64
away_team_sc_team_off_sc_sweetspot_rate_season_to_date,statcast,0.007377439314612089,0.9926225606853879,8342,float64
away_team_sc_team_off_sc_sweetspot_rate_last3,statcast,0.007377439314612089,0.9926225606853879,8258,float64
away_team_sc_team_off_sc_sweetspot_rate_last5,statcast,0.007377439314612089,0.9926225606853879,8316,float64
away_team_sc_team_off_sc_sweetspot_rate_last10,statcast,0.007377439314612089,0.9926225606853879,8314,float64
away_team_sc_team_off_sc_sweetspot_rate_last20,statcast,0.007377439314612089,0.9926225606853879,8314,float64
away_team_sc_team_off_sc_xwoba_contact_season_to_date,statcast,0.007377439314612089,0.9926225606853879,8342,float64
away_team_sc_team_off_sc_xwoba_contact_last3,statcast,0.007377439314612089,0.9926225606853879,8342,float64
away_team_sc_team_off_sc_xwoba_contact_last5,statcast,0.007377439314612089,0.9926225606853879,8342,float64
away_team_sc_team_off_sc_xwoba_contact_last10,statcast,0.007377439314612089,0.9926225606853879,8342,float64
away_team_sc_team_off_sc_xwoba_contact_last20,statcast,0.007377439314612089,0.9926225606853879,8342,float64
away_team_sc_team_off_sc_woba_season_to_date,statcast,0.007377439314612089,0.9926225606853879,8342,float64
away_team_sc_team_off_sc_woba_last3,statcast,0.007377439314612089,0.9926225606853879,8332,float64
away_team_sc_team_off_sc_woba_last5,statcast,0.007377439314612089,0.9926225606853879,8341,float64
away_team_sc_team_off_sc_woba_last10,statcast,0.007377439314612089,0.9926225606853879,8341,float64
away_team_sc_team_off_sc_woba_last20,statcast,0.007377439314612089,0.9926225606853879,8334,float64
away_team_sc_team_off_sc_k_rate_season_to_date,statcast,0.007377439314612089,0.9926225606853879,8342,float64
away_team_sc_team_off_sc_k_rate_last3,statcast,0.007377439314612089,0.9926225606853879,8331,float64
away_team_sc_team_off_sc_k_rate_last5,statcast,0.007377439314612089,0.9926225606853879,8335,float64
away_team_sc_team_off_sc_k_rate_last10,statcast,0.007377439314612089,0.9926225606853879,8338,float64
away_team_sc_team_off_sc_k_rate_last20,statcast,0.007377439314612089,0.9926225606853879,8330,float64
away_team_sc_team_off_sc_bb_rate_season_to_date,statcast,0.007377439314612089,0.9926225606853879,8341,float64
away_team_sc_team_off_sc_bb_rate_last3,statcast,0.007377439314612089,0.9926225606853879,8280,float64
away_team_sc_team_off_sc_bb_rate_last5,statcast,0.007377439314612089,0.9926225606853879,8290,float64
away_team_sc_team_off_sc_bb_rate_last10,statcast,0.007377439314612089,0.9926225606853879,8297,float64
away_team_sc_team_off_sc_bb_rate_last20,statcast,0.007377439314612089,0.9926225606853879,8298,float64
away_team_sc_team_off_sc_hr_rate_season_to_date,statcast,0.007377439314612089,0.9926225606853879,8327,float64
away_team_sc_team_off_sc_hr_rate_last3,statcast,0.007377439314612089,0.9926225606853879,6613,float64
away_team_sc_team_off_sc_hr_rate_last5,statcast,0.007377439314612089,0.9926225606853879,7450,float64
away_team_sc_team_off_sc_hr_rate_last10,statcast,0.007377439314612089,0.9926225606853879,7540,float64
away_team_sc_team_off_sc_hr_rate_last20,statcast,0.007377439314612089,0.9926225606853879,7544,float64
away_team_sc_team_off_sc_whiff_rate_season_to_date,statcast,0.007377439314612089,0.9926225606853879,8342,float64
away_team_sc_team_off_sc_whiff_rate_last3,statcast,0.007377439314612089,0.9926225606853879,8330,float64
away_team_sc_team_off_sc_whiff_rate_last5,statcast,0.007377439314612089,0.9926225606853879,8335,float64
away_team_sc_team_off_sc_whiff_rate_last10,statcast,0.007377439314612089,0.9926225606853879,8335,float64
away_team_sc_team_off_sc_whiff_rate_last20,statcast,0.007377439314612089,0.9926225606853879,8336,float64
away_team_sc_team_off_sc_swing_rate_season_to_date,statcast,0.007377439314612089,0.9926225606853879,8342,float64
away_team_sc_team_off_sc_swing_rate_last3,statcast,0.007377439314612089,0.9926225606853879,8333,float64
away_team_sc_team_off_sc_swing_rate_last5,statcast,0.007377439314612089,0.9926225606853879,8334,float64
away_team_sc_team_off_sc_swing_rate_last10,statcast,0.007377439314612089,0.9926225606853879,8331,float64
away_team_sc_team_off_sc_swing_rate_last20,statcast,0.007377439314612089,0.9926225606853879,8331,float64
away_team_sc_team_off_sc_csw_rate_season_to_date,statcast,0.007377439314612089,0.9926225606853879,8342,float64
away_team_sc_team_off_sc_csw_rate_last3,statcast,0.007377439314612089,0.9926225606853879,8339,float64
away_team_sc_team_off_sc_csw_rate_last5,statcast,0.007377439314612089,0.9926225606853879,8334,float64
away_team_sc_team_off_sc_csw_rate_last10,statcast,0.007377439314612089,0.9926225606853879,8338,float64
away_team_sc_team_off_sc_csw_rate_last20,statcast,0.007377439314612089,0.9926225606853879,8334,float64
diff_team_sc_team_off_sc_pitches_seen_season_to_date,statcast,0.007377439314612089,0.9926225606853879,8292,float64
diff_team_sc_team_off_sc_pitches_seen_last3,statcast,0.007377439314612089,0.9926225606853879,807,float64
diff_team_sc_team_off_sc_pitches_seen_last5,statcast,0.007377439314612089,0.9926225606853879,882,float64
diff_team_sc_team_off_sc_pitches_seen_last10,statcast,0.007377439314612089,0.9926225606853879,1122,float64
diff_team_sc_team_off_sc_pitches_seen_last20,statcast,0.007377439314612089,0.9926225606853879,1620,float64
diff_team_sc_team_off_sc_pa_season_to_date,statcast,0.007377439314612089,0.9926225606853879,8146,float64
diff_team_sc_team_off_sc_pa_last3,statcast,0.007377439314612089,0.9926225606853879,199,float64
diff_team_sc_team_off_sc_pa_last5,statcast,0.007377439314612089,0.9926225606853879,221,float64
diff_team_sc_team_off_sc_pa_last10,statcast,0.007377439314612089,0.9926225606853879,327,float64
diff_team_sc_team_off_sc_pa_last20,statcast,0.007377439314612089,0.9926225606853879,550,float64
diff_team_sc_team_off_sc_avg_ev_season_to_date,statcast,0.007377439314612089,0.9926225606853879,8342,float64
diff_team_sc_team_off_sc_avg_ev_last3,statcast,0.007377439314612089,0.9926225606853879,8342,float64
diff_team_sc_team_off_sc_avg_ev_last5,statcast,0.007377439314612089,0.9926225606853879,8342,float64
diff_team_sc_team_off_sc_avg_ev_last10,statcast,0.007377439314612089,0.9926225606853879,8341,float64
diff_team_sc_team_off_sc_avg_ev_last20,statcast,0.007377439314612089,0.9926225606853879,8342,float64
diff_team_sc_team_off_sc_max_ev_season_to_date,statcast,0.007377439314612089,0.9926225606853879,8322,float64
diff_team_sc_team_off_sc_max_ev_last3,statcast,0.007377439314612089,0.9926225606853879,1363,float64
diff_team_sc_team_off_sc_max_ev_last5,statcast,0.007377439314612089,0.9926225606853879,1789,float64
diff_team_sc_team_off_sc_max_ev_last10,statcast,0.007377439314612089,0.9926225606853879,2509,float64
diff_team_sc_team_off_sc_max_ev_last20,statcast,0.007377439314612089,0.9926225606853879,3869,float64
diff_team_sc_team_off_sc_avg_la_season_to_date,statcast,0.007377439314612089,0.9926225606853879,8342,float64
diff_team_sc_team_off_sc_avg_la_last3,statcast,0.007377439314612089,0.9926225606853879,8342,float64
diff_team_sc_team_off_sc_avg_la_last5,statcast,0.007377439314612089,0.9926225606853879,8342,float64
diff_team_sc_team_off_sc_avg_la_last10,statcast,0.007377439314612089,0.9926225606853879,8342,float64
diff_team_sc_team_off_sc_avg_la_last20,statcast,0.007377439314612089,0.9926225606853879,8342,float64
diff_team_sc_team_off_sc_hard_hit_rate_season_to_date,statcast,0.007377439314612089,0.9926225606853879,8342,float64
diff_team_sc_team_off_sc_hard_hit_rate_last3,statcast,0.007377439314612089,0.9926225606853879,8342,float64
diff_team_sc_team_off_sc_hard_hit_rate_last5,statcast,0.007377439314612089,0.9926225606853879,8342,float64
diff_team_sc_team_off_sc_hard_hit_rate_last10,statcast,0.007377439314612089,0.9926225606853879,8341,float64
diff_team_sc_team_off_sc_hard_hit_rate_last20,statcast,0.007377439314612089,0.9926225606853879,8341,float64
diff_team_sc_team_off_sc_sweetspot_rate_season_to_date,statcast,0.007377439314612089,0.9926225606853879,8342,float64
diff_team_sc_team_off_sc_sweetspot_rate_last3,statcast,0.007377439314612089,0.9926225606853879,8341,float64
diff_team_sc_team_off_sc_sweetspot_rate_last5,statcast,0.007377439314612089,0.9926225606853879,8342,float64
diff_team_sc_team_off_sc_sweetspot_rate_last10,statcast,0.007377439314612089,0.9926225606853879,8341,float64
diff_team_sc_team_off_sc_sweetspot_rate_last20,statcast,0.007377439314612089,0.9926225606853879,8341,float64
diff_team_sc_team_off_sc_xwoba_contact_season_to_date,statcast,0.007377439314612089,0.9926225606853879,8342,float64
diff_team_sc_team_off_sc_xwoba_contact_last3,statcast,0.007377439314612089,0.9926225606853879,8342,float64
diff_team_sc_team_off_sc_xwoba_contact_last5,statcast,0.007377439314612089,0.9926225606853879,8342,float64
diff_team_sc_team_off_sc_xwoba_contact_last10,statcast,0.007377439314612089,0.9926225606853879,8342,float64
diff_team_sc_team_off_sc_xwoba_contact_last20,statcast,0.007377439314612089,0.9926225606853879,8342,float64
diff_team_sc_team_off_sc_woba_season_to_date,statcast,0.007377439314612089,0.9926225606853879,8342,float64
diff_team_sc_team_off_sc_woba_last3,statcast,0.007377439314612089,0.9926225606853879,8342,float64
diff_team_sc_team_off_sc_woba_last5,statcast,0.007377439314612089,0.9926225606853879,8342,float64
diff_team_sc_team_off_sc_woba_last10,statcast,0.007377439314612089,0.9926225606853879,8342,float64
diff_team_sc_team_off_sc_woba_last20,statcast,0.007377439314612089,0.9926225606853879,8342,float64
diff_team_sc_team_off_sc_k_rate_season_to_date,statcast,0.007377439314612089,0.9926225606853879,8342,float64
diff_team_sc_team_off_sc_k_rate_last3,statcast,0.007377439314612089,0.9926225606853879,8342,float64
diff_team_sc_team_off_sc_k_rate_last5,statcast,0.007377439314612089,0.9926225606853879,8342,float64
diff_team_sc_team_off_sc_k_rate_last10,statcast,0.007377439314612089,0.9926225606853879,8342,float64
diff_team_sc_team_off_sc_k_rate_last20,statcast,0.007377439314612089,0.9926225606853879,8342,float64
diff_team_sc_team_off_sc_bb_rate_season_to_date,statcast,0.007377439314612089,0.9926225606853879,8342,float64
diff_team_sc_team_off_sc_bb_rate_last3,statcast,0.007377439314612089,0.9926225606853879,8341,float64
diff_team_sc_team_off_sc_bb_rate_last5,statcast,0.007377439314612089,0.9926225606853879,8342,float64
diff_team_sc_team_off_sc_bb_rate_last10,statcast,0.007377439314612089,0.9926225606853879,8342,float64
diff_team_sc_team_off_sc_bb_rate_last20,statcast,0.007377439314612089,0.9926225606853879,8342,float64
diff_team_sc_team_off_sc_hr_rate_season_to_date,statcast,0.007377439314612089,0.9926225606853879,8338,float64
diff_team_sc_team_off_sc_hr_rate_last3,statcast,0.007377439314612089,0.9926225606853879,8231,float64
diff_team_sc_team_off_sc_hr_rate_last5,statcast,0.007377439314612089,0.9926225606853879,8252,float64
diff_team_sc_team_off_sc_hr_rate_last10,statcast,0.007377439314612089,0.9926225606853879,8254,float64
diff_team_sc_team_off_sc_hr_rate_last20,statcast,0.007377439314612089,0.9926225606853879,8253,float64
diff_team_sc_team_off_sc_whiff_rate_season_to_date,statcast,0.007377439314612089,0.9926225606853879,8342,float64
diff_team_sc_team_off_sc_whiff_rate_last3,statcast,0.007377439314612089,0.9926225606853879,8342,float64
diff_team_sc_team_off_sc_whiff_rate_last5,statcast,0.007377439314612089,0.9926225606853879,8342,float64
diff_team_sc_team_off_sc_whiff_rate_last10,statcast,0.007377439314612089,0.9926225606853879,8342,float64
diff_team_sc_team_off_sc_whiff_rate_last20,statcast,0.007377439314612089,0.9926225606853879,8342,float64
diff_team_sc_team_off_sc_swing_rate_season_to_date,statcast,0.007377439314612089,0.9926225606853879,8342,float64
diff_team_sc_team_off_sc_swing_rate_last3,statcast,0.007377439314612089,0.9926225606853879,8342,float64
diff_team_sc_team_off_sc_swing_rate_last5,statcast,0.007377439314612089,0.9926225606853879,8342,float64
diff_team_sc_team_off_sc_swing_rate_last10,statcast,0.007377439314612089,0.9926225606853879,8342,float64
diff_team_sc_team_off_sc_swing_rate_last20,statcast,0.007377439314612089,0.9926225606853879,8341,float64
diff_team_sc_team_off_sc_csw_rate_season_to_date,statcast,0.007377439314612089,0.9926225606853879,8342,float64
diff_team_sc_team_off_sc_csw_rate_last3,statcast,0.007377439314612089,0.9926225606853879,8342,float64
diff_team_sc_team_off_sc_csw_rate_last5,statcast,0.007377439314612089,0.9926225606853879,8342,float64
diff_team_sc_team_off_sc_csw_rate_last10,statcast,0.007377439314612089,0.9926225606853879,8342,float64
diff_team_sc_team_off_sc_csw_rate_last20,statcast,0.007377439314612089,0.9926225606853879,8342,float64
home_team_pitchmix_team_pitchmix_pt_avg_ev_breaking_season_to_date,pitchmix,0.007377439314612089,0.9926225606853879,8334,float64
home_team_pitchmix_team_pitchmix_pt_avg_ev_breaking_last3,pitchmix,0.007377439314612089,0.9926225606853879,8305,float64
home_team_pitchmix_team_pitchmix_pt_avg_ev_breaking_last5,pitchmix,0.007377439314612089,0.9926225606853879,8340,float64
home_team_pitchmix_team_pitchmix_pt_avg_ev_breaking_last10,pitchmix,0.007377439314612089,0.9926225606853879,8342,float64
home_team_pitchmix_team_pitchmix_pt_avg_ev_breaking_last20,pitchmix,0.007377439314612089,0.9926225606853879,8342,float64
home_team_pitchmix_team_pitchmix_pt_avg_ev_fastball_season_to_date,pitchmix,0.007377439314612089,0.9926225606853879,8342,float64
home_team_pitchmix_team_pitchmix_pt_avg_ev_fastball_last3,pitchmix,0.007377439314612089,0.9926225606853879,8339,float64
home_team_pitchmix_team_pitchmix_pt_avg_ev_fastball_last5,pitchmix,0.007377439314612089,0.9926225606853879,8341,float64
home_team_pitchmix_team_pitchmix_pt_avg_ev_fastball_last10,pitchmix,0.007377439314612089,0.9926225606853879,8342,float64
home_team_pitchmix_team_pitchmix_pt_avg_ev_fastball_last20,pitchmix,0.007377439314612089,0.9926225606853879,8342,float64
home_team_pitchmix_team_pitchmix_pt_avg_ev_offspeed_season_to_date,pitchmix,0.0074964302712993815,0.9925035697287006,7459,float64
home_team_pitchmix_team_pitchmix_pt_avg_ev_offspeed_last3,pitchmix,0.009995240361732508,0.9900047596382675,7804,float64
home_team_pitchmix_team_pitchmix_pt_avg_ev_offspeed_last5,pitchmix,0.007734412184673965,0.992265587815326,8121,float64
home_team_pitchmix_team_pitchmix_pt_avg_ev_offspeed_last10,pitchmix,0.0074964302712993815,0.9925035697287006,8197,float64
home_team_pitchmix_team_pitchmix_pt_avg_ev_offspeed_last20,pitchmix,0.0074964302712993815,0.9925035697287006,8207,float64
home_team_pitchmix_team_pitchmix_pt_avg_ev_other_season_to_date,pitchmix,0.15361732508329368,0.8463826749167064,348,float64
home_team_pitchmix_team_pitchmix_pt_avg_ev_other_last5,pitchmix,0.8992146596858639,0.10078534031413612,281,float64
home_team_pitchmix_team_pitchmix_pt_avg_ev_other_last10,pitchmix,0.7991432651118515,0.2008567348881485,367,float64
home_team_pitchmix_team_pitchmix_pt_avg_ev_other_last20,pitchmix,0.6469538315088054,0.3530461684911947,416,float64
home_team_pitchmix_team_pitchmix_pt_hard_hit_rate_breaking_season_to_date,pitchmix,0.007377439314612089,0.9926225606853879,8331,float64
home_team_pitchmix_team_pitchmix_pt_hard_hit_rate_breaking_last3,pitchmix,0.007377439314612089,0.9926225606853879,6633,float64
home_team_pitchmix_team_pitchmix_pt_hard_hit_rate_breaking_last5,pitchmix,0.007377439314612089,0.9926225606853879,7708,float64
home_team_pitchmix_team_pitchmix_pt_hard_hit_rate_breaking_last10,pitchmix,0.007377439314612089,0.9926225606853879,8172,float64
home_team_pitchmix_team_pitchmix_pt_hard_hit_rate_breaking_last20,pitchmix,0.007377439314612089,0.9926225606853879,8165,float64
home_team_pitchmix_team_pitchmix_pt_hard_hit_rate_fastball_season_to_date,pitchmix,0.007377439314612089,0.9926225606853879,8342,float64
home_team_pitchmix_team_pitchmix_pt_hard_hit_rate_fastball_last3,pitchmix,0.007377439314612089,0.9926225606853879,8192,float64
home_team_pitchmix_team_pitchmix_pt_hard_hit_rate_fastball_last5,pitchmix,0.007377439314612089,0.9926225606853879,8287,float64
home_team_pitchmix_team_pitchmix_pt_hard_hit_rate_fastball_last10,pitchmix,0.007377439314612089,0.9926225606853879,8298,float64
home_team_pitchmix_team_pitchmix_pt_hard_hit_rate_fastball_last20,pitchmix,0.007377439314612089,0.9926225606853879,8295,float64
home_team_pitchmix_team_pitchmix_pt_hard_hit_rate_offspeed_season_to_date,pitchmix,0.0074964302712993815,0.9925035697287006,7435,float64
home_team_pitchmix_team_pitchmix_pt_hard_hit_rate_offspeed_last3,pitchmix,0.009995240361732508,0.9900047596382675,3142,float64
home_team_pitchmix_team_pitchmix_pt_hard_hit_rate_offspeed_last5,pitchmix,0.007734412184673965,0.992265587815326,4892,float64
home_team_pitchmix_team_pitchmix_pt_hard_hit_rate_offspeed_last10,pitchmix,0.0074964302712993815,0.9925035697287006,6533,float64
home_team_pitchmix_team_pitchmix_pt_hard_hit_rate_offspeed_last20,pitchmix,0.0074964302712993815,0.9925035697287006,7384,float64
home_team_pitchmix_team_pitchmix_pt_hard_hit_rate_other_season_to_date,pitchmix,0.15361732508329368,0.8463826749167064,273,float64
home_team_pitchmix_team_pitchmix_pt_hard_hit_rate_other_last5,pitchmix,0.8992146596858639,0.10078534031413612,44,float64
home_team_pitchmix_team_pitchmix_pt_hard_hit_rate_other_last10,pitchmix,0.7991432651118515,0.2008567348881485,60,float64
home_team_pitchmix_team_pitchmix_pt_hard_hit_rate_other_last20,pitchmix,0.6469538315088054,0.3530461684911947,94,float64
home_team_pitchmix_team_pitchmix_pt_pitches_breaking_season_to_date,pitchmix,0.007377439314612089,0.9926225606853879,7853,float64
home_team_pitchmix_team_pitchmix_pt_pitches_breaking_last3,pitchmix,0.007377439314612089,0.9926225606853879,193,float64
home_team_pitchmix_team_pitchmix_pt_pitches_breaking_last5,pitchmix,0.007377439314612089,0.9926225606853879,268,float64
home_team_pitchmix_team_pitchmix_pt_pitches_breaking_last10,pitchmix,0.007377439314612089,0.9926225606853879,397,float64
home_team_pitchmix_team_pitchmix_pt_pitches_breaking_last20,pitchmix,0.007377439314612089,0.9926225606853879,665,float64
home_team_pitchmix_team_pitchmix_pt_pitches_fastball_season_to_date,pitchmix,0.007377439314612089,0.9926225606853879,7945,float64
home_team_pitchmix_team_pitchmix_pt_pitches_fastball_last3,pitchmix,0.007377439314612089,0.9926225606853879,229,float64
home_team_pitchmix_team_pitchmix_pt_pitches_fastball_last5,pitchmix,0.007377439314612089,0.9926225606853879,312,float64
home_team_pitchmix_team_pitchmix_pt_pitches_fastball_last10,pitchmix,0.007377439314612089,0.9926225606853879,502,float64
home_team_pitchmix_team_pitchmix_pt_pitches_fastball_last20,pitchmix,0.007377439314612089,0.9926225606853879,782,float64
home_team_pitchmix_team_pitchmix_pt_pitches_offspeed_season_to_date,pitchmix,0.0074964302712993815,0.9925035697287006,7263,float64
home_team_pitchmix_team_pitchmix_pt_pitches_offspeed_last3,pitchmix,0.00809138505473584,0.9919086149452642,164,float64
home_team_pitchmix_team_pitchmix_pt_pitches_offspeed_last5,pitchmix,0.0074964302712993815,0.9925035697287006,306,float64
home_team_pitchmix_team_pitchmix_pt_pitches_offspeed_last10,pitchmix,0.0074964302712993815,0.9925035697287006,620,float64
home_team_pitchmix_team_pitchmix_pt_pitches_offspeed_last20,pitchmix,0.0074964302712993815,0.9925035697287006,1223,float64
home_team_pitchmix_team_pitchmix_pt_pitches_other_season_to_date,pitchmix,0.010352213231794383,0.9896477867682056,2057,float64
home_team_pitchmix_team_pitchmix_pt_pitches_other_last3,pitchmix,0.44562113279390764,0.5543788672060923,82,float64
home_team_pitchmix_team_pitchmix_pt_pitches_other_last5,pitchmix,0.26844359828653025,0.7315564017134698,124,float64
home_team_pitchmix_team_pitchmix_pt_pitches_other_last10,pitchmix,0.08650642551166111,0.9134935744883389,194,float64
home_team_pitchmix_team_pitchmix_pt_pitches_other_last20,pitchmix,0.017372679676344597,0.9826273203236554,339,float64
home_team_pitchmix_team_pitchmix_pt_whiff_rate_breaking_season_to_date,pitchmix,0.007377439314612089,0.9926225606853879,8342,float64
home_team_pitchmix_team_pitchmix_pt_whiff_rate_breaking_last3,pitchmix,0.007377439314612089,0.9926225606853879,8256,float64
home_team_pitchmix_team_pitchmix_pt_whiff_rate_breaking_last5,pitchmix,0.007377439314612089,0.9926225606853879,8316,float64
home_team_pitchmix_team_pitchmix_pt_whiff_rate_breaking_last10,pitchmix,0.007377439314612089,0.9926225606853879,8306,float64
home_team_pitchmix_team_pitchmix_pt_whiff_rate_breaking_last20,pitchmix,0.007377439314612089,0.9926225606853879,8306,float64
home_team_pitchmix_team_pitchmix_pt_whiff_rate_fastball_season_to_date,pitchmix,0.007377439314612089,0.9926225606853879,8342,float64
home_team_pitchmix_team_pitchmix_pt_whiff_rate_fastball_last3,pitchmix,0.007377439314612089,0.9926225606853879,8317,float64
home_team_pitchmix_team_pitchmix_pt_whiff_rate_fastball_last5,pitchmix,0.007377439314612089,0.9926225606853879,8330,float64
home_team_pitchmix_team_pitchmix_pt_whiff_rate_fastball_last10,pitchmix,0.007377439314612089,0.9926225606853879,8327,float64
home_team_pitchmix_team_pitchmix_pt_whiff_rate_fastball_last20,pitchmix,0.007377439314612089,0.9926225606853879,8325,float64
home_team_pitchmix_team_pitchmix_pt_whiff_rate_offspeed_season_to_date,pitchmix,0.0074964302712993815,0.9925035697287006,7880,float64
home_team_pitchmix_team_pitchmix_pt_whiff_rate_offspeed_last3,pitchmix,0.00809138505473584,0.9919086149452642,6403,float64
home_team_pitchmix_team_pitchmix_pt_whiff_rate_offspeed_last5,pitchmix,0.0074964302712993815,0.9925035697287006,7661,float64
home_team_pitchmix_team_pitchmix_pt_whiff_rate_offspeed_last10,pitchmix,0.0074964302712993815,0.9925035697287006,7952,float64
home_team_pitchmix_team_pitchmix_pt_whiff_rate_offspeed_last20,pitchmix,0.0074964302712993815,0.9925035697287006,7934,float64
home_team_pitchmix_team_pitchmix_pt_whiff_rate_other_season_to_date,pitchmix,0.010352213231794383,0.9896477867682056,1734,float64
home_team_pitchmix_team_pitchmix_pt_whiff_rate_other_last3,pitchmix,0.44562113279390764,0.5543788672060923,75,float64
home_team_pitchmix_team_pitchmix_pt_whiff_rate_other_last5,pitchmix,0.26844359828653025,0.7315564017134698,100,float64
home_team_pitchmix_team_pitchmix_pt_whiff_rate_other_last10,pitchmix,0.08650642551166111,0.9134935744883389,151,float64
home_team_pitchmix_team_pitchmix_pt_whiff_rate_other_last20,pitchmix,0.017372679676344597,0.9826273203236554,230,float64
home_team_pitchmix_team_pitchmix_pt_woba_breaking_season_to_date,pitchmix,0.007377439314612089,0.9926225606853879,8330,float64
home_team_pitchmix_team_pitchmix_pt_woba_breaking_last3,pitchmix,0.007377439314612089,0.9926225606853879,8039,float64
home_team_pitchmix_team_pitchmix_pt_woba_breaking_last5,pitchmix,0.007377439314612089,0.9926225606853879,8207,float64
home_team_pitchmix_team_pitchmix_pt_woba_breaking_last10,pitchmix,0.007377439314612089,0.9926225606853879,8278,float64
home_team_pitchmix_team_pitchmix_pt_woba_breaking_last20,pitchmix,0.007377439314612089,0.9926225606853879,8278,float64
home_team_pitchmix_team_pitchmix_pt_woba_fastball_season_to_date,pitchmix,0.007377439314612089,0.9926225606853879,8342,float64
home_team_pitchmix_team_pitchmix_pt_woba_fastball_last3,pitchmix,0.007377439314612089,0.9926225606853879,8307,float64
home_team_pitchmix_team_pitchmix_pt_woba_fastball_last5,pitchmix,0.007377439314612089,0.9926225606853879,8329,float64
home_team_pitchmix_team_pitchmix_pt_woba_fastball_last10,pitchmix,0.007377439314612089,0.9926225606853879,8339,float64
home_team_pitchmix_team_pitchmix_pt_woba_fastball_last20,pitchmix,0.007377439314612089,0.9926225606853879,8335,float64
home_team_pitchmix_team_pitchmix_pt_woba_offspeed_season_to_date,pitchmix,0.007615421227986673,0.9923845787720134,7319,float64
home_team_pitchmix_team_pitchmix_pt_woba_offspeed_last3,pitchmix,0.011661113755354594,0.9883388862446454,5043,float64
home_team_pitchmix_team_pitchmix_pt_woba_offspeed_last5,pitchmix,0.007734412184673965,0.992265587815326,6611,float64
home_team_pitchmix_team_pitchmix_pt_woba_offspeed_last10,pitchmix,0.007615421227986673,0.9923845787720134,7432,float64
home_team_pitchmix_team_pitchmix_pt_woba_offspeed_last20,pitchmix,0.007615421227986673,0.9923845787720134,7713,float64
home_team_pitchmix_team_pitchmix_pt_woba_other_season_to_date,pitchmix,0.020942408376963352,0.9790575916230366,1532,float64
home_team_pitchmix_team_pitchmix_pt_woba_other_last3,pitchmix,0.6699190861494526,0.3300809138505474,129,float64
home_team_pitchmix_team_pitchmix_pt_woba_other_last5,pitchmix,0.5204664445502142,0.4795335554497858,187,float64
home_team_pitchmix_team_pitchmix_pt_woba_other_last10,pitchmix,0.28426939552594005,0.71573060447406,354,float64
home_team_pitchmix_team_pitchmix_pt_woba_other_last20,pitchmix,0.0940028557829605,0.9059971442170395,567,float64
away_team_pitchmix_team_pitchmix_pt_avg_ev_breaking_season_to_date,pitchmix,0.0074964302712993815,0.9925035697287006,8325,float64
away_team_pitchmix_team_pitchmix_pt_avg_ev_breaking_last3,pitchmix,0.0074964302712993815,0.9925035697287006,8306,float64
away_team_pitchmix_team_pitchmix_pt_avg_ev_breaking_last5,pitchmix,0.0074964302712993815,0.9925035697287006,8331,float64
away_team_pitchmix_team_pitchmix_pt_avg_ev_breaking_last10,pitchmix,0.0074964302712993815,0.9925035697287006,8339,float64
away_team_pitchmix_team_pitchmix_pt_avg_ev_breaking_last20,pitchmix,0.0074964302712993815,0.9925035697287006,8339,float64
away_team_pitchmix_team_pitchmix_pt_avg_ev_fastball_season_to_date,pitchmix,0.007377439314612089,0.9926225606853879,8342,float64
away_team_pitchmix_team_pitchmix_pt_avg_ev_fastball_last3,pitchmix,0.007377439314612089,0.9926225606853879,8341,float64
away_team_pitchmix_team_pitchmix_pt_avg_ev_fastball_last5,pitchmix,0.007377439314612089,0.9926225606853879,8342,float64
away_team_pitchmix_team_pitchmix_pt_avg_ev_fastball_last10,pitchmix,0.007377439314612089,0.9926225606853879,8342,float64
away_team_pitchmix_team_pitchmix_pt_avg_ev_fastball_last20,pitchmix,0.007377439314612089,0.9926225606853879,8342,float64
away_team_pitchmix_team_pitchmix_pt_avg_ev_offspeed_season_to_date,pitchmix,0.0074964302712993815,0.9925035697287006,7467,float64
away_team_pitchmix_team_pitchmix_pt_avg_ev_offspeed_last3,pitchmix,0.010828177058543552,0.9891718229414564,7751,float64
away_team_pitchmix_team_pitchmix_pt_avg_ev_offspeed_last5,pitchmix,0.0074964302712993815,0.9925035697287006,8086,float64
away_team_pitchmix_team_pitchmix_pt_avg_ev_offspeed_last10,pitchmix,0.0074964302712993815,0.9925035697287006,8212,float64
away_team_pitchmix_team_pitchmix_pt_avg_ev_offspeed_last20,pitchmix,0.0074964302712993815,0.9925035697287006,8202,float64
away_team_pitchmix_team_pitchmix_pt_avg_ev_other_season_to_date,pitchmix,0.1559971442170395,0.8440028557829605,342,float64
away_team_pitchmix_team_pitchmix_pt_avg_ev_other_last5,pitchmix,0.8944550214183722,0.1055449785816278,289,float64
away_team_pitchmix_team_pitchmix_pt_avg_ev_other_last10,pitchmix,0.8117563065207044,0.18824369347929557,364,float64
away_team_pitchmix_team_pitchmix_pt_avg_ev_other_last20,pitchmix,0.6630176106615897,0.3369823893384103,414,float64
away_team_pitchmix_team_pitchmix_pt_hard_hit_rate_breaking_season_to_date,pitchmix,0.0074964302712993815,0.9925035697287006,8323,float64
away_team_pitchmix_team_pitchmix_pt_hard_hit_rate_breaking_last3,pitchmix,0.0074964302712993815,0.9925035697287006,6701,float64
away_team_pitchmix_team_pitchmix_pt_hard_hit_rate_breaking_last5,pitchmix,0.0074964302712993815,0.9925035697287006,7755,float64
away_team_pitchmix_team_pitchmix_pt_hard_hit_rate_breaking_last10,pitchmix,0.0074964302712993815,0.9925035697287006,8149,float64
away_team_pitchmix_team_pitchmix_pt_hard_hit_rate_breaking_last20,pitchmix,0.0074964302712993815,0.9925035697287006,8188,float64
away_team_pitchmix_team_pitchmix_pt_hard_hit_rate_fastball_season_to_date,pitchmix,0.007377439314612089,0.9926225606853879,8342,float64
away_team_pitchmix_team_pitchmix_pt_hard_hit_rate_fastball_last3,pitchmix,0.007377439314612089,0.9926225606853879,8197,float64
away_team_pitchmix_team_pitchmix_pt_hard_hit_rate_fastball_last5,pitchmix,0.007377439314612089,0.9926225606853879,8289,float64
away_team_pitchmix_team_pitchmix_pt_hard_hit_rate_fastball_last10,pitchmix,0.007377439314612089,0.9926225606853879,8300,float64
away_team_pitchmix_team_pitchmix_pt_hard_hit_rate_fastball_last20,pitchmix,0.007377439314612089,0.9926225606853879,8292,float64
away_team_pitchmix_team_pitchmix_pt_hard_hit_rate_offspeed_season_to_date,pitchmix,0.0074964302712993815,0.9925035697287006,7442,float64
away_team_pitchmix_team_pitchmix_pt_hard_hit_rate_offspeed_last3,pitchmix,0.010828177058543552,0.9891718229414564,3137,float64
away_team_pitchmix_team_pitchmix_pt_hard_hit_rate_offspeed_last5,pitchmix,0.0074964302712993815,0.9925035697287006,4840,float64
away_team_pitchmix_team_pitchmix_pt_hard_hit_rate_offspeed_last10,pitchmix,0.0074964302712993815,0.9925035697287006,6583,float64
away_team_pitchmix_team_pitchmix_pt_hard_hit_rate_offspeed_last20,pitchmix,0.0074964302712993815,0.9925035697287006,7362,float64
away_team_pitchmix_team_pitchmix_pt_hard_hit_rate_other_season_to_date,pitchmix,0.1559971442170395,0.8440028557829605,269,float64
away_team_pitchmix_team_pitchmix_pt_hard_hit_rate_other_last5,pitchmix,0.8944550214183722,0.1055449785816278,41,float64
away_team_pitchmix_team_pitchmix_pt_hard_hit_rate_other_last10,pitchmix,0.8117563065207044,0.18824369347929557,58,float64
away_team_pitchmix_team_pitchmix_pt_hard_hit_rate_other_last20,pitchmix,0.6630176106615897,0.3369823893384103,92,float64
away_team_pitchmix_team_pitchmix_pt_pitches_breaking_season_to_date,pitchmix,0.007377439314612089,0.9926225606853879,7859,float64
away_team_pitchmix_team_pitchmix_pt_pitches_breaking_last3,pitchmix,0.007377439314612089,0.9926225606853879,200,float64
away_team_pitchmix_team_pitchmix_pt_pitches_breaking_last5,pitchmix,0.007377439314612089,0.9926225606853879,272,float64
away_team_pitchmix_team_pitchmix_pt_pitches_breaking_last10,pitchmix,0.007377439314612089,0.9926225606853879,417,float64
away_team_pitchmix_team_pitchmix_pt_pitches_breaking_last20,pitchmix,0.007377439314612089,0.9926225606853879,672,float64
away_team_pitchmix_team_pitchmix_pt_pitches_fastball_season_to_date,pitchmix,0.007377439314612089,0.9926225606853879,7991,float64
away_team_pitchmix_team_pitchmix_pt_pitches_fastball_last3,pitchmix,0.007377439314612089,0.9926225606853879,235,float64
away_team_pitchmix_team_pitchmix_pt_pitches_fastball_last5,pitchmix,0.007377439314612089,0.9926225606853879,326,float64
away_team_pitchmix_team_pitchmix_pt_pitches_fastball_last10,pitchmix,0.007377439314612089,0.9926225606853879,478,float64
away_team_pitchmix_team_pitchmix_pt_pitches_fastball_last20,pitchmix,0.007377439314612089,0.9926225606853879,763,float64
away_team_pitchmix_team_pitchmix_pt_pitches_offspeed_season_to_date,pitchmix,0.007377439314612089,0.9926225606853879,7315,float64
away_team_pitchmix_team_pitchmix_pt_pitches_offspeed_last3,pitchmix,0.007853403141361256,0.9921465968586387,169,float64
away_team_pitchmix_team_pitchmix_pt_pitches_offspeed_last5,pitchmix,0.007377439314612089,0.9926225606853879,317,float64
away_team_pitchmix_team_pitchmix_pt_pitches_offspeed_last10,pitchmix,0.007377439314612089,0.9926225606853879,618,float64
away_team_pitchmix_team_pitchmix_pt_pitches_offspeed_last20,pitchmix,0.007377439314612089,0.9926225606853879,1251,float64
away_team_pitchmix_team_pitchmix_pt_pitches_other_season_to_date,pitchmix,0.010828177058543552,0.9891718229414564,1965,float64
away_team_pitchmix_team_pitchmix_pt_pitches_other_last3,pitchmix,0.46465968586387435,0.5353403141361257,79,float64
away_team_pitchmix_team_pitchmix_pt_pitches_other_last5,pitchmix,0.2912898619704902,0.7087101380295098,118,float64
away_team_pitchmix_team_pitchmix_pt_pitches_other_last10,pitchmix,0.098286530223703,0.901713469776297,187,float64
away_team_pitchmix_team_pitchmix_pt_pitches_other_last20,pitchmix,0.01939552594002856,0.9806044740599714,332,float64
away_team_pitchmix_team_pitchmix_pt_whiff_rate_breaking_season_to_date,pitchmix,0.007377439314612089,0.9926225606853879,8339,float64
away_team_pitchmix_team_pitchmix_pt_whiff_rate_breaking_last3,pitchmix,0.007377439314612089,0.9926225606853879,8273,float64
away_team_pitchmix_team_pitchmix_pt_whiff_rate_breaking_last5,pitchmix,0.007377439314612089,0.9926225606853879,8306,float64
away_team_pitchmix_team_pitchmix_pt_whiff_rate_breaking_last10,pitchmix,0.007377439314612089,0.9926225606853879,8305,float64
away_team_pitchmix_team_pitchmix_pt_whiff_rate_breaking_last20,pitchmix,0.007377439314612089,0.9926225606853879,8322,float64
away_team_pitchmix_team_pitchmix_pt_whiff_rate_fastball_season_to_date,pitchmix,0.007377439314612089,0.9926225606853879,8341,float64
away_team_pitchmix_team_pitchmix_pt_whiff_rate_fastball_last3,pitchmix,0.007377439314612089,0.9926225606853879,8327,float64
away_team_pitchmix_team_pitchmix_pt_whiff_rate_fastball_last5,pitchmix,0.007377439314612089,0.9926225606853879,8319,float64
away_team_pitchmix_team_pitchmix_pt_whiff_rate_fastball_last10,pitchmix,0.007377439314612089,0.9926225606853879,8321,float64
away_team_pitchmix_team_pitchmix_pt_whiff_rate_fastball_last20,pitchmix,0.007377439314612089,0.9926225606853879,8325,float64
away_team_pitchmix_team_pitchmix_pt_whiff_rate_offspeed_season_to_date,pitchmix,0.007377439314612089,0.9926225606853879,7948,float64
away_team_pitchmix_team_pitchmix_pt_whiff_rate_offspeed_last3,pitchmix,0.007853403141361256,0.9921465968586387,6503,float64
away_team_pitchmix_team_pitchmix_pt_whiff_rate_offspeed_last5,pitchmix,0.007377439314612089,0.9926225606853879,7638,float64
away_team_pitchmix_team_pitchmix_pt_whiff_rate_offspeed_last10,pitchmix,0.007377439314612089,0.9926225606853879,7996,float64
away_team_pitchmix_team_pitchmix_pt_whiff_rate_offspeed_last20,pitchmix,0.007377439314612089,0.9926225606853879,7938,float64
away_team_pitchmix_team_pitchmix_pt_whiff_rate_other_season_to_date,pitchmix,0.010828177058543552,0.9891718229414564,1667,float64
away_team_pitchmix_team_pitchmix_pt_whiff_rate_other_last3,pitchmix,0.46465968586387435,0.5353403141361257,66,float64
away_team_pitchmix_team_pitchmix_pt_whiff_rate_other_last5,pitchmix,0.2912898619704902,0.7087101380295098,93,float64
away_team_pitchmix_team_pitchmix_pt_whiff_rate_other_last10,pitchmix,0.098286530223703,0.901713469776297,145,float64
away_team_pitchmix_team_pitchmix_pt_whiff_rate_other_last20,pitchmix,0.01939552594002856,0.9806044740599714,231,float64
away_team_pitchmix_team_pitchmix_pt_woba_breaking_season_to_date,pitchmix,0.007377439314612089,0.9926225606853879,8325,float64
away_team_pitchmix_team_pitchmix_pt_woba_breaking_last3,pitchmix,0.007377439314612089,0.9926225606853879,8060,float64
away_team_pitchmix_team_pitchmix_pt_woba_breaking_last5,pitchmix,0.007377439314612089,0.9926225606853879,8204,float64
away_team_pitchmix_team_pitchmix_pt_woba_breaking_last10,pitchmix,0.007377439314612089,0.9926225606853879,8283,float64
away_team_pitchmix_team_pitchmix_pt_woba_breaking_last20,pitchmix,0.007377439314612089,0.9926225606853879,8291,float64
away_team_pitchmix_team_pitchmix_pt_woba_fastball_season_to_date,pitchmix,0.007377439314612089,0.9926225606853879,8342,float64
away_team_pitchmix_team_pitchmix_pt_woba_fastball_last3,pitchmix,0.007377439314612089,0.9926225606853879,8314,float64
away_team_pitchmix_team_pitchmix_pt_woba_fastball_last5,pitchmix,0.007377439314612089,0.9926225606853879,8334,float64
away_team_pitchmix_team_pitchmix_pt_woba_fastball_last10,pitchmix,0.007377439314612089,0.9926225606853879,8335,float64
away_team_pitchmix_team_pitchmix_pt_woba_fastball_last20,pitchmix,0.007377439314612089,0.9926225606853879,8332,float64
away_team_pitchmix_team_pitchmix_pt_woba_offspeed_season_to_date,pitchmix,0.0074964302712993815,0.9925035697287006,7349,float64
away_team_pitchmix_team_pitchmix_pt_woba_offspeed_last3,pitchmix,0.011661113755354594,0.9883388862446454,5090,float64
away_team_pitchmix_team_pitchmix_pt_woba_offspeed_last5,pitchmix,0.007615421227986673,0.9923845787720134,6661,float64
away_team_pitchmix_team_pitchmix_pt_woba_offspeed_last10,pitchmix,0.0074964302712993815,0.9925035697287006,7421,float64
away_team_pitchmix_team_pitchmix_pt_woba_offspeed_last20,pitchmix,0.0074964302712993815,0.9925035697287006,7694,float64
away_team_pitchmix_team_pitchmix_pt_woba_other_season_to_date,pitchmix,0.020823417420276057,0.979176582579724,1480,float64
away_team_pitchmix_team_pitchmix_pt_woba_other_last3,pitchmix,0.6736078058067587,0.32639219419324134,136,float64
away_team_pitchmix_team_pitchmix_pt_woba_other_last5,pitchmix,0.5229652546406474,0.4770347453593527,188,float64
away_team_pitchmix_team_pitchmix_pt_woba_other_last10,pitchmix,0.2876011423131842,0.7123988576868158,331,float64
away_team_pitchmix_team_pitchmix_pt_woba_other_last20,pitchmix,0.09483579247977154,0.9051642075202284,522,float64
diff_team_pitchmix_team_pitchmix_pt_avg_ev_breaking_season_to_date,pitchmix,0.0074964302712993815,0.9925035697287006,8341,float64
diff_team_pitchmix_team_pitchmix_pt_avg_ev_breaking_last3,pitchmix,0.0074964302712993815,0.9925035697287006,8340,float64
diff_team_pitchmix_team_pitchmix_pt_avg_ev_breaking_last5,pitchmix,0.0074964302712993815,0.9925035697287006,8341,float64
diff_team_pitchmix_team_pitchmix_pt_avg_ev_breaking_last10,pitchmix,0.0074964302712993815,0.9925035697287006,8341,float64
diff_team_pitchmix_team_pitchmix_pt_avg_ev_breaking_last20,pitchmix,0.0074964302712993815,0.9925035697287006,8341,float64
diff_team_pitchmix_team_pitchmix_pt_avg_ev_fastball_season_to_date,pitchmix,0.007377439314612089,0.9926225606853879,8342,float64
diff_team_pitchmix_team_pitchmix_pt_avg_ev_fastball_last3,pitchmix,0.007377439314612089,0.9926225606853879,8342,float64
diff_team_pitchmix_team_pitchmix_pt_avg_ev_fastball_last5,pitchmix,0.007377439314612089,0.9926225606853879,8342,float64
diff_team_pitchmix_team_pitchmix_pt_avg_ev_fastball_last10,pitchmix,0.007377439314612089,0.9926225606853879,8342,float64
diff_team_pitchmix_team_pitchmix_pt_avg_ev_fastball_last20,pitchmix,0.007377439314612089,0.9926225606853879,8342,float64
diff_team_pitchmix_team_pitchmix_pt_avg_ev_offspeed_season_to_date,pitchmix,0.007615421227986673,0.9923845787720134,8257,float64
diff_team_pitchmix_team_pitchmix_pt_avg_ev_offspeed_last3,pitchmix,0.01344597810566397,0.986554021894336,8257,float64
diff_team_pitchmix_team_pitchmix_pt_avg_ev_offspeed_last5,pitchmix,0.007853403141361256,0.9921465968586387,8328,float64
diff_team_pitchmix_team_pitchmix_pt_avg_ev_offspeed_last10,pitchmix,0.007615421227986673,0.9923845787720134,8335,float64
diff_team_pitchmix_team_pitchmix_pt_avg_ev_offspeed_last20,pitchmix,0.007615421227986673,0.9923845787720134,8337,float64
diff_team_pitchmix_team_pitchmix_pt_avg_ev_other_season_to_date,pitchmix,0.22275107091861018,0.7772489290813898,2254,float64
diff_team_pitchmix_team_pitchmix_pt_avg_ev_other_last20,pitchmix,0.8697049024274155,0.13029509757258448,477,float64
diff_team_pitchmix_team_pitchmix_pt_hard_hit_rate_breaking_season_to_date,pitchmix,0.0074964302712993815,0.9925035697287006,8341,float64
diff_team_pitchmix_team_pitchmix_pt_hard_hit_rate_breaking_last3,pitchmix,0.0074964302712993815,0.9925035697287006,8290,float64
diff_team_pitchmix_team_pitchmix_pt_hard_hit_rate_breaking_last5,pitchmix,0.0074964302712993815,0.9925035697287006,8322,float64
diff_team_pitchmix_team_pitchmix_pt_hard_hit_rate_breaking_last10,pitchmix,0.0074964302712993815,0.9925035697287006,8334,float64
diff_team_pitchmix_team_pitchmix_pt_hard_hit_rate_breaking_last20,pitchmix,0.0074964302712993815,0.9925035697287006,8331,float64
diff_team_pitchmix_team_pitchmix_pt_hard_hit_rate_fastball_season_to_date,pitchmix,0.007377439314612089,0.9926225606853879,8342,float64
diff_team_pitchmix_team_pitchmix_pt_hard_hit_rate_fastball_last3,pitchmix,0.007377439314612089,0.9926225606853879,8340,float64
diff_team_pitchmix_team_pitchmix_pt_hard_hit_rate_fastball_last5,pitchmix,0.007377439314612089,0.9926225606853879,8341,float64
diff_team_pitchmix_team_pitchmix_pt_hard_hit_rate_fastball_last10,pitchmix,0.007377439314612089,0.9926225606853879,8341,float64
diff_team_pitchmix_team_pitchmix_pt_hard_hit_rate_fastball_last20,pitchmix,0.007377439314612089,0.9926225606853879,8340,float64
diff_team_pitchmix_team_pitchmix_pt_hard_hit_rate_offspeed_season_to_date,pitchmix,0.007615421227986673,0.9923845787720134,8246,float64
diff_team_pitchmix_team_pitchmix_pt_hard_hit_rate_offspeed_last3,pitchmix,0.01344597810566397,0.986554021894336,6868,float64
diff_team_pitchmix_team_pitchmix_pt_hard_hit_rate_offspeed_last5,pitchmix,0.007853403141361256,0.9921465968586387,7894,float64
diff_team_pitchmix_team_pitchmix_pt_hard_hit_rate_offspeed_last10,pitchmix,0.007615421227986673,0.9923845787720134,8206,float64
diff_team_pitchmix_team_pitchmix_pt_hard_hit_rate_offspeed_last20,pitchmix,0.007615421227986673,0.9923845787720134,8247,float64
diff_team_pitchmix_team_pitchmix_pt_hard_hit_rate_other_season_to_date,pitchmix,0.22275107091861018,0.7772489290813898,2007,float64
diff_team_pitchmix_team_pitchmix_pt_hard_hit_rate_other_last20,pitchmix,0.8697049024274155,0.13029509757258448,208,float64
diff_team_pitchmix_team_pitchmix_pt_pitches_breaking_season_to_date,pitchmix,0.007377439314612089,0.9926225606853879,8278,float64
diff_team_pitchmix_team_pitchmix_pt_pitches_breaking_last3,pitchmix,0.007377439314612089,0.9926225606853879,698,float64
diff_team_pitchmix_team_pitchmix_pt_pitches_breaking_last5,pitchmix,0.007377439314612089,0.9926225606853879,763,float64
diff_team_pitchmix_team_pitchmix_pt_pitches_breaking_last10,pitchmix,0.007377439314612089,0.9926225606853879,881,float64
diff_team_pitchmix_team_pitchmix_pt_pitches_breaking_last20,pitchmix,0.007377439314612089,0.9926225606853879,1256,float64
diff_team_pitchmix_team_pitchmix_pt_pitches_fastball_season_to_date,pitchmix,0.007377439314612089,0.9926225606853879,8283,float64
diff_team_pitchmix_team_pitchmix_pt_pitches_fastball_last3,pitchmix,0.007377439314612089,0.9926225606853879,644,float64
diff_team_pitchmix_team_pitchmix_pt_pitches_fastball_last5,pitchmix,0.007377439314612089,0.9926225606853879,704,float64
diff_team_pitchmix_team_pitchmix_pt_pitches_fastball_last10,pitchmix,0.007377439314612089,0.9926225606853879,996,float64
diff_team_pitchmix_team_pitchmix_pt_pitches_fastball_last20,pitchmix,0.007377439314612089,0.9926225606853879,1482,float64
diff_team_pitchmix_team_pitchmix_pt_pitches_offspeed_season_to_date,pitchmix,0.0074964302712993815,0.9925035697287006,8287,float64
diff_team_pitchmix_team_pitchmix_pt_pitches_offspeed_last3,pitchmix,0.008567348881485007,0.991432651118515,749,float64
diff_team_pitchmix_team_pitchmix_pt_pitches_offspeed_last5,pitchmix,0.0074964302712993815,0.9925035697287006,1526,float64
diff_team_pitchmix_team_pitchmix_pt_pitches_offspeed_last10,pitchmix,0.0074964302712993815,0.9925035697287006,3734,float64
diff_team_pitchmix_team_pitchmix_pt_pitches_offspeed_last20,pitchmix,0.0074964302712993815,0.9925035697287006,6497,float64
diff_team_pitchmix_team_pitchmix_pt_pitches_other_season_to_date,pitchmix,0.012970014278914803,0.9870299857210852,4709,float64
diff_team_pitchmix_team_pitchmix_pt_pitches_other_last3,pitchmix,0.693717277486911,0.306282722513089,161,float64
diff_team_pitchmix_team_pitchmix_pt_pitches_other_last5,pitchmix,0.47001427891480246,0.5299857210851975,293,float64
diff_team_pitchmix_team_pitchmix_pt_pitches_other_last10,pitchmix,0.1663493574488339,0.8336506425511662,762,float64
diff_team_pitchmix_team_pitchmix_pt_pitches_other_last20,pitchmix,0.028557829604950024,0.97144217039505,2065,float64
diff_team_pitchmix_team_pitchmix_pt_whiff_rate_breaking_season_to_date,pitchmix,0.007377439314612089,0.9926225606853879,8342,float64
diff_team_pitchmix_team_pitchmix_pt_whiff_rate_breaking_last3,pitchmix,0.007377439314612089,0.9926225606853879,8340,float64
diff_team_pitchmix_team_pitchmix_pt_whiff_rate_breaking_last5,pitchmix,0.007377439314612089,0.9926225606853879,8341,float64
diff_team_pitchmix_team_pitchmix_pt_whiff_rate_breaking_last10,pitchmix,0.007377439314612089,0.9926225606853879,8342,float64
diff_team_pitchmix_team_pitchmix_pt_whiff_rate_breaking_last20,pitchmix,0.007377439314612089,0.9926225606853879,8342,float64
diff_team_pitchmix_team_pitchmix_pt_whiff_rate_fastball_season_to_date,pitchmix,0.007377439314612089,0.9926225606853879,8342,float64
diff_team_pitchmix_team_pitchmix_pt_whiff_rate_fastball_last3,pitchmix,0.007377439314612089,0.9926225606853879,8341,float64
diff_team_pitchmix_team_pitchmix_pt_whiff_rate_fastball_last5,pitchmix,0.007377439314612089,0.9926225606853879,8342,float64
diff_team_pitchmix_team_pitchmix_pt_whiff_rate_fastball_last10,pitchmix,0.007377439314612089,0.9926225606853879,8342,float64
diff_team_pitchmix_team_pitchmix_pt_whiff_rate_fastball_last20,pitchmix,0.007377439314612089,0.9926225606853879,8342,float64
diff_team_pitchmix_team_pitchmix_pt_whiff_rate_offspeed_season_to_date,pitchmix,0.0074964302712993815,0.9925035697287006,8332,float64
diff_team_pitchmix_team_pitchmix_pt_whiff_rate_offspeed_last3,pitchmix,0.008567348881485007,0.991432651118515,8265,float64
diff_team_pitchmix_team_pitchmix_pt_whiff_rate_offspeed_last5,pitchmix,0.0074964302712993815,0.9925035697287006,8312,float64
diff_team_pitchmix_team_pitchmix_pt_whiff_rate_offspeed_last10,pitchmix,0.0074964302712993815,0.9925035697287006,8323,float64
diff_team_pitchmix_team_pitchmix_pt_whiff_rate_offspeed_last20,pitchmix,0.0074964302712993815,0.9925035697287006,8327,float64
diff_team_pitchmix_team_pitchmix_pt_whiff_rate_other_season_to_date,pitchmix,0.012970014278914803,0.9870299857210852,3477,float64
diff_team_pitchmix_team_pitchmix_pt_whiff_rate_other_last3,pitchmix,0.693717277486911,0.306282722513089,106,float64
diff_team_pitchmix_team_pitchmix_pt_whiff_rate_other_last5,pitchmix,0.47001427891480246,0.5299857210851975,162,float64
diff_team_pitchmix_team_pitchmix_pt_whiff_rate_other_last10,pitchmix,0.1663493574488339,0.8336506425511662,308,float64
diff_team_pitchmix_team_pitchmix_pt_whiff_rate_other_last20,pitchmix,0.028557829604950024,0.97144217039505,564,float64
diff_team_pitchmix_team_pitchmix_pt_woba_breaking_season_to_date,pitchmix,0.007377439314612089,0.9926225606853879,8342,float64
diff_team_pitchmix_team_pitchmix_pt_woba_breaking_last3,pitchmix,0.007377439314612089,0.9926225606853879,8337,float64
diff_team_pitchmix_team_pitchmix_pt_woba_breaking_last5,pitchmix,0.007377439314612089,0.9926225606853879,8341,float64
diff_team_pitchmix_team_pitchmix_pt_woba_breaking_last10,pitchmix,0.007377439314612089,0.9926225606853879,8341,float64
diff_team_pitchmix_team_pitchmix_pt_woba_breaking_last20,pitchmix,0.007377439314612089,0.9926225606853879,8341,float64
diff_team_pitchmix_team_pitchmix_pt_woba_fastball_season_to_date,pitchmix,0.007377439314612089,0.9926225606853879,8342,float64
diff_team_pitchmix_team_pitchmix_pt_woba_fastball_last3,pitchmix,0.007377439314612089,0.9926225606853879,8342,float64
diff_team_pitchmix_team_pitchmix_pt_woba_fastball_last5,pitchmix,0.007377439314612089,0.9926225606853879,8342,float64
diff_team_pitchmix_team_pitchmix_pt_woba_fastball_last10,pitchmix,0.007377439314612089,0.9926225606853879,8342,float64
diff_team_pitchmix_team_pitchmix_pt_woba_fastball_last20,pitchmix,0.007377439314612089,0.9926225606853879,8341,float64
diff_team_pitchmix_team_pitchmix_pt_woba_offspeed_season_to_date,pitchmix,0.007734412184673965,0.992265587815326,8228,float64
diff_team_pitchmix_team_pitchmix_pt_woba_offspeed_last3,pitchmix,0.0159447881960971,0.9840552118039029,7798,float64
diff_team_pitchmix_team_pitchmix_pt_woba_offspeed_last5,pitchmix,0.00797239409804855,0.9920276059019515,8219,float64
diff_team_pitchmix_team_pitchmix_pt_woba_offspeed_last10,pitchmix,0.007734412184673965,0.992265587815326,8292,float64
diff_team_pitchmix_team_pitchmix_pt_woba_offspeed_last20,pitchmix,0.007734412184673965,0.992265587815326,8295,float64
diff_team_pitchmix_team_pitchmix_pt_woba_other_season_to_date,pitchmix,0.02701094716801523,0.9729890528319848,3770,float64
diff_team_pitchmix_team_pitchmix_pt_woba_other_last3,pitchmix,0.8895763921941933,0.11042360780580676,161,float64
diff_team_pitchmix_team_pitchmix_pt_woba_other_last5,pitchmix,0.7677296525464065,0.23227034745359354,301,float64
diff_team_pitchmix_team_pitchmix_pt_woba_other_last10,pitchmix,0.48179438362684435,0.5182056163731557,750,float64
diff_team_pitchmix_team_pitchmix_pt_woba_other_last20,pitchmix,0.16861018562589244,0.8313898143741075,1562,float64
home_starter_starter_statcast_sc_pitches_season_to_date,starter,0.029390766301761066,0.9706092336982389,5844,float64
home_starter_starter_statcast_sc_pitches_last3,starter,0.029390766301761066,0.9706092336982389,338,float64
home_starter_starter_statcast_sc_pitches_last5,starter,0.029390766301761066,0.9706092336982389,625,float64
home_starter_starter_statcast_sc_pitches_last10,starter,0.029390766301761066,0.9706092336982389,1241,float64
home_starter_starter_statcast_sc_pitches_last20,starter,0.029390766301761066,0.9706092336982389,2415,float64
home_starter_starter_statcast_sc_avg_velo_season_to_date,elo,0.029390766301761066,0.9706092336982389,8157,float64
home_starter_starter_statcast_sc_avg_velo_last3,elo,0.029390766301761066,0.9706092336982389,8157,float64
home_starter_starter_statcast_sc_avg_velo_last5,elo,0.029390766301761066,0.9706092336982389,8157,float64
home_starter_starter_statcast_sc_avg_velo_last10,elo,0.029390766301761066,0.9706092336982389,8157,float64
home_starter_starter_statcast_sc_avg_velo_last20,elo,0.029390766301761066,0.9706092336982389,8157,float64
home_starter_starter_statcast_sc_max_velo_season_to_date,elo,0.029390766301761066,0.9706092336982389,6671,float64
home_starter_starter_statcast_sc_max_velo_last3,elo,0.029390766301761066,0.9706092336982389,718,float64
home_starter_starter_statcast_sc_max_velo_last5,elo,0.029390766301761066,0.9706092336982389,1266,float64
home_starter_starter_statcast_sc_max_velo_last10,elo,0.029390766301761066,0.9706092336982389,2191,float64
home_starter_starter_statcast_sc_max_velo_last20,elo,0.029390766301761066,0.9706092336982389,3750,float64
home_starter_starter_statcast_sc_avg_spin_season_to_date,starter,0.029390766301761066,0.9706092336982389,8148,float64
home_starter_starter_statcast_sc_avg_spin_last3,starter,0.029390766301761066,0.9706092336982389,8156,float64
home_starter_starter_statcast_sc_avg_spin_last5,starter,0.029390766301761066,0.9706092336982389,8156,float64
home_starter_starter_statcast_sc_avg_spin_last10,starter,0.029390766301761066,0.9706092336982389,8154,float64
home_starter_starter_statcast_sc_avg_spin_last20,starter,0.029390766301761066,0.9706092336982389,8154,float64
home_starter_starter_statcast_sc_avg_extension_season_to_date,starter,0.029509757258448358,0.9704902427415516,8152,float64
home_starter_starter_statcast_sc_avg_extension_last3,starter,0.029509757258448358,0.9704902427415516,8155,float64
home_starter_starter_statcast_sc_avg_extension_last5,starter,0.029509757258448358,0.9704902427415516,8155,float64
home_starter_starter_statcast_sc_avg_extension_last10,starter,0.029509757258448358,0.9704902427415516,8153,float64
home_starter_starter_statcast_sc_avg_extension_last20,starter,0.029509757258448358,0.9704902427415516,8153,float64
home_starter_starter_statcast_sc_whiff_rate_season_to_date,starter,0.029390766301761066,0.9706092336982389,8114,float64
home_starter_starter_statcast_sc_whiff_rate_last3,starter,0.029390766301761066,0.9706092336982389,8081,float64
home_starter_starter_statcast_sc_whiff_rate_last5,starter,0.029390766301761066,0.9706092336982389,8110,float64
home_starter_starter_statcast_sc_whiff_rate_last10,starter,0.029390766301761066,0.9706092336982389,8109,float64
home_starter_starter_statcast_sc_whiff_rate_last20,starter,0.029390766301761066,0.9706092336982389,8111,float64
home_starter_starter_statcast_sc_called_strike_rate_season_to_date,starter,0.029390766301761066,0.9706092336982389,8110,float64
home_starter_starter_statcast_sc_called_strike_rate_last3,starter,0.029390766301761066,0.9706092336982389,8074,float64
home_starter_starter_statcast_sc_called_strike_rate_last5,starter,0.029390766301761066,0.9706092336982389,8099,float64
home_starter_starter_statcast_sc_called_strike_rate_last10,starter,0.029390766301761066,0.9706092336982389,8103,float64
home_starter_starter_statcast_sc_called_strike_rate_last20,starter,0.029390766301761066,0.9706092336982389,8108,float64
home_starter_starter_statcast_sc_swing_rate_season_to_date,starter,0.029390766301761066,0.9706092336982389,8124,float64
home_starter_starter_statcast_sc_swing_rate_last3,starter,0.029390766301761066,0.9706092336982389,8089,float64
home_starter_starter_statcast_sc_swing_rate_last5,starter,0.029390766301761066,0.9706092336982389,8115,float64
home_starter_starter_statcast_sc_swing_rate_last10,starter,0.029390766301761066,0.9706092336982389,8120,float64
home_starter_starter_statcast_sc_swing_rate_last20,starter,0.029390766301761066,0.9706092336982389,8119,float64
home_starter_starter_statcast_sc_hard_hit_allowed_season_to_date,starter,0.029390766301761066,0.9706092336982389,8056,float64
home_starter_starter_statcast_sc_hard_hit_allowed_last3,starter,0.029390766301761066,0.9706092336982389,7577,float64
home_starter_starter_statcast_sc_hard_hit_allowed_last5,starter,0.029390766301761066,0.9706092336982389,7981,float64
home_starter_starter_statcast_sc_hard_hit_allowed_last10,starter,0.029390766301761066,0.9706092336982389,8037,float64
home_starter_starter_statcast_sc_hard_hit_allowed_last20,starter,0.029390766301761066,0.9706092336982389,8049,float64
home_starter_starter_statcast_sc_xwoba_allowed_season_to_date,starter,0.029390766301761066,0.9706092336982389,8157,float64
home_starter_starter_statcast_sc_xwoba_allowed_last3,starter,0.029390766301761066,0.9706092336982389,8157,float64
home_starter_starter_statcast_sc_xwoba_allowed_last5,starter,0.029390766301761066,0.9706092336982389,8157,float64
home_starter_starter_statcast_sc_xwoba_allowed_last10,starter,0.029390766301761066,0.9706092336982389,8157,float64
home_starter_starter_statcast_sc_xwoba_allowed_last20,starter,0.029390766301761066,0.9706092336982389,8157,float64
home_starter_starter_statcast_sc_woba_allowed_season_to_date,starter,0.029390766301761066,0.9706092336982389,8123,float64
home_starter_starter_statcast_sc_woba_allowed_last3,starter,0.029390766301761066,0.9706092336982389,7984,float64
home_starter_starter_statcast_sc_woba_allowed_last5,starter,0.029390766301761066,0.9706092336982389,8101,float64
home_starter_starter_statcast_sc_woba_allowed_last10,starter,0.029390766301761066,0.9706092336982389,8116,float64
home_starter_starter_statcast_sc_woba_allowed_last20,starter,0.029390766301761066,0.9706092336982389,8114,float64
home_starter_starter_statcast_sc_k_rate_season_to_date,starter,0.029390766301761066,0.9706092336982389,8108,float64
home_starter_starter_statcast_sc_k_rate_last3,starter,0.029390766301761066,0.9706092336982389,8026,float64
home_starter_starter_statcast_sc_k_rate_last5,starter,0.029390766301761066,0.9706092336982389,8092,float64
home_starter_starter_statcast_sc_k_rate_last10,starter,0.029390766301761066,0.9706092336982389,8100,float64
home_starter_starter_statcast_sc_k_rate_last20,starter,0.029390766301761066,0.9706092336982389,8102,float64
home_starter_starter_statcast_sc_bb_rate_season_to_date,starter,0.029390766301761066,0.9706092336982389,8037,float64
home_starter_starter_statcast_sc_bb_rate_last3,starter,0.029390766301761066,0.9706092336982389,6976,float64
home_starter_starter_statcast_sc_bb_rate_last5,starter,0.029390766301761066,0.9706092336982389,7770,float64
home_starter_starter_statcast_sc_bb_rate_last10,starter,0.029390766301761066,0.9706092336982389,7925,float64
home_starter_starter_statcast_sc_bb_rate_last20,starter,0.029390766301761066,0.9706092336982389,7949,float64
home_starter_starter_statcast_sc_hr_rate_season_to_date,starter,0.029390766301761066,0.9706092336982389,7761,float64
home_starter_starter_statcast_sc_hr_rate_last3,starter,0.029390766301761066,0.9706092336982389,3529,float64
home_starter_starter_statcast_sc_hr_rate_last5,starter,0.029390766301761066,0.9706092336982389,5557,float64
home_starter_starter_statcast_sc_hr_rate_last10,starter,0.029390766301761066,0.9706092336982389,6833,float64
home_starter_starter_statcast_sc_hr_rate_last20,starter,0.029390766301761066,0.9706092336982389,7121,float64
home_starter_starter_statcast_sc_pitchmix_entropy_season_to_date,starter,0.029390766301761066,0.9706092336982389,8157,float64
home_starter_starter_statcast_sc_pitchmix_entropy_last3,starter,0.029390766301761066,0.9706092336982389,8151,float64
home_starter_starter_statcast_sc_pitchmix_entropy_last5,starter,0.029390766301761066,0.9706092336982389,8154,float64
home_starter_starter_statcast_sc_pitchmix_entropy_last10,starter,0.029390766301761066,0.9706092336982389,8153,float64
home_starter_starter_statcast_sc_pitchmix_entropy_last20,starter,0.029390766301761066,0.9706092336982389,8156,float64
away_starter_starter_statcast_sc_pitches_season_to_date,starter,0.027962874821513564,0.9720371251784864,5844,float64
away_starter_starter_statcast_sc_pitches_last3,starter,0.027962874821513564,0.9720371251784864,345,float64
away_starter_starter_statcast_sc_pitches_last5,starter,0.027962874821513564,0.9720371251784864,630,float64
away_starter_starter_statcast_sc_pitches_last10,starter,0.027962874821513564,0.9720371251784864,1224,float64
away_starter_starter_statcast_sc_pitches_last20,starter,0.027962874821513564,0.9720371251784864,2382,float64
away_starter_starter_statcast_sc_avg_velo_season_to_date,elo,0.027962874821513564,0.9720371251784864,8169,float64
away_starter_starter_statcast_sc_avg_velo_last3,elo,0.027962874821513564,0.9720371251784864,8169,float64
away_starter_starter_statcast_sc_avg_velo_last5,elo,0.027962874821513564,0.9720371251784864,8169,float64
away_starter_starter_statcast_sc_avg_velo_last10,elo,0.027962874821513564,0.9720371251784864,8169,float64
away_starter_starter_statcast_sc_avg_velo_last20,elo,0.027962874821513564,0.9720371251784864,8169,float64
away_starter_starter_statcast_sc_max_velo_season_to_date,elo,0.027962874821513564,0.9720371251784864,6643,float64
away_starter_starter_statcast_sc_max_velo_last3,elo,0.027962874821513564,0.9720371251784864,735,float64
away_starter_starter_statcast_sc_max_velo_last5,elo,0.027962874821513564,0.9720371251784864,1304,float64
away_starter_starter_statcast_sc_max_velo_last10,elo,0.027962874821513564,0.9720371251784864,2172,float64
away_starter_starter_statcast_sc_max_velo_last20,elo,0.027962874821513564,0.9720371251784864,3726,float64
away_starter_starter_statcast_sc_avg_spin_season_to_date,starter,0.027962874821513564,0.9720371251784864,8162,float64
away_starter_starter_statcast_sc_avg_spin_last3,starter,0.027962874821513564,0.9720371251784864,8169,float64
away_starter_starter_statcast_sc_avg_spin_last5,starter,0.027962874821513564,0.9720371251784864,8169,float64
away_starter_starter_statcast_sc_avg_spin_last10,starter,0.027962874821513564,0.9720371251784864,8169,float64
away_starter_starter_statcast_sc_avg_spin_last20,starter,0.027962874821513564,0.9720371251784864,8168,float64
away_starter_starter_statcast_sc_avg_extension_season_to_date,starter,0.027962874821513564,0.9720371251784864,8167,float64
away_starter_starter_statcast_sc_avg_extension_last3,starter,0.027962874821513564,0.9720371251784864,8166,float64
away_starter_starter_statcast_sc_avg_extension_last5,starter,0.027962874821513564,0.9720371251784864,8168,float64
away_starter_starter_statcast_sc_avg_extension_last10,starter,0.027962874821513564,0.9720371251784864,8167,float64
away_starter_starter_statcast_sc_avg_extension_last20,starter,0.027962874821513564,0.9720371251784864,8168,float64
away_starter_starter_statcast_sc_whiff_rate_season_to_date,starter,0.027962874821513564,0.9720371251784864,8120,float64
away_starter_starter_statcast_sc_whiff_rate_last3,starter,0.027962874821513564,0.9720371251784864,8081,float64
away_starter_starter_statcast_sc_whiff_rate_last5,starter,0.027962874821513564,0.9720371251784864,8112,float64
away_starter_starter_statcast_sc_whiff_rate_last10,starter,0.027962874821513564,0.9720371251784864,8118,float64
away_starter_starter_statcast_sc_whiff_rate_last20,starter,0.027962874821513564,0.9720371251784864,8119,float64
away_starter_starter_statcast_sc_called_strike_rate_season_to_date,starter,0.027962874821513564,0.9720371251784864,8113,float64
away_starter_starter_statcast_sc_called_strike_rate_last3,starter,0.027962874821513564,0.9720371251784864,8068,float64
away_starter_starter_statcast_sc_called_strike_rate_last5,starter,0.027962874821513564,0.9720371251784864,8109,float64
away_starter_starter_statcast_sc_called_strike_rate_last10,starter,0.027962874821513564,0.9720371251784864,8104,float64
away_starter_starter_statcast_sc_called_strike_rate_last20,starter,0.027962874821513564,0.9720371251784864,8109,float64
away_starter_starter_statcast_sc_swing_rate_season_to_date,starter,0.027962874821513564,0.9720371251784864,8140,float64
away_starter_starter_statcast_sc_swing_rate_last3,starter,0.027962874821513564,0.9720371251784864,8095,float64
away_starter_starter_statcast_sc_swing_rate_last5,starter,0.027962874821513564,0.9720371251784864,8135,float64
away_starter_starter_statcast_sc_swing_rate_last10,starter,0.027962874821513564,0.9720371251784864,8138,float64
away_starter_starter_statcast_sc_swing_rate_last20,starter,0.027962874821513564,0.9720371251784864,8139,float64
away_starter_starter_statcast_sc_hard_hit_allowed_season_to_date,starter,0.027962874821513564,0.9720371251784864,8052,float64
away_starter_starter_statcast_sc_hard_hit_allowed_last3,starter,0.027962874821513564,0.9720371251784864,7543,float64
away_starter_starter_statcast_sc_hard_hit_allowed_last5,starter,0.027962874821513564,0.9720371251784864,7968,float64
away_starter_starter_statcast_sc_hard_hit_allowed_last10,starter,0.027962874821513564,0.9720371251784864,8039,float64
away_starter_starter_statcast_sc_hard_hit_allowed_last20,starter,0.027962874821513564,0.9720371251784864,8040,float64
away_starter_starter_statcast_sc_xwoba_allowed_season_to_date,starter,0.027962874821513564,0.9720371251784864,8169,float64
away_starter_starter_statcast_sc_xwoba_allowed_last3,starter,0.027962874821513564,0.9720371251784864,8169,float64
away_starter_starter_statcast_sc_xwoba_allowed_last5,starter,0.027962874821513564,0.9720371251784864,8169,float64
away_starter_starter_statcast_sc_xwoba_allowed_last10,starter,0.027962874821513564,0.9720371251784864,8169,float64
away_starter_starter_statcast_sc_xwoba_allowed_last20,starter,0.027962874821513564,0.9720371251784864,8169,float64
away_starter_starter_statcast_sc_woba_allowed_season_to_date,starter,0.027962874821513564,0.9720371251784864,8144,float64
away_starter_starter_statcast_sc_woba_allowed_last3,starter,0.027962874821513564,0.9720371251784864,7992,float64
away_starter_starter_statcast_sc_woba_allowed_last5,starter,0.027962874821513564,0.9720371251784864,8115,float64
away_starter_starter_statcast_sc_woba_allowed_last10,starter,0.027962874821513564,0.9720371251784864,8132,float64
away_starter_starter_statcast_sc_woba_allowed_last20,starter,0.027962874821513564,0.9720371251784864,8138,float64
away_starter_starter_statcast_sc_k_rate_season_to_date,starter,0.027962874821513564,0.9720371251784864,8100,float64
away_starter_starter_statcast_sc_k_rate_last3,starter,0.027962874821513564,0.9720371251784864,8015,float64
away_starter_starter_statcast_sc_k_rate_last5,starter,0.027962874821513564,0.9720371251784864,8079,float64
away_starter_starter_statcast_sc_k_rate_last10,starter,0.027962874821513564,0.9720371251784864,8094,float64
away_starter_starter_statcast_sc_k_rate_last20,starter,0.027962874821513564,0.9720371251784864,8092,float64
away_starter_starter_statcast_sc_bb_rate_season_to_date,starter,0.027962874821513564,0.9720371251784864,8019,float64
away_starter_starter_statcast_sc_bb_rate_last3,starter,0.027962874821513564,0.9720371251784864,6936,float64
away_starter_starter_statcast_sc_bb_rate_last5,starter,0.027962874821513564,0.9720371251784864,7750,float64
away_starter_starter_statcast_sc_bb_rate_last10,starter,0.027962874821513564,0.9720371251784864,7881,float64
away_starter_starter_statcast_sc_bb_rate_last20,starter,0.027962874821513564,0.9720371251784864,7920,float64
away_starter_starter_statcast_sc_hr_rate_season_to_date,starter,0.027962874821513564,0.9720371251784864,7749,float64
away_starter_starter_statcast_sc_hr_rate_last3,starter,0.027962874821513564,0.9720371251784864,3516,float64
away_starter_starter_statcast_sc_hr_rate_last5,starter,0.027962874821513564,0.9720371251784864,5539,float64
away_starter_starter_statcast_sc_hr_rate_last10,starter,0.027962874821513564,0.9720371251784864,6842,float64
away_starter_starter_statcast_sc_hr_rate_last20,starter,0.027962874821513564,0.9720371251784864,7121,float64
away_starter_starter_statcast_sc_pitchmix_entropy_season_to_date,starter,0.027962874821513564,0.9720371251784864,8167,float64
away_starter_starter_statcast_sc_pitchmix_entropy_last3,starter,0.027962874821513564,0.9720371251784864,8158,float64
away_starter_starter_statcast_sc_pitchmix_entropy_last5,starter,0.027962874821513564,0.9720371251784864,8164,float64
away_starter_starter_statcast_sc_pitchmix_entropy_last10,starter,0.027962874821513564,0.9720371251784864,8165,float64
away_starter_starter_statcast_sc_pitchmix_entropy_last20,starter,0.027962874821513564,0.9720371251784864,8166,float64
diff_starter_starter_statcast_sc_pitches_season_to_date,starter,0.043312708234174206,0.9566872917658258,7643,float64
diff_starter_starter_statcast_sc_pitches_last3,starter,0.043312708234174206,0.9566872917658258,1113,float64
diff_starter_starter_statcast_sc_pitches_last5,starter,0.043312708234174206,0.9566872917658258,1760,float64
diff_starter_starter_statcast_sc_pitches_last10,starter,0.043312708234174206,0.9566872917658258,2910,float64
diff_starter_starter_statcast_sc_pitches_last20,starter,0.043312708234174206,0.9566872917658258,4726,float64
diff_starter_starter_statcast_sc_avg_velo_season_to_date,elo,0.043312708234174206,0.9566872917658258,8040,float64
diff_starter_starter_statcast_sc_avg_velo_last3,elo,0.043312708234174206,0.9566872917658258,8040,float64
diff_starter_starter_statcast_sc_avg_velo_last5,elo,0.043312708234174206,0.9566872917658258,8040,float64
diff_starter_starter_statcast_sc_avg_velo_last10,elo,0.043312708234174206,0.9566872917658258,8040,float64
diff_starter_starter_statcast_sc_avg_velo_last20,elo,0.043312708234174206,0.9566872917658258,8040,float64
diff_starter_starter_statcast_sc_max_velo_season_to_date,elo,0.043312708234174206,0.9566872917658258,7865,float64
diff_starter_starter_statcast_sc_max_velo_last3,elo,0.043312708234174206,0.9566872917658258,1663,float64
diff_starter_starter_statcast_sc_max_velo_last5,elo,0.043312708234174206,0.9566872917658258,2414,float64
diff_starter_starter_statcast_sc_max_velo_last10,elo,0.043312708234174206,0.9566872917658258,3862,float64
diff_starter_starter_statcast_sc_max_velo_last20,elo,0.043312708234174206,0.9566872917658258,5815,float64
diff_starter_starter_statcast_sc_avg_spin_season_to_date,starter,0.043312708234174206,0.9566872917658258,8040,float64
diff_starter_starter_statcast_sc_avg_spin_last3,starter,0.043312708234174206,0.9566872917658258,8040,float64
diff_starter_starter_statcast_sc_avg_spin_last5,starter,0.043312708234174206,0.9566872917658258,8040,float64
diff_starter_starter_statcast_sc_avg_spin_last10,starter,0.043312708234174206,0.9566872917658258,8040,float64
diff_starter_starter_statcast_sc_avg_spin_last20,starter,0.043312708234174206,0.9566872917658258,8040,float64
diff_starter_starter_statcast_sc_avg_extension_season_to_date,starter,0.0434316991908615,0.9565683008091385,8039,float64
diff_starter_starter_statcast_sc_avg_extension_last3,starter,0.0434316991908615,0.9565683008091385,8039,float64
diff_starter_starter_statcast_sc_avg_extension_last5,starter,0.0434316991908615,0.9565683008091385,8039,float64
diff_starter_starter_statcast_sc_avg_extension_last10,starter,0.0434316991908615,0.9565683008091385,8039,float64
diff_starter_starter_statcast_sc_avg_extension_last20,starter,0.0434316991908615,0.9565683008091385,8039,float64
diff_starter_starter_statcast_sc_whiff_rate_season_to_date,starter,0.043312708234174206,0.9566872917658258,8040,float64
diff_starter_starter_statcast_sc_whiff_rate_last3,starter,0.043312708234174206,0.9566872917658258,8040,float64
diff_starter_starter_statcast_sc_whiff_rate_last5,starter,0.043312708234174206,0.9566872917658258,8040,float64
diff_starter_starter_statcast_sc_whiff_rate_last10,starter,0.043312708234174206,0.9566872917658258,8040,float64
diff_starter_starter_statcast_sc_whiff_rate_last20,starter,0.043312708234174206,0.9566872917658258,8040,float64
diff_starter_starter_statcast_sc_called_strike_rate_season_to_date,starter,0.043312708234174206,0.9566872917658258,8040,float64
diff_starter_starter_statcast_sc_called_strike_rate_last3,starter,0.043312708234174206,0.9566872917658258,8040,float64
diff_starter_starter_statcast_sc_called_strike_rate_last5,starter,0.043312708234174206,0.9566872917658258,8040,float64
diff_starter_starter_statcast_sc_called_strike_rate_last10,starter,0.043312708234174206,0.9566872917658258,8040,float64
diff_starter_starter_statcast_sc_called_strike_rate_last20,starter,0.043312708234174206,0.9566872917658258,8040,float64
diff_starter_starter_statcast_sc_swing_rate_season_to_date,starter,0.043312708234174206,0.9566872917658258,8040,float64
diff_starter_starter_statcast_sc_swing_rate_last3,starter,0.043312708234174206,0.9566872917658258,8040,float64
diff_starter_starter_statcast_sc_swing_rate_last5,starter,0.043312708234174206,0.9566872917658258,8040,float64
diff_starter_starter_statcast_sc_swing_rate_last10,starter,0.043312708234174206,0.9566872917658258,8040,float64
diff_starter_starter_statcast_sc_swing_rate_last20,starter,0.043312708234174206,0.9566872917658258,8040,float64
diff_starter_starter_statcast_sc_hard_hit_allowed_season_to_date,starter,0.043312708234174206,0.9566872917658258,8037,float64
diff_starter_starter_statcast_sc_hard_hit_allowed_last3,starter,0.043312708234174206,0.9566872917658258,8033,float64
diff_starter_starter_statcast_sc_hard_hit_allowed_last5,starter,0.043312708234174206,0.9566872917658258,8037,float64
diff_starter_starter_statcast_sc_hard_hit_allowed_last10,starter,0.043312708234174206,0.9566872917658258,8037,float64
diff_starter_starter_statcast_sc_hard_hit_allowed_last20,starter,0.043312708234174206,0.9566872917658258,8037,float64
diff_starter_starter_statcast_sc_xwoba_allowed_season_to_date,starter,0.043312708234174206,0.9566872917658258,8040,float64
diff_starter_starter_statcast_sc_xwoba_allowed_last3,starter,0.043312708234174206,0.9566872917658258,8040,float64
diff_starter_starter_statcast_sc_xwoba_allowed_last5,starter,0.043312708234174206,0.9566872917658258,8040,float64
diff_starter_starter_statcast_sc_xwoba_allowed_last10,starter,0.043312708234174206,0.9566872917658258,8040,float64
diff_starter_starter_statcast_sc_xwoba_allowed_last20,starter,0.043312708234174206,0.9566872917658258,8040,float64
diff_starter_starter_statcast_sc_woba_allowed_season_to_date,starter,0.043312708234174206,0.9566872917658258,8040,float64
diff_starter_starter_statcast_sc_woba_allowed_last3,starter,0.043312708234174206,0.9566872917658258,8038,float64
diff_starter_starter_statcast_sc_woba_allowed_last5,starter,0.043312708234174206,0.9566872917658258,8040,float64
diff_starter_starter_statcast_sc_woba_allowed_last10,starter,0.043312708234174206,0.9566872917658258,8040,float64
diff_starter_starter_statcast_sc_woba_allowed_last20,starter,0.043312708234174206,0.9566872917658258,8040,float64
diff_starter_starter_statcast_sc_k_rate_season_to_date,starter,0.043312708234174206,0.9566872917658258,8040,float64
diff_starter_starter_statcast_sc_k_rate_last3,starter,0.043312708234174206,0.9566872917658258,8040,float64
diff_starter_starter_statcast_sc_k_rate_last5,starter,0.043312708234174206,0.9566872917658258,8040,float64
diff_starter_starter_statcast_sc_k_rate_last10,starter,0.043312708234174206,0.9566872917658258,8040,float64
diff_starter_starter_statcast_sc_k_rate_last20,starter,0.043312708234174206,0.9566872917658258,8040,float64
diff_starter_starter_statcast_sc_bb_rate_season_to_date,starter,0.043312708234174206,0.9566872917658258,8038,float64
diff_starter_starter_statcast_sc_bb_rate_last3,starter,0.043312708234174206,0.9566872917658258,8022,float64
diff_starter_starter_statcast_sc_bb_rate_last5,starter,0.043312708234174206,0.9566872917658258,8038,float64
diff_starter_starter_statcast_sc_bb_rate_last10,starter,0.043312708234174206,0.9566872917658258,8038,float64
diff_starter_starter_statcast_sc_bb_rate_last20,starter,0.043312708234174206,0.9566872917658258,8038,float64
diff_starter_starter_statcast_sc_hr_rate_season_to_date,starter,0.043312708234174206,0.9566872917658258,8002,float64
diff_starter_starter_statcast_sc_hr_rate_last3,starter,0.043312708234174206,0.9566872917658258,7062,float64
diff_starter_starter_statcast_sc_hr_rate_last5,starter,0.043312708234174206,0.9566872917658258,7882,float64
diff_starter_starter_statcast_sc_hr_rate_last10,starter,0.043312708234174206,0.9566872917658258,7987,float64
diff_starter_starter_statcast_sc_hr_rate_last20,starter,0.043312708234174206,0.9566872917658258,8000,float64
diff_starter_starter_statcast_sc_pitchmix_entropy_season_to_date,starter,0.043312708234174206,0.9566872917658258,8040,float64
diff_starter_starter_statcast_sc_pitchmix_entropy_last3,starter,0.043312708234174206,0.9566872917658258,8040,float64
diff_starter_starter_statcast_sc_pitchmix_entropy_last5,starter,0.043312708234174206,0.9566872917658258,8040,float64
diff_starter_starter_statcast_sc_pitchmix_entropy_last10,starter,0.043312708234174206,0.9566872917658258,8040,float64
diff_starter_starter_statcast_sc_pitchmix_entropy_last20,starter,0.043312708234174206,0.9566872917658258,8040,float64
robust_home_elo_pre,elo,0.0,1.0,8353,float64
robust_away_elo_pre,elo,0.0,1.0,8351,float64
robust_diff_elo_pre,elo,0.0,1.0,8352,float64
robust_diff_elo_home_adv,elo,0.0,1.0,8352,float64
robust_elo_home_win_prob,elo,0.0,1.0,8352,float64
robust_elo_favorite_is_home,elo,0.0,1.0,2,float64
home_team_ewm_team_win_hl15,other,0.0017848643503093765,0.9982151356496907,8290,float64
home_team_ewm_runs_for_hl15,team_form,0.0017848643503093765,0.9982151356496907,8347,float64
home_team_ewm_runs_against_hl15,team_form,0.0017848643503093765,0.9982151356496907,8348,float64
home_team_ewm_run_diff_hl15,other,0.0017848643503093765,0.9982151356496907,8351,float64
home_team_ewm_total_runs_hl15,odds_market,0.0017848643503093765,0.9982151356496907,8349,float64
home_team_ewm_scored_5plus_hl15,other,0.0017848643503093765,0.9982151356496907,8290,float64
home_team_ewm_allowed_5plus_hl15,other,0.0017848643503093765,0.9982151356496907,8278,float64
home_team_ewm_team_win_hl30,other,0.0017848643503093765,0.9982151356496907,8290,float64
home_team_ewm_runs_for_hl30,team_form,0.0017848643503093765,0.9982151356496907,8347,float64
home_team_ewm_runs_against_hl30,team_form,0.0017848643503093765,0.9982151356496907,8348,float64
home_team_ewm_run_diff_hl30,other,0.0017848643503093765,0.9982151356496907,8351,float64
home_team_ewm_total_runs_hl30,odds_market,0.0017848643503093765,0.9982151356496907,8349,float64
home_team_ewm_scored_5plus_hl30,other,0.0017848643503093765,0.9982151356496907,8290,float64
home_team_ewm_allowed_5plus_hl30,other,0.0017848643503093765,0.9982151356496907,8278,float64
home_team_ewm_team_win_hl60,other,0.0017848643503093765,0.9982151356496907,8290,float64
home_team_ewm_runs_for_hl60,team_form,0.0017848643503093765,0.9982151356496907,8347,float64
home_team_ewm_runs_against_hl60,team_form,0.0017848643503093765,0.9982151356496907,8348,float64
home_team_ewm_run_diff_hl60,other,0.0017848643503093765,0.9982151356496907,8351,float64
home_team_ewm_total_runs_hl60,odds_market,0.0017848643503093765,0.9982151356496907,8349,float64
home_team_ewm_scored_5plus_hl60,other,0.0017848643503093765,0.9982151356496907,8290,float64
home_team_ewm_allowed_5plus_hl60,other,0.0017848643503093765,0.9982151356496907,8278,float64
home_team_ewm_team_win_hl120,other,0.0017848643503093765,0.9982151356496907,8290,float64
home_team_ewm_runs_for_hl120,team_form,0.0017848643503093765,0.9982151356496907,8347,float64
home_team_ewm_runs_against_hl120,team_form,0.0017848643503093765,0.9982151356496907,8348,float64
home_team_ewm_run_diff_hl120,other,0.0017848643503093765,0.9982151356496907,8351,float64
home_team_ewm_total_runs_hl120,odds_market,0.0017848643503093765,0.9982151356496907,8349,float64
home_team_ewm_scored_5plus_hl120,other,0.0017848643503093765,0.9982151356496907,8290,float64
home_team_ewm_allowed_5plus_hl120,other,0.0017848643503093765,0.9982151356496907,8278,float64
away_team_ewm_team_win_hl15,other,0.0017848643503093765,0.9982151356496907,8286,float64
away_team_ewm_runs_for_hl15,team_form,0.0017848643503093765,0.9982151356496907,8346,float64
away_team_ewm_runs_against_hl15,team_form,0.0017848643503093765,0.9982151356496907,8345,float64
away_team_ewm_run_diff_hl15,other,0.0017848643503093765,0.9982151356496907,8349,float64
away_team_ewm_total_runs_hl15,odds_market,0.0017848643503093765,0.9982151356496907,8347,float64
away_team_ewm_scored_5plus_hl15,other,0.0017848643503093765,0.9982151356496907,8284,float64
away_team_ewm_allowed_5plus_hl15,other,0.0017848643503093765,0.9982151356496907,8284,float64
away_team_ewm_team_win_hl30,other,0.0017848643503093765,0.9982151356496907,8286,float64
away_team_ewm_runs_for_hl30,team_form,0.0017848643503093765,0.9982151356496907,8346,float64
away_team_ewm_runs_against_hl30,team_form,0.0017848643503093765,0.9982151356496907,8345,float64
away_team_ewm_run_diff_hl30,other,0.0017848643503093765,0.9982151356496907,8349,float64
away_team_ewm_total_runs_hl30,odds_market,0.0017848643503093765,0.9982151356496907,8347,float64
away_team_ewm_scored_5plus_hl30,other,0.0017848643503093765,0.9982151356496907,8284,float64
away_team_ewm_allowed_5plus_hl30,other,0.0017848643503093765,0.9982151356496907,8284,float64
away_team_ewm_team_win_hl60,other,0.0017848643503093765,0.9982151356496907,8286,float64
away_team_ewm_runs_for_hl60,team_form,0.0017848643503093765,0.9982151356496907,8346,float64
away_team_ewm_runs_against_hl60,team_form,0.0017848643503093765,0.9982151356496907,8345,float64
away_team_ewm_run_diff_hl60,other,0.0017848643503093765,0.9982151356496907,8349,float64
away_team_ewm_total_runs_hl60,odds_market,0.0017848643503093765,0.9982151356496907,8347,float64
away_team_ewm_scored_5plus_hl60,other,0.0017848643503093765,0.9982151356496907,8284,float64
away_team_ewm_allowed_5plus_hl60,other,0.0017848643503093765,0.9982151356496907,8284,float64
away_team_ewm_team_win_hl120,other,0.0017848643503093765,0.9982151356496907,8286,float64
away_team_ewm_runs_for_hl120,team_form,0.0017848643503093765,0.9982151356496907,8346,float64
away_team_ewm_runs_against_hl120,team_form,0.0017848643503093765,0.9982151356496907,8345,float64
away_team_ewm_run_diff_hl120,other,0.0017848643503093765,0.9982151356496907,8349,float64
away_team_ewm_total_runs_hl120,odds_market,0.0017848643503093765,0.9982151356496907,8347,float64
away_team_ewm_scored_5plus_hl120,other,0.0017848643503093765,0.9982151356496907,8284,float64
away_team_ewm_allowed_5plus_hl120,other,0.0017848643503093765,0.9982151356496907,8284,float64
diff_team_ewm_team_win_hl15,diff_features,0.0017848643503093765,0.9982151356496907,8327,float64
diff_team_ewm_runs_for_hl15,team_form,0.0017848643503093765,0.9982151356496907,8353,float64
diff_team_ewm_runs_against_hl15,team_form,0.0017848643503093765,0.9982151356496907,8353,float64
diff_team_ewm_run_diff_hl15,diff_features,0.0017848643503093765,0.9982151356496907,8350,float64
diff_team_ewm_total_runs_hl15,odds_market,0.0017848643503093765,0.9982151356496907,8327,float64
diff_team_ewm_scored_5plus_hl15,diff_features,0.0017848643503093765,0.9982151356496907,8333,float64
diff_team_ewm_allowed_5plus_hl15,diff_features,0.0017848643503093765,0.9982151356496907,8331,float64
diff_team_ewm_team_win_hl30,diff_features,0.0017848643503093765,0.9982151356496907,8330,float64
diff_team_ewm_runs_for_hl30,team_form,0.0017848643503093765,0.9982151356496907,8353,float64
diff_team_ewm_runs_against_hl30,team_form,0.0017848643503093765,0.9982151356496907,8353,float64
diff_team_ewm_run_diff_hl30,diff_features,0.0017848643503093765,0.9982151356496907,8350,float64
diff_team_ewm_total_runs_hl30,odds_market,0.0017848643503093765,0.9982151356496907,8327,float64
diff_team_ewm_scored_5plus_hl30,diff_features,0.0017848643503093765,0.9982151356496907,8334,float64
diff_team_ewm_allowed_5plus_hl30,diff_features,0.0017848643503093765,0.9982151356496907,8332,float64
diff_team_ewm_team_win_hl60,diff_features,0.0017848643503093765,0.9982151356496907,8328,float64
diff_team_ewm_runs_for_hl60,team_form,0.0017848643503093765,0.9982151356496907,8352,float64
diff_team_ewm_runs_against_hl60,team_form,0.0017848643503093765,0.9982151356496907,8352,float64
diff_team_ewm_run_diff_hl60,diff_features,0.0017848643503093765,0.9982151356496907,8350,float64
diff_team_ewm_total_runs_hl60,odds_market,0.0017848643503093765,0.9982151356496907,8327,float64
diff_team_ewm_scored_5plus_hl60,diff_features,0.0017848643503093765,0.9982151356496907,8333,float64
diff_team_ewm_allowed_5plus_hl60,diff_features,0.0017848643503093765,0.9982151356496907,8330,float64
diff_team_ewm_team_win_hl120,diff_features,0.0017848643503093765,0.9982151356496907,8328,float64
diff_team_ewm_runs_for_hl120,team_form,0.0017848643503093765,0.9982151356496907,8352,float64
diff_team_ewm_runs_against_hl120,team_form,0.0017848643503093765,0.9982151356496907,8352,float64
diff_team_ewm_run_diff_hl120,diff_features,0.0017848643503093765,0.9982151356496907,8350,float64
diff_team_ewm_total_runs_hl120,odds_market,0.0017848643503093765,0.9982151356496907,8327,float64
diff_team_ewm_scored_5plus_hl120,diff_features,0.0017848643503093765,0.9982151356496907,8334,float64
diff_team_ewm_allowed_5plus_hl120,diff_features,0.0017848643503093765,0.9982151356496907,8331,float64
home_team_cluster_recent,other,0.0,1.0,2,int64
away_team_cluster_recent,other,0.0,1.0,2,int64
same_team_cluster_recent,other,0.0,1.0,2,float64
