,home_flag_passer,completion_percentage_ewma_passer,pass_attempts_ewma_passer,air_yards_ewma_passer,yards_after_catch_ewma_passer,epa_ewma_passer,interception_ewma_passer,qb_hit_ewma_passer,sack_ewma_passer,pass_touchdown_ewma_passer,passing_yards_ewma_passer,cpoe_ewma_passer,total_top_seconds_ewma,home_flag_defense,completion_percentage_ewma_defense,pass_attempts_ewma_defense,air_yards_ewma_defense,yards_after_catch_ewma_defense,epa_ewma_defense,interception_ewma_defense,qb_hit_ewma_defense,sack_ewma_defense,pass_touchdown_ewma_defense,passing_yards_ewma_defense,cpoe_ewma_defense,odds,passer_player_name_A.Rodgers,passer_player_name_B.Mayfield,passer_player_name_B.Nix,passer_player_name_B.Purdy,passer_player_name_B.Young,passer_player_name_C.Oladokun,passer_player_name_C.Stroud,passer_player_name_C.Ward,passer_player_name_C.Wentz,passer_player_name_C.Williams,passer_player_name_D.Gabriel,passer_player_name_D.Jones,passer_player_name_D.Maye,passer_player_name_D.Mills,passer_player_name_D.Prescott,passer_player_name_G.Smith,passer_player_name_J.Allen,passer_player_name_J.Brissett,passer_player_name_J.Burrow,passer_player_name_J.Dart,passer_player_name_J.Flacco,passer_player_name_J.Goff,passer_player_name_J.Herbert,passer_player_name_J.Hurts,passer_player_name_J.Love,passer_player_name_J.McCarthy,passer_player_name_K.Cousins,passer_player_name_L.Jackson,passer_player_name_M.Brosmer,passer_player_name_M.Mariota,passer_player_name_M.Penix,passer_player_name_M.Stafford,passer_player_name_P.Mahomes,passer_player_name_Q.Ewers,passer_player_name_R.Leonard,passer_player_name_S.Darnold,passer_player_name_S.Rattler,passer_player_name_S.Sanders,passer_player_name_T.Lawrence,passer_player_name_T.Shough,passer_player_name_T.Tagovailoa,passer_player_name_T.Taylor,posteam_ATL,posteam_BAL,posteam_BUF,posteam_CAR,posteam_CHI,posteam_CIN,posteam_CLE,posteam_DAL,posteam_DEN,posteam_DET,posteam_GB,posteam_HOU,posteam_IND,posteam_JAX,posteam_KC,posteam_LA,posteam_LAC,posteam_LV,posteam_MIA,posteam_MIN,posteam_NE,posteam_NO,posteam_NYG,posteam_NYJ,posteam_PHI,posteam_PIT,posteam_SEA,posteam_SF,posteam_TB,posteam_TEN,posteam_WAS,defteam_ATL,defteam_BAL,defteam_BUF,defteam_CAR,defteam_CHI,defteam_CIN,defteam_CLE,defteam_DAL,defteam_DEN,defteam_DET,defteam_GB,defteam_HOU,defteam_IND,defteam_JAX,defteam_KC,defteam_LA,defteam_LAC,defteam_LV,defteam_MIA,defteam_MIN,defteam_NE,defteam_NO,defteam_NYG,defteam_NYJ,defteam_PHI,defteam_PIT,defteam_SEA,defteam_SF,defteam_TB,defteam_TEN,defteam_WAS,roof_dome,roof_outdoors,surface_astroturf,surface_fieldturf,surface_grass,surface_matrixturf,surface_sportturf
170,False,0.7690669581896231,28.928668065332054,198.6456343993255,110.439089429619,8.370035733733186,0.320817238877669,5.411266445755966,3.3303072488774736,1.2972098586302225,250.63773259347855,12.769072709631724,1099.4775004411676,True,0.6911841698058356,30.809474211174425,256.6780524336375,111.55664375721871,1.0300920792816344,0.7000682981325518,4.683451307130948,2.098123041682687,1.9002927966785434,225.2609870767263,1.9490916132250335,-115.0,False,False,False,False,False,False,False,False,False,False,False,False,True,False,False,False,False,False,False,False,False,False,False,False,False,False,False,False,False,False,False,False,False,False,False,False,False,False,False,False,False,False,False,False,False,False,False,False,False,False,False,False,False,False,False,False,False,False,False,False,False,False,True,False,False,False,False,False,False,False,False,False,False,False,False,False,False,False,False,False,False,False,False,False,False,False,False,False,False,False,False,False,False,False,True,False,False,False,False,False,False,False,False,False,True,False,False,False,False,False,True
173,True,0.7872574308780461,26.030277185227252,226.93080853104652,90.40331173222029,9.559388825680108,0.3667581915959731,5.522591134219545,3.7074341249331053,2.0747495682734955,254.02030148939807,16.052266504295922,1204.323890539936,False,0.6763608423447962,27.305921499823242,212.63382248516785,90.21221075315725,0.7523879446999743,0.8057085064620546,4.185681165817739,2.167802018072746,1.8996932555237331,186.75925492371627,-0.7800780565096453,-115.0,False,False,False,False,False,False,False,False,False,False,False,False,True,False,False,False,False,False,False,False,False,False,False,False,False,False,False,False,False,False,False,False,False,False,False,False,False,False,False,False,False,False,False,False,False,False,False,False,False,False,False,False,False,False,False,False,False,False,False,False,False,False,True,False,False,False,False,False,False,False,False,False,False,True,False,False,False,False,False,False,False,False,False,False,False,False,False,False,False,False,False,False,False,False,False,False,False,False,False,False,False,False,False,False,False,True,False,True,False,False,False
85,False,0.6498512029647827,18.750000000000004,97.6,50.199999999999996,-7.21132299900055,0.0,4.6499999999999995,2.35,0.55,86.25,-1.7365581810474393,639.1999999999999,True,0.726616174596266,29.11681492570937,214.24022951242986,98.08338442315234,4.75282001357858,0.35175065722815846,4.430779494403382,1.635858481819059,1.2881309553401992,208.24510195812582,4.834222039160952,-115.0,False,False,False,False,False,True,False,False,False,False,False,False,False,False,False,False,False,False,False,False,False,False,False,False,False,False,False,False,False,False,False,False,False,False,False,False,False,False,False,False,False,False,False,False,False,False,False,False,False,False,False,False,False,False,False,False,True,False,False,False,False,False,False,False,False,False,False,False,False,False,False,False,False,False,False,False,False,False,False,False,False,False,False,False,False,False,False,False,False,False,True,False,False,False,False,False,False,False,False,False,False,False,False,False,True,False,False,False,True,False,False
37,False,0.5928257488354517,30.17957034706117,258.8553561625271,96.60976194380858,-3.200709326481097,0.7238992240898248,3.2598395691304844,2.258794499887919,1.4198585179250245,196.9796621861428,-6.396385815735124,1154.2405611639872,True,0.6985997099007657,29.82433718666319,244.24966115221068,108.6186516686463,4.062776268561481,0.922669623300487,3.2924387187716553,2.072289730138127,1.2329202074072276,237.52650747487,2.3470720953964403,-118.0,False,True,False,False,False,False,False,False,False,False,False,False,False,False,False,False,False,False,False,False,False,False,False,False,False,False,False,False,False,False,False,False,False,False,False,False,False,False,False,False,False,False,False,False,False,False,False,False,False,False,False,False,False,False,False,False,False,False,False,False,False,False,False,False,False,False,False,False,False,False,True,False,False,False,False,False,True,False,False,False,False,False,False,False,False,False,False,False,False,False,False,False,False,False,False,False,False,False,False,False,False,False,False,False,False,True,False,False,True,False,False
115,False,0.627063994521343,35.0459906069636,245.06185868310263,95.46385801261552,-9.063271814560188,0.3447157232169142,6.625389786844559,3.7520679378061317,0.5796335903283798,198.6899251618423,-2.819710716104789,1190.160000478873,True,0.639714781588762,28.270607378232746,238.27128845969537,96.65932514737192,-4.896482953465417,0.7114487655051431,7.72976209952298,3.9338526372546507,1.2539943726670513,199.61493613978942,1.436126168894898,-115.0,False,False,False,False,False,False,False,True,False,False,False,False,False,False,False,False,False,False,False,False,False,False,False,False,False,False,False,False,False,False,False,False,False,False,False,False,False,False,False,False,False,False,False,False,False,False,False,False,False,False,False,False,False,False,False,False,False,False,False,False,False,False,False,False,False,False,False,False,False,False,False,True,False,False,False,False,False,False,False,True,False,False,False,False,False,False,False,False,False,False,False,False,False,False,False,False,False,False,False,False,False,False,False,False,False,True,False,False,True,False,False
367,True,0.5991448762520426,25.18074541173435,248.44838564009936,59.232677482824236,-12.853309602144975,1.7625100796697095,8.290650904751153,3.167893429668096,0.8613618036964161,149.9448875915234,-7.974446192677686,796.0972921975292,False,0.7123889309879606,31.0303135721451,203.28657184084986,152.38016208043686,9.697017941133279,0.6035923379334914,4.241643311185344,1.7906964677651434,1.810398297659556,272.1694776956108,4.745032005504607,-115.0,False,False,False,False,False,False,False,False,False,False,False,False,False,False,False,False,False,False,False,False,False,False,False,False,False,True,False,False,False,False,False,False,False,False,False,False,False,False,False,False,False,False,False,False,False,False,False,False,False,False,False,False,False,False,False,False,False,False,False,False,False,True,False,False,False,False,False,False,False,False,False,False,False,False,False,False,False,False,False,False,False,False,False,False,False,False,False,False,False,False,False,False,False,False,False,False,False,False,False,False,False,False,False,True,True,False,False,False,False,False,True
273,True,0.6553159144923744,27.864256547813074,237.8954802741382,89.55863238196287,0.21675603377679195,0.238446506074058,5.33958445214864,2.6769899463062052,1.2383055003217518,194.90882134694934,1.7221442584936846,1033.8582797391616,False,0.7093458866029815,29.570256559027808,194.14355877887718,139.22013261126654,9.617760620271156,0.4938482764910384,4.561344527333463,2.192388019080572,2.02668951626691,252.32048175095426,3.9084719579294362,-115.0,False,False,False,False,False,False,False,False,False,False,False,False,False,False,False,False,False,False,False,True,False,False,False,False,False,False,False,False,False,False,False,False,False,False,False,False,False,False,False,False,False,False,False,False,False,False,False,False,False,False,False,False,False,False,False,False,False,False,False,False,False,False,False,False,True,False,False,False,False,False,False,False,False,False,False,False,False,False,False,False,False,False,False,False,False,False,False,False,False,False,False,False,False,False,False,False,False,False,False,False,False,False,False,True,False,True,False,True,False,False,False
510,True,0.5415640520762235,28.53771494676575,236.6778298464736,118.09460598811788,-9.480455575551508,1.3819729024921081,10.092978569047666,2.8961588988451203,1.054038156114586,203.84894413835022,-7.804771530246272,792.3113468363365,False,0.6220120669770519,26.8909032042039,236.26239812506668,82.64808868023358,-2.101639690067493,0.9956104342510251,4.737674140829317,1.8565181230906955,1.251526843116538,188.94829695752898,-2.9943729027167176,-115.0,False,False,False,False,False,False,False,False,False,False,False,False,False,False,False,False,False,False,False,False,False,False,False,False,False,False,False,False,False,False,False,False,False,False,False,False,False,True,False,False,False,False,False,False,False,False,False,False,True,False,False,False,False,False,False,False,False,False,False,False,False,False,False,False,False,False,False,False,False,False,False,False,False,False,False,True,False,False,False,False,False,False,False,False,False,False,False,False,False,False,False,False,False,False,False,False,False,False,False,False,False,False,False,False,False,True,False,False,True,False,False
415,True,0.6433762353614415,20.77326732673267,177.39356435643563,70.77797029702971,-3.8544648286729766,1.1490099009900991,4.04009900990099,1.8195544554455443,0.9509900990099012,158.9131188118812,-0.8317234140221438,1070.705693069307,False,0.634375450993876,33.19183263020573,308.66258650164343,99.6397052698824,-4.656485122986008,0.9522991172523216,6.660651308118786,3.306672540634124,1.8697399352164745,227.03842646629568,-0.687383479828427,-118.0,False,False,False,False,False,False,False,False,False,False,False,False,False,False,False,False,False,False,False,False,False,False,False,False,False,False,False,False,False,True,False,False,False,False,False,False,False,False,False,False,False,False,False,False,False,False,False,False,False,False,False,False,False,False,False,False,False,False,False,False,False,False,False,False,False,False,False,False,False,False,False,False,True,False,False,False,False,False,False,False,False,False,True,False,False,False,False,False,False,False,False,False,False,False,False,False,False,False,False,False,False,False,False,False,False,True,False,False,True,False,False
244,False,0.6438941121867597,41.262156710892235,323.0503996503572,136.36372129614483,-0.45475126500942803,0.6872967156329569,9.268572432526106,3.2672930855587348,1.766976185086939,293.8415701312405,-0.6846283977344234,1340.344834114094,True,0.5868536803788135,29.791971393815686,248.58933782417373,87.39310804405547,-8.672082333841004,1.3326535396331454,6.26479677755953,2.9323148491644146,0.9228472505374886,193.62737601812657,-7.635656800992923,-115.0,False,False,False,False,False,False,False,False,False,False,False,False,False,False,False,False,False,True,False,False,False,False,False,False,False,False,False,False,False,False,False,False,False,False,False,False,False,False,False,False,False,False,False,False,False,False,False,False,False,False,False,False,False,False,False,False,False,False,False,False,False,False,False,False,False,False,False,False,False,False,False,False,False,False,False,False,False,False,False,False,False,False,False,False,True,False,False,False,False,False,False,False,False,False,False,False,False,False,False,False,False,False,False,False,False,False,True,False,False,False,False
108,False,0.5216309280889259,32.44693241308994,272.89766867316325,75.6023999529421,-8.593580666243971,0.7141232524852454,7.196525558322386,3.3706201839179624,0.34940491362914455,185.45073626007334,-11.156637904723532,978.4760690966845,True,0.6747390688138394,32.09842673905611,244.68816869546518,102.75789650052819,4.6823842368946655,0.4855457770429542,3.906933756119197,1.671376626872327,1.5252023654462208,237.11277183562345,-0.5405814156304043,-115.0,False,False,False,False,False,False,False,True,False,False,False,False,False,False,False,False,False,False,False,False,False,False,False,False,False,False,False,False,False,False,False,False,False,False,False,False,False,False,False,False,False,False,False,False,False,False,False,False,False,False,False,False,False,False,False,False,False,False,False,False,False,False,False,False,False,False,False,False,False,False,False,True,False,False,False,False,False,False,False,False,False,False,False,False,False,False,False,False,False,False,True,False,False,False,False,False,False,False,False,False,False,False,False,False,True,False,False,False,True,False,False
532,False,0.6199197373904898,29.930421423395654,291.8117481048628,89.9525695034718,5.066506212667686,0.6357120642962347,3.5215142253631093,1.87887790620912,2.2679943043547857,244.10761283141395,-0.130369374345124,1094.1029232069366,True,0.6177942400859832,36.12141660007783,334.3118640489532,92.66410442748611,-2.2265105598663655,0.8808276276626691,8.723669287019998,3.7217670589708365,1.199572224138398,238.83813534236106,-0.49171628147462343,-115.0,False,False,False,False,False,False,False,False,False,False,False,False,False,False,False,False,False,False,False,False,False,False,False,False,False,False,False,False,False,False,False,False,False,False,False,False,False,False,True,False,False,False,False,False,False,False,False,False,False,False,False,False,False,False,False,True,False,False,False,False,False,False,False,False,False,False,False,False,False,False,False,False,False,False,False,False,False,False,False,False,False,True,False,False,False,False,False,False,False,False,False,False,False,False,False,False,False,False,False,False,False,False,False,False,False,True,False,False,True,False,False
334,True,0.717843404777863,28.20934560066572,272.31035536644555,85.69862709992697,3.5391622983673185,0.19714895102774027,3.897763374034171,3.22699960188251,1.8305277634243602,240.98174249782485,7.718643413757038,923.7252775771173,False,0.6585226315121119,37.24692409359563,300.66665007221496,110.64817735634162,1.1986515832250897,0.5506706186431781,5.031918933044259,1.9882311716817342,1.3958732457314134,258.7336121967473,-0.46116373984799963,-115.0,False,False,False,False,False,False,False,False,False,False,False,False,False,False,False,False,False,False,False,False,False,False,False,True,False,False,False,False,False,False,False,False,False,False,False,False,False,False,False,False,False,False,False,False,False,False,False,False,False,False,False,False,False,False,False,False,False,False,False,False,False,False,False,False,False,False,True,False,False,False,False,False,False,False,False,False,False,False,False,False,False,False,False,False,False,False,False,False,False,False,False,False,False,False,False,True,False,False,False,False,False,False,False,False,False,True,False,False,True,False,False
536,False,0.3224138021469116,16.85,147.4,21.45,-9.080221688747407,0.55,1.6500000000000001,1.1,0.0,70.4,-31.075633764266964,1277.8,True,0.6440348464180412,36.563994567082624,306.26915755646894,100.63775602752195,-5.60907219945846,0.5490659813665234,7.91098802719059,4.014405565993953,1.1670829828600524,237.78198237439275,-1.7089542041610113,-115.0,False,False,False,False,False,False,False,False,False,False,False,False,False,False,False,False,False,False,False,False,False,False,False,False,False,False,False,False,False,False,False,False,False,False,False,False,False,False,False,True,False,False,False,False,False,False,False,False,False,False,False,False,False,False,False,False,False,False,False,False,False,False,False,True,False,False,False,False,False,False,False,False,False,False,False,False,False,False,False,False,False,False,False,False,False,False,False,False,True,False,False,False,False,False,False,False,False,False,False,False,False,False,False,False,True,False,False,False,False,True,False
502,True,0.7039681915093834,30.965030948296278,268.345737633365,82.41348697467569,-3.902006115703713,0.8308596413460589,4.506687816176629,2.307351191176509,1.1482214403746631,211.1151370200165,2.5717344141237835,1019.415455663626,False,0.6989551130245928,32.44338277898755,247.47794312177797,134.2869206712647,0.6659449066766044,0.7363846160196709,6.229513059542744,2.988549345660525,1.5327824390545053,257.7316383225652,3.2101039938210563,-110.0,False,False,False,False,False,False,False,False,False,False,False,False,False,False,False,False,False,False,False,False,False,False,False,False,False,False,False,False,False,False,False,False,False,False,False,False,True,False,False,False,False,False,False,False,False,False,False,False,False,False,False,False,False,False,False,False,False,False,False,False,False,False,False,True,False,False,False,False,False,False,False,False,False,False,False,False,False,False,False,False,False,False,False,False,False,False,False,False,False,False,False,False,False,False,False,False,False,False,False,False,False,True,False,False,True,False,False,False,False,False,True
5,True,0.7259789235816144,25.428465346534654,121.54430693069308,137.27178217821782,1.4501408578735766,0.7106435643564357,4.6039603960396045,2.0423267326732675,1.810891089108911,192.15841584158414,4.10914285867521,1030.2841584158416,False,0.6725117388029094,28.9214904494433,236.8598898726735,102.11545504297372,3.8110990175657746,0.3543501434229714,5.3469641602785405,2.4510861414703573,1.9161978204752232,211.09302249505598,3.2576883812606847,-115.0,True,False,False,False,False,False,False,False,False,False,False,False,False,False,False,False,False,False,False,False,False,False,False,False,False,False,False,False,False,False,False,False,False,False,False,False,False,False,False,False,False,False,False,False,False,False,False,False,False,False,False,False,False,False,False,False,False,False,False,False,False,False,False,False,False,False,False,True,False,False,False,False,False,False,False,False,False,False,False,True,False,False,False,False,False,False,False,False,False,False,False,False,False,False,False,False,False,False,False,False,False,False,False,False,False,True,False,False,True,False,False
549,True,0.7207718106223631,30.123997568675126,214.59165506558696,94.48422579949414,5.475665474414933,0.6066939863924236,2.35413031117037,2.0333130722927,2.1584282661124288,207.3148369639811,4.718139123779656,1192.1718593753062,False,0.6366375649972984,29.689033622632873,242.0362541777733,104.14221101473841,-1.48483772600829,0.5850798748839157,4.968770103560194,2.6409780573360533,1.1136909762652152,202.20849241891983,-3.118755493337326,-115.0,False,False,False,False,False,False,False,False,False,False,False,False,False,False,False,False,False,False,False,False,False,False,False,False,False,False,False,False,False,False,False,False,False,False,False,False,False,False,False,False,True,False,False,False,False,False,False,False,False,False,False,False,False,False,False,False,False,False,False,False,True,False,False,False,False,False,False,False,False,False,False,False,False,False,False,False,False,False,False,False,False,False,False,False,False,False,False,False,False,True,False,False,False,False,False,False,False,False,False,False,False,False,False,False,False,True,False,False,True,False,False
121,False,0.699999988079071,20.0,181.0,81.0,9.443550109863281,0.0,4.0,3.0,2.0,173.0,3.8360648155212402,832.0,True,0.7340680785875354,31.485505263342272,214.51192987052207,110.6121025040671,4.576695788607738,0.8458184627891618,5.6650196939439725,2.4615557181470296,1.7784045984333208,252.55605984483836,6.776434485948699,-115.0,False,False,False,False,False,False,False,False,True,False,False,False,False,False,False,False,False,False,False,False,False,False,False,False,False,False,False,False,False,False,False,False,False,False,False,False,False,False,False,False,False,False,False,False,False,False,False,False,False,False,False,False,False,False,False,False,False,False,False,False,False,True,False,False,False,False,False,False,False,False,False,False,False,False,False,False,False,False,False,False,False,False,False,False,False,False,False,False,False,False,False,False,False,False,False,False,False,False,True,False,False,False,False,False,False,True,False,False,True,False,False
231,True,0.714565441831086,27.690949895722003,198.94095116332682,120.09797111000523,3.1355721389812605,1.1127044486113837,4.513865426444877,2.574820451877369,1.4233280833812947,229.40822450881595,0.6715890485814702,1210.0329598488847,False,0.6557099084361214,32.27853004425179,263.06312471004884,148.02567605151665,3.99360315877786,0.7400028221709678,4.216470190544497,1.643816229232916,1.836730175341611,261.5005649940031,0.48033223567801187,-115.0,False,False,False,False,False,False,False,False,False,False,False,False,False,False,False,False,True,False,False,False,False,False,False,False,False,False,False,False,False,False,False,False,False,False,False,False,False,False,False,False,False,False,False,False,True,False,False,False,False,False,False,False,False,False,False,False,False,False,False,False,False,False,False,False,False,False,False,False,False,False,False,False,False,False,False,False,False,False,True,False,False,False,False,False,False,False,False,False,False,False,False,False,False,False,False,False,False,False,False,False,False,False,False,False,False,True,False,False,False,False,False
490,True,0.6926430574315346,26.944394068017065,225.2879916667354,107.41063513707007,3.923401797718271,0.9276440516222642,3.191742264107327,1.5777232257752467,1.668452555519045,233.6448010717453,3.052441724460854,1077.710770602862,False,0.6301779334215775,35.63132940750049,309.0510023966061,119.6172379270024,3.0481636795687193,0.7271659152362714,5.0071701943918825,2.364539814774525,1.189648566076997,266.5742277821784,-1.3482945561012742,-115.0,False,False,False,False,False,False,False,False,False,False,False,False,False,False,False,False,False,False,False,False,False,False,False,False,False,False,False,False,False,False,False,False,False,False,False,True,False,False,False,False,False,False,False,False,False,False,False,False,False,False,False,False,False,False,False,False,False,False,False,False,False,False,False,False,False,False,False,False,True,False,False,False,False,False,False,False,False,False,False,False,False,False,False,False,False,True,False,False,False,False,False,False,False,False,False,False,False,False,False,False,False,False,False,False,False,True,False,True,False,False,False
225,False,0.6974399637892197,27.43872689739703,233.73538851078928,101.32743605457536,2.959836685177249,0.9058510466729026,4.428548850111279,2.2692062058510465,1.9094716640325131,221.90492371705963,1.6407303481226099,1168.0444473115504,True,0.664165135708422,31.31285164469277,255.84557657914704,99.85969444007385,3.702700716913612,0.7877493510332545,3.862744734436736,2.1470455553329995,1.6882653663655587,223.9203729306146,2.0130722464070487,-115.0,False,False,False,False,False,False,False,False,False,False,False,False,False,False,False,False,True,False,False,False,False,False,False,False,False,False,False,False,False,False,False,False,False,False,False,False,False,False,False,False,False,False,False,False,True,False,False,False,False,False,False,False,False,False,False,False,False,False,False,False,False,False,False,False,False,False,False,False,False,False,False,False,False,False,False,False,True,False,False,False,False,False,False,False,False,False,False,False,False,False,False,False,False,False,False,False,False,False,False,False,False,False,False,False,False,True,False,False,True,False,False
469,False,0.6589345052788819,20.205980066445182,184.00996677740864,94.22923588039868,1.5444203373601668,0.6578073089700998,3.0598006644518274,1.3421926910299002,0.8039867109634552,168.92026578073092,-0.8370989723459032,761.1262458471762,True,0.6674988738473617,29.713095882397592,220.35260607637863,84.23781978447462,-2.930963597739519,0.4352951873347437,4.932517203404517,1.5424289650104264,1.2118674581714362,182.8387290753199,2.720342334574534,-115.0,False,False,False,False,False,False,False,False,False,False,False,False,False,False,False,False,False,False,False,False,False,False,False,False,False,False,False,False,False,False,False,False,False,True,False,False,False,False,False,False,False,False,False,False,False,False,False,False,False,False,False,False,False,False,False,False,False,False,False,False,True,False,False,False,False,False,False,False,False,False,False,False,False,False,False,False,False,False,False,False,False,False,False,False,False,False,False,False,False,False,False,False,False,True,False,False,False,False,False,False,False,False,False,False,False,True,False,True,False,False,False
75,True,0.6273009013118627,26.708736460972773,173.1802645416414,79.3078597456246,-2.286157987670914,0.6843341418379175,4.825299266555277,1.3857085218002037,1.2547764618693735,160.24220239824191,-1.0451238400909446,1154.5277349605542,False,0.6810459683564275,28.826921678813978,252.18159292514827,101.27225870439942,4.345820800377331,0.435431193500968,4.15751137395575,1.9714353716604132,1.8775917655220222,221.5734810607473,2.426197215054924,-115.0,False,False,False,False,True,False,False,False,False,False,False,False,False,False,False,False,False,False,False,False,False,False,False,False,False,False,False,False,False,False,False,False,False,False,False,False,False,False,False,False,False,False,False,False,False,True,False,False,False,False,False,False,False,False,False,False,False,False,False,False,False,False,False,False,False,False,False,False,False,False,False,False,False,False,False,False,False,False,False,False,False,False,False,False,False,False,False,False,False,False,False,False,False,False,True,False,False,False,False,False,False,False,False,False,False,True,False,False,True,False,False
500,True,0.687207666599915,33.549773533852274,234.50326464186975,82.34603243073667,-1.1887497411438332,0.19217270249602947,3.6152428383757185,1.6893198172584851,1.1858198858845903,196.15662437991415,2.108617751421325,1088.3143467775142,False,0.6923443143903132,30.76801405389033,243.60237527705272,114.02039011565506,5.217379622903044,0.628266253181251,3.9592271749551626,1.509060310899728,1.8056551815015103,229.40228393049296,4.401429255116862,-115.0,False,False,False,False,False,False,False,False,False,False,False,False,False,False,False,False,False,False,False,False,False,False,False,False,False,False,False,False,False,False,False,False,False,False,False,False,True,False,False,False,False,False,False,False,False,False,False,False,False,False,False,False,False,False,False,False,False,False,False,False,False,False,False,True,False,False,False,False,False,False,False,False,False,False,False,False,False,False,False,False,False,False,False,False,False,False,False,False,False,False,False,False,False,True,False,False,False,False,False,False,False,False,False,False,True,False,False,False,False,False,True
270,True,0.602341957337571,27.600635281661145,259.70786847316725,99.98998058861591,0.9478018743982829,0.5493421697613772,5.86464971275073,3.559675300484304,1.6269877061234095,205.38958059645887,-2.9257883038405765,1080.3950902923473,False,0.6911379864498839,33.68813563902663,287.00134062143485,104.81902943611699,5.97859563277397,0.23709106410610808,2.799492937820811,1.1159890221090116,1.755894138188491,249.0555582002784,2.5979230057009732,-115.0,False,False,False,False,False,False,False,False,False,False,False,False,False,False,False,False,False,False,False,True,False,False,False,False,False,False,False,False,False,False,False,False,False,False,False,False,False,False,False,False,False,False,False,False,False,False,False,False,False,False,False,False,False,False,False,False,False,False,False,False,False,False,False,False,True,False,False,False,False,False,False,False,False,False,False,False,False,False,False,False,False,False,False,False,False,False,False,False,False,False,False,False,False,False,False,False,False,False,False,False,True,False,False,False,False,True,False,True,False,False,False
319,False,0.7146900878044206,36.15615350363921,276.57831916893696,112.80785650008734,2.603404479863002,1.0117071549386805,9.369770015158295,2.58913800398057,2.159513253466655,270.7065746179373,3.8446526267171146,1440.9900501400487,True,0.7473944266563239,27.690103805699202,192.60814088073403,102.62677780885238,6.1660711124990275,0.4169195873680452,4.646591400253724,2.271512223844686,1.6708207269657709,224.8233842407668,7.592366926558859,-115.0,False,False,False,False,False,False,False,False,False,False,False,False,False,False,False,False,False,False,False,False,False,False,True,False,False,False,False,False,False,False,False,False,False,False,False,False,False,False,False,False,False,False,False,False,False,False,False,False,False,False,False,False,False,False,False,False,False,False,True,False,False,False,False,False,False,False,False,False,False,False,False,False,False,False,False,False,False,False,False,False,False,False,False,False,False,False,False,False,False,False,False,False,False,False,False,False,False,False,False,False,False,False,True,False,False,True,False,False,True,False,False
203,False,0.6843690962897895,35.69618822386697,311.7098302475184,123.25827439293305,5.822066324670015,0.6462444324451704,6.3135427926463485,1.842668981591059,1.6500492047422863,289.3317314080472,2.0759112889290585,1217.5228620088144,True,0.6908293468982857,30.6048824899277,230.47626662057067,124.25479951663297,7.761473636178553,0.479352978477472,4.425362865405046,1.9800283433514572,2.017866535682807,239.14015720518424,3.310326617472492,-115.0,False,False,False,False,False,False,False,False,False,False,False,False,False,False,True,False,False,False,False,False,False,False,False,False,False,False,False,False,False,False,False,False,False,False,False,False,False,False,False,False,False,False,False,False,False,False,False,False,False,True,False,False,False,False,False,False,False,False,False,False,False,False,False,False,False,False,False,False,False,False,False,False,False,False,False,False,False,False,False,False,False,False,False,False,False,False,False,False,False,False,False,False,False,False,False,False,False,False,False,False,False,False,False,True,False,True,False,False,True,False,False
100,False,0.6628917809568516,30.805450036171127,257.5044638128939,97.63724260983213,5.3852475354818585,0.330253952159427,4.511695160714839,1.5329413942822514,1.36649599515385,219.0149156095919,1.5906853435016455,1176.1594835423825,True,0.6563132625662547,29.22289766999219,249.39714317172937,97.23950727384866,-1.7724043195946724,1.311658680706974,5.507241845350429,2.637826335505369,1.0081811361706217,205.5697132173426,-1.9064756893624024,-110.0,False,False,False,False,False,False,True,False,False,False,False,False,False,False,False,False,False,False,False,False,False,False,False,False,False,False,False,False,False,False,False,False,False,False,False,False,False,False,False,False,False,False,False,False,False,False,False,False,False,False,False,False,False,True,False,False,False,False,False,False,False,False,False,False,False,False,False,False,False,False,False,False,False,False,False,False,False,False,False,False,False,False,False,False,False,False,False,False,False,True,False,False,False,False,False,False,False,False,False,False,False,False,False,False,True,False,False,False,False,True,False
524,False,0.6357460334872942,36.26282412176696,317.4220625552792,98.72019194667793,-2.7787961233909906,0.6278603923971304,6.017140826430536,3.2054584683305616,0.9778735263159373,236.6710380162156,-3.5443453717840607,1379.2780996982349,True,0.5943560893307632,30.358325880970213,295.6775126745756,90.02986407226501,-6.06953518253344,1.2608712291733593,5.06033609075073,2.01849715952477,1.2116966002186846,195.41822105531512,-6.378019166228684,-115.0,False,False,False,False,False,False,False,False,False,False,False,False,False,False,False,False,False,False,False,False,False,False,False,False,False,False,False,False,False,False,False,False,False,False,False,False,False,False,True,False,False,False,False,False,False,False,False,False,False,False,False,False,False,False,False,True,False,False,False,False,False,False,False,False,False,False,False,False,False,False,False,False,False,False,False,False,False,False,False,False,False,False,False,False,True,False,False,False,False,False,False,False,False,False,False,False,False,False,False,False,False,False,False,False,False,False,True,False,False,False,False
56,True,0.6637739315852341,37.75437127643475,290.9765422421128,122.06418105118628,5.277495415099585,0.6747268991292361,4.51467724896702,1.1495805716069272,1.4388951624050073,252.9053697085583,1.4113632991374399,1365.4195303487534,False,0.648871694519568,28.636916275448154,250.5976625950513,99.01414231496709,-2.3095488709891696,1.4368116478511606,4.687743328013988,2.158221547231665,1.1885118386850542,212.55703808691666,-2.9167610404309228,-115.0,False,False,True,False,False,False,False,False,False,False,False,False,False,False,False,False,False,False,False,False,False,False,False,False,False,False,False,False,False,False,False,False,False,False,False,False,False,False,False,False,False,False,False,False,False,False,False,False,False,False,True,False,False,False,False,False,False,False,False,False,False,False,False,False,False,False,False,False,False,False,False,False,False,False,False,False,False,False,False,False,False,False,False,False,False,False,False,False,False,True,False,False,False,False,False,False,False,False,False,False,False,False,False,False,False,True,False,False,True,False,False
301,True,0.7634572348370535,27.801751443408705,182.05262232687159,122.51684191852402,9.00304052426623,0.2691029900332226,5.476844176370029,1.4906992871657583,2.32420088378544,225.80292229784214,11.650504470811597,1052.2723349353287,False,0.6955483089599216,33.43080117431812,267.5841527043953,122.57290304265686,2.732830716355283,0.6778034195795977,5.613849294996686,2.7637825335850863,1.651178536622173,261.4497801720241,4.2118064360802965,-115.0,False,False,False,False,False,False,False,False,False,False,False,False,False,False,False,False,False,False,False,False,False,True,False,False,False,False,False,False,False,False,False,False,False,False,False,False,False,False,False,False,False,False,False,False,False,False,False,False,False,False,False,True,False,False,False,False,False,False,False,False,False,False,False,False,False,False,False,False,False,False,False,False,False,False,False,False,False,False,False,False,False,False,False,False,False,False,False,False,False,False,False,False,False,False,False,False,False,False,False,False,False,True,False,False,True,False,False,True,False,False,False
202,True,0.6806728994344156,37.043151230489045,313.5329540142561,135.37918695359508,4.1783148514208,0.7990601944124229,7.097087750632988,2.0419327524536914,1.567297238545826,300.05120956309236,1.624343716959092,1233.489819850207,False,0.6424384320254224,28.60576381887934,235.4853972098914,102.18162000137056,-5.190279531484854,1.6031383875307461,6.064406699872747,3.001787743395451,0.7877769442085373,194.58520504341874,-3.4478916779557958,-115.0,False,False,False,False,False,False,False,False,False,False,False,False,False,False,True,False,False,False,False,False,False,False,False,False,False,False,False,False,False,False,False,False,False,False,False,False,False,False,False,False,False,False,False,False,False,False,False,False,False,True,False,False,False,False,False,False,False,False,False,False,False,False,False,False,False,False,False,False,False,False,False,False,False,False,False,False,False,False,False,False,False,False,False,False,False,False,False,False,False,True,False,False,False,False,False,False,False,False,False,False,False,False,False,False,False,False,False,False,False,True,False
468,True,0.674107152223587,19.0,175.95,84.30000000000001,-0.6150528430938719,1.1,3.1,0.8999999999999999,0.0,166.85000000000002,-1.6634419023990628,836.5000000000001,False,0.6850148565928302,33.32333977234786,275.52696403195466,124.62791899014,4.068747455531939,0.6462950192135535,5.617058882855396,2.0360003086477256,1.8703984371316011,259.35608869755373,3.5791652439594164,-115.0,False,False,False,False,False,False,False,False,False,False,False,False,False,False,False,False,False,False,False,False,False,False,False,False,False,False,False,False,False,False,False,False,False,True,False,False,False,False,False,False,False,False,False,False,False,False,False,False,False,False,False,False,False,False,False,False,False,False,False,False,True,False,False,False,False,False,False,False,False,False,False,False,False,False,False,False,False,False,False,False,False,False,False,False,False,False,False,False,False,False,False,False,False,False,False,False,False,False,False,False,False,True,False,False,False,True,False,False,True,False,False
36,False,0.5928257488354517,30.17957034706117,258.8553561625271,96.60976194380858,-3.200709326481097,0.7238992240898248,3.2598395691304844,2.258794499887919,1.4198585179250245,196.9796621861428,-6.396385815735124,1154.2405611639872,True,0.6985997099007657,29.82433718666319,244.24966115221068,108.6186516686463,4.062776268561481,0.922669623300487,3.2924387187716553,2.072289730138127,1.2329202074072276,237.52650747487,2.3470720953964403,-115.0,False,True,False,False,False,False,False,False,False,False,False,False,False,False,False,False,False,False,False,False,False,False,False,False,False,False,False,False,False,False,False,False,False,False,False,False,False,False,False,False,False,False,False,False,False,False,False,False,False,False,False,False,False,False,False,False,False,False,False,False,False,False,False,False,False,False,False,False,False,False,True,False,False,False,False,False,True,False,False,False,False,False,False,False,False,False,False,False,False,False,False,False,False,False,False,False,False,False,False,False,False,False,False,False,False,True,False,False,True,False,False
27,False,0.6997619500473553,31.189715511402124,272.35165790407376,144.1335483662871,9.387344801386329,0.17387188336612586,1.8194577944069927,1.5230526078121471,1.952972293003903,271.35685417540236,3.9144378381241025,1200.450703157759,True,0.6622269373889488,32.17545368215919,284.79225884813394,116.10375725500951,1.5591480130002418,0.9287431257719867,5.727639608424358,2.692683671811468,2.0276361995209062,249.6499950916269,1.1060083638919058,-115.0,False,True,False,False,False,False,False,False,False,False,False,False,False,False,False,False,False,False,False,False,False,False,False,False,False,False,False,False,False,False,False,False,False,False,False,False,False,False,False,False,False,False,False,False,False,False,False,False,False,False,False,False,False,False,False,False,False,False,False,False,False,False,False,False,False,False,False,False,False,False,True,False,False,False,False,False,False,False,False,False,False,False,True,False,False,False,False,False,False,False,False,False,False,False,False,False,False,False,False,False,False,False,False,False,True,False,False,True,False,False,False
79,False,0.675355946162909,27.565977893613628,181.9875556933458,120.77900162945342,0.9620577422395581,0.7056934919219483,4.454793144657878,1.996021764283684,1.657930904249981,205.3375203139918,1.5155081553441672,1146.0546939895737,True,0.641245938684891,26.260735819595556,226.04148836704445,90.44049514101255,-2.705502072860982,0.7470025312861043,3.661459744861941,2.0427967675339094,1.2666402276886812,181.39905807250614,-0.9493113571918511,-115.0,False,False,False,False,True,False,False,False,False,False,False,False,False,False,False,False,False,False,False,False,False,False,False,False,False,False,False,False,False,False,False,False,False,False,False,False,False,False,False,False,False,False,False,False,False,True,False,False,False,False,False,False,False,False,False,False,False,False,False,False,False,False,False,False,False,False,False,False,False,False,False,False,False,False,False,False,False,False,False,False,False,False,False,False,False,False,False,False,False,False,False,False,False,False,True,False,False,False,False,False,False,False,False,False,True,False,False,False,False,False,True
324,False,0.6491679524080113,27.638033358303385,224.36635696102613,94.45583712846873,-3.4850335528720606,0.8962047368791305,7.745060628153595,4.002587251358062,1.4839140949139915,193.4366398246408,-2.1316108445726254,1287.9098397990917,True,0.6660638966170641,30.909055663232543,218.75176876081858,121.78337192258925,2.6490726422355158,0.44848507062951726,6.065426756634199,1.7797261107372153,1.1882602825906126,228.23506084711713,2.0120072506390643,-115.0,False,False,False,False,False,False,False,False,False,False,False,False,False,False,False,False,False,False,False,False,False,False,True,False,False,False,False,False,False,False,False,False,False,False,False,False,False,False,False,False,False,False,False,False,False,False,False,False,False,False,False,False,False,False,False,False,False,False,True,False,False,False,False,False,False,False,False,False,False,False,False,False,False,False,False,False,False,False,False,False,False,False,False,False,False,False,False,True,False,False,False,False,False,False,False,False,False,False,False,False,False,False,False,False,False,True,False,False,True,False,False
12,False,0.6211917955739826,26.080270338946416,155.83460677821287,116.7624722958922,-3.5687833154043536,0.5314667928591604,3.4215236278353105,1.7028314657211394,1.2966583870560082,170.36729612495301,-5.671068462916304,967.291376136859,True,0.5955211027820898,34.79282874060974,298.1167582716679,105.4604499177829,-0.6906560072871409,0.69844236869775,6.453037590513652,1.8861385385845653,1.207627788863668,229.20813686549138,-3.0600428006496125,-115.0,True,False,False,False,False,False,False,False,False,False,False,False,False,False,False,False,False,False,False,False,False,False,False,False,False,False,False,False,False,False,False,False,False,False,False,False,False,False,False,False,False,False,False,False,False,False,False,False,False,False,False,False,False,False,False,False,False,False,False,False,False,False,False,False,False,False,False,True,False,False,False,False,False,False,True,False,False,False,False,False,False,False,False,False,False,False,False,False,False,False,False,False,False,False,False,False,False,False,False,False,False,False,False,False,False,True,False,False,True,False,False
93,True,0.6763487867396984,33.32195593974777,265.59624068638516,97.95660258684643,-0.7440081926790681,0.6394832758120181,5.284911137631843,2.471359223300971,1.716171015708157,222.86153436764184,0.846239257278229,1169.3909379737447,False,0.669285602895568,32.72994355881033,275.66830520397593,95.66770264414299,3.043165295552949,0.06755574501857639,2.9771580351143245,1.363986582577681,1.7016483911192668,233.7345711336736,1.2828130562978248,-115.0,False,False,False,False,False,False,True,False,False,False,False,False,False,False,False,False,False,False,False,False,False,False,False,False,False,False,False,False,False,False,False,False,False,False,False,False,False,False,False,False,False,False,False,False,False,False,False,False,False,False,False,False,False,True,False,False,False,False,False,False,False,False,False,False,False,False,False,False,False,False,False,False,False,False,False,False,False,False,False,False,False,False,False,False,False,False,False,False,False,False,False,False,False,False,False,False,False,False,False,False,True,False,False,False,False,False,True,False,False,False,False
276,True,0.6477504551825036,26.624786521057718,221.3709185437878,87.1204385585941,-1.9602521252226734,0.4211700264571791,6.016240495392529,2.697631469411952,0.8825245466456776,177.3037042571342,-1.570172917019348,1036.675518803405,False,0.6988617511526658,29.860687679915646,240.81031014126586,118.63442697015495,8.872991743441801,0.3072089744161293,5.758521089729424,1.6601014260252425,1.67707573148292,258.50305841515427,7.054144070080897,-115.0,False,False,False,False,False,False,False,False,False,False,False,False,False,False,False,False,False,False,False,True,False,False,False,False,False,False,False,False,False,False,False,False,False,False,False,False,False,False,False,False,False,False,False,False,False,False,False,False,False,False,False,False,False,False,False,False,False,False,False,False,False,False,False,False,True,False,False,False,False,False,False,False,False,False,False,False,False,False,False,False,True,False,False,False,False,False,False,False,False,False,False,False,False,False,False,False,False,False,False,False,False,False,False,False,False,True,False,True,False,False,False
396,True,0.6314494061499683,25.54311410414115,235.5432455075543,91.09916058494483,-4.9472733579388395,0.5886201229918369,4.410541652598815,2.8168232016114034,1.08569520066945,201.39605009015247,-0.24927946600897996,951.140608949584,False,0.6533352283723366,34.93266613247195,234.25722374804428,119.55252664654795,-0.46991844621548057,0.7599585619726139,4.761690422089351,2.1761326188916152,1.659713740089447,238.70168056115727,-2.994397236894518,-115.0,False,False,False,False,False,False,False,False,False,False,False,False,False,False,False,False,False,False,False,False,False,False,False,False,False,False,False,True,False,False,False,False,False,False,False,False,False,False,False,False,False,False,False,True,False,False,False,False,False,False,False,False,False,False,False,False,False,False,False,False,False,False,False,False,False,False,False,False,False,False,False,False,False,False,False,False,False,False,False,False,False,False,False,False,False,False,False,False,False,False,False,False,False,False,False,False,False,False,True,False,False,False,False,False,False,True,False,False,True,False,False
256,True,0.611474932213821,30.61831683168317,258.51930693069306,70.24306930693069,4.332107760735078,0.6589108910891089,5.679455445544553,1.5814356435643566,2.257920792079208,201.07079207920793,0.17194828296651962,1206.3336633663366,False,0.6102391891338603,34.64867806049888,282.45916585863733,115.3767317509133,1.356111021781048,0.5714528471163408,5.461576210420261,1.5432042588419166,1.1698772817975465,239.17029379903843,-1.7177221955044228,-115.0,False,False,False,False,False,False,False,False,False,False,False,False,False,False,False,False,False,False,True,False,False,False,False,False,False,False,False,False,False,False,False,False,False,False,False,False,False,False,False,False,False,False,False,False,False,False,False,True,False,False,False,False,False,False,False,False,False,False,False,False,False,False,False,False,False,False,False,False,False,False,False,False,False,False,True,False,False,False,False,False,False,False,False,False,False,False,False,False,False,False,False,False,False,False,False,False,False,False,False,False,False,False,False,False,False,True,False,True,False,False,False
34,True,0.6247981354101781,29.625822261209255,236.01220535591708,107.27836169817182,-3.8588591138873802,0.5740699088379964,2.749650515442815,1.992236090238,1.3492357205754968,191.4063432522047,-5.50860853200796,1162.1582998271028,False,0.6764653447391649,25.65201044617234,225.16181911527653,89.64949406123755,-1.1253901542107303,0.6907808715719052,4.030673021497928,2.4967516047636678,1.3258936116194993,194.5988487552853,2.5019047882857004,-115.0,False,True,False,False,False,False,False,False,False,False,False,False,False,False,False,False,False,False,False,False,False,False,False,False,False,False,False,False,False,False,False,False,False,False,False,False,False,False,False,False,False,False,False,False,False,False,False,False,False,False,False,False,False,False,False,False,False,False,False,False,False,False,False,False,False,False,False,False,False,False,True,False,False,False,False,False,False,False,False,False,False,False,False,False,False,False,False,False,False,False,False,False,False,False,True,False,False,False,False,False,False,False,False,False,False,True,False,False,True,False,False
326,True,0.6812956432103018,27.955139693093145,228.77667568539096,91.81115800914306,2.335965351059049,0.7410517496883535,7.572919615407289,3.2367101475273663,1.5068932897495628,216.4079954107733,3.1209929610645544,1301.919414760774,False,0.6280717965221285,29.74503870164521,239.03914350213282,97.29621282288011,-5.769849683260821,1.2226854273577255,5.003706933738197,2.805929775060476,1.4276911346573273,203.20510295428303,-4.040895032302557,-115.0,False,False,False,False,False,False,False,False,False,False,False,False,False,False,False,False,False,False,False,False,False,False,True,False,False,False,False,False,False,False,False,False,False,False,False,False,False,False,False,False,False,False,False,False,False,False,False,False,False,False,False,False,False,False,False,False,False,False,True,False,False,False,False,False,False,False,False,False,False,False,False,False,False,False,False,False,False,False,False,False,False,False,False,False,True,False,False,False,False,False,False,False,False,False,False,False,False,False,False,False,False,False,False,False,True,False,False,False,False,True,False
419,False,0.6527847329910887,23.389658212236657,248.0361182650432,61.442410030904995,-0.6105626500885144,0.9215050817174918,3.979077807436437,1.5643593426175937,1.0680755995371258,169.70669268311133,-1.328754064181979,1206.0088428398778,True,0.6851548135291229,32.64977869078432,260.76840209342384,109.26700916447787,4.084371550525834,0.31395303026107996,5.243450284633707,2.2612078060590144,1.974227403733063,245.28952014604724,3.3108707333135294,-115.0,False,False,False,False,False,False,False,False,False,False,False,False,False,False,False,False,False,False,False,False,False,False,False,False,False,False,False,False,False,True,False,False,False,False,False,False,False,False,False,False,False,False,False,False,False,False,False,False,False,False,False,False,False,False,False,False,False,False,False,False,False,False,False,False,False,False,False,False,False,False,False,False,True,False,False,False,False,False,False,False,False,False,False,False,False,False,False,False,False,False,False,False,False,False,False,True,False,False,False,False,False,False,False,False,False,True,False,True,False,False,False
1,True,0.6892857193946837,6.55,79.55,17.95,2.968189978599548,0.0,0.55,0.55,0.44999999999999996,59.1,11.473047506809234,1373.2500000000002,False,0.6680205320843179,28.649902089696038,204.82310841900815,97.94769813672079,0.8634813231655009,0.40129422628900724,4.704105043699123,2.4057048949661413,1.2076470965564052,208.98907497905884,2.0056978297481693,-115.0,False,False,False,False,False,False,False,False,False,False,False,False,False,False,False,False,False,False,False,False,False,False,False,False,False,False,False,False,False,False,False,False,False,False,False,False,False,False,False,False,False,False,False,False,False,True,False,False,False,False,False,False,False,False,False,False,False,False,False,False,False,False,False,False,False,False,False,False,False,False,False,False,False,False,False,True,False,False,False,False,False,False,False,False,False,False,False,False,False,False,False,False,False,False,False,False,False,False,False,False,False,False,False,False,False,True,False,False,True,False,False
427,False,0.6169451982205714,33.430843917949446,281.6596149862469,99.7870826312098,-0.25460393147142607,0.3479360525651103,3.8055845533134005,1.4271672818422925,1.4175678489726953,234.43953667121824,-1.9655655936770389,1131.3702084615,True,0.6855976832250738,37.2032150366125,265.08272002571414,127.08245396879171,-0.6628560343935705,1.0191184522137255,6.6742842274183145,2.8595073050013453,1.6210401853274374,268.0904235572129,-0.3210106256409923,-115.0,False,False,False,False,False,False,False,False,False,False,False,False,False,False,False,False,False,False,False,False,False,False,False,False,False,False,False,False,False,False,True,False,False,False,False,False,False,False,False,False,False,False,True,False,False,False,False,False,False,False,False,False,False,False,False,False,False,False,False,False,False,False,False,False,False,False,False,False,False,False,False,False,False,False,False,False,False,False,False,False,False,False,False,False,False,True,False,False,False,False,False,False,False,False,False,False,False,False,False,False,False,False,False,False,False,False,False,False,True,False,False
181,True,0.7437467382133374,29.25976202270876,289.32629893978634,103.31367007682232,11.984812937995473,0.5314099766265535,5.192592415950571,2.4564919659620106,2.1728552502450373,270.67678090785915,12.562550172692601,1234.4127798042903,False,0.7324953211978436,32.96135992275111,241.64462266531132,136.73346022802363,2.6426692068283266,0.9125511713370218,4.725207059499409,2.8305265932878934,1.9663442695320152,254.52989675708602,6.291236741595435,-115.0,False,False,False,False,False,False,False,False,False,False,False,False,True,False,False,False,False,False,False,False,False,False,False,False,False,False,False,False,False,False,False,False,False,False,False,False,False,False,False,False,False,False,False,False,False,False,False,False,False,False,False,False,False,False,False,False,False,False,False,False,False,False,True,False,False,False,False,False,False,False,False,False,False,False,False,False,False,False,False,False,False,False,False,False,False,False,False,False,False,False,False,True,False,False,False,False,False,False,False,False,False,False,False,False,False,True,False,True,False,False,False
165,False,0.6639077868686046,30.628930970004546,239.8587339984185,104.31797600480877,2.148684312985176,0.6022244122751346,5.595713535109499,2.214073860395764,1.7245693481472502,242.29462011241546,-0.020975685362729275,1061.1564019448097,True,0.638077897834766,37.42790917069035,301.86007844409477,101.54568944525063,-6.69045108670128,0.6257850863777514,5.752989283560156,2.6025393968939956,1.4762237890618828,232.58914009404657,-1.1715922515651822,-115.0,False,False,False,False,False,False,False,False,False,False,False,True,False,False,False,False,False,False,False,False,False,False,False,False,False,False,False,False,False,False,False,False,False,False,False,False,False,False,False,False,False,False,False,False,False,False,False,False,False,False,False,False,False,False,True,False,False,False,False,False,False,False,False,False,False,False,False,False,False,False,False,False,False,False,False,False,False,False,False,False,False,False,False,False,False,False,True,False,False,False,False,False,False,False,False,False,False,False,False,False,False,False,False,False,False,True,False,False,True,False,False
119,False,0.6147115970350112,33.29064524074423,239.81325918251747,98.53106633424221,-5.119242370628304,0.25024959258614177,5.81594583248126,2.766007707885977,1.3964374672834632,201.0284354958884,-1.0801520452083102,1163.138834363798,True,0.6396929919207697,35.92531330297789,303.4563195595728,91.35354610001295,-6.6324631648420125,1.3571324330117094,5.580859414619096,2.1433823497726596,1.1138244846687393,225.15602405279967,-2.418910455838101,-118.0,False,False,False,False,False,False,False,True,False,False,False,False,False,False,False,False,False,False,False,False,False,False,False,False,False,False,False,False,False,False,False,False,False,False,False,False,False,False,False,False,False,False,False,False,False,False,False,False,False,False,False,False,False,False,False,False,False,False,False,False,False,False,False,False,False,False,False,False,False,False,False,True,False,False,False,False,False,False,False,False,False,False,False,False,False,False,True,False,False,False,False,False,False,False,False,False,False,False,False,False,False,False,False,False,False,True,False,False,True,False,False
364,True,0.6090371220610862,21.00996677740864,218.08305647840535,45.37873754152824,-11.532984524470232,1.3289036544850499,7.923588039867108,4.790697674418604,1.3421926910299002,147.93355481727576,-4.581144990640819,769.1428571428571,False,0.6776012229526771,34.33528510764628,268.60653221391397,108.42347923277842,2.5246129695627,0.5105768511055871,4.185478336032673,1.7703024452700222,1.3291995818858353,245.54554669222065,4.318017521618963,-115.0,False,False,False,False,False,False,False,False,False,False,False,False,False,False,False,False,False,False,False,False,False,False,False,False,False,True,False,False,False,False,False,False,False,False,False,False,False,False,False,False,False,False,False,False,False,False,False,False,False,False,False,False,False,False,False,False,False,False,False,False,False,True,False,False,False,False,False,False,False,False,False,False,False,False,True,False,False,False,False,False,False,False,False,False,False,False,False,False,False,False,False,False,False,False,False,False,False,False,False,False,False,False,False,False,True,False,False,False,False,False,True
80,True,0.6654726223249648,26.866086083269824,186.50419090161924,106.88725999149126,2.2813333154957904,0.5671875588106854,4.1692619837626115,1.8005333186052077,1.5287992984480112,197.02796691179736,2.6093910889829837,1128.9685344022114,False,0.6914070469467924,33.61741527731405,279.866289372389,137.65634543239335,4.1130245263047165,0.7899161345943433,4.865294190156595,2.044000377236109,1.8415980898275124,274.54633063034345,2.8790628140078516,-115.0,False,False,False,False,True,False,False,False,False,False,False,False,False,False,False,False,False,False,False,False,False,False,False,False,False,False,False,False,False,False,False,False,False,False,False,False,False,False,False,False,False,False,False,False,False,True,False,False,False,False,False,False,False,False,False,False,False,False,False,False,False,False,False,False,False,False,False,False,False,False,False,False,False,False,False,False,False,False,False,False,False,False,False,False,False,False,False,False,False,False,False,False,False,False,False,False,False,False,False,False,False,True,False,False,False,True,False,False,True,False,False
111,True,0.6164563140123493,33.899340747323485,273.8261172119948,98.18305726808885,-10.04907691726376,0.8759128365435356,6.637814723718387,4.217546028256255,0.7176038291735976,220.69579862865544,-4.384183693873578,1105.774798566547,False,0.6507203541995052,30.27596206679141,227.47440217550468,113.73078274210691,-1.0732428278941144,0.8674103897748869,5.406636668291046,2.7477633386911973,1.21102984349913,208.06460629105376,-2.7933421459330154,-115.0,False,False,False,False,False,False,False,True,False,False,False,False,False,False,False,False,False,False,False,False,False,False,False,False,False,False,False,False,False,False,False,False,False,False,False,False,False,False,False,False,False,False,False,False,False,False,False,False,False,False,False,False,False,False,False,False,False,False,False,False,False,False,False,False,False,False,False,False,False,False,False,True,False,False,False,False,False,False,False,False,False,False,False,False,False,False,False,False,False,True,False,False,False,False,False,False,False,False,False,False,False,False,False,False,False,True,False,False,True,False,False
438,True,0.6630802944160294,34.155270989884386,320.5435006945634,90.62750906169545,7.432811545153156,0.1963275531715356,4.456201431400357,1.364709081118445,2.7467257318690264,256.97796017764176,2.1823459755015455,1139.2674959171536,False,0.6657228502134113,28.12179316299486,237.3330580196256,100.44387174982151,2.6807273554633513,0.5321936809456276,4.1925139015014725,1.9650876764738383,1.4059454911935823,208.36758796313558,0.14761372467758713,-115.0,False,False,False,False,False,False,False,False,False,False,False,False,False,False,False,False,False,False,False,False,False,False,False,False,False,False,False,False,False,False,False,True,False,False,False,False,False,False,False,False,False,False,False,False,False,False,False,False,False,False,False,False,False,False,False,False,False,True,False,False,False,False,False,False,False,False,False,False,False,False,False,False,False,False,False,False,False,False,False,False,False,False,False,False,False,False,False,False,False,False,False,False,False,False,True,False,False,False,False,False,False,False,False,False,True,False,False,False,False,True,False
439,False,0.682854946326139,33.66493645284725,320.1923468479996,93.89732001511162,8.435181798323931,0.15166208866901215,4.352413407197714,1.509240826804122,3.031851667739173,262.4430900059868,4.57057257097683,1217.695801955915,True,0.6977079432675675,33.56302006829451,274.27382414481036,100.12466044773208,5.20253665213883,0.1939835979049975,2.8359487673079364,1.276718290816464,1.8002770221542197,238.5000021638641,2.8048725928075213,-115.0,False,False,False,False,False,False,False,False,False,False,False,False,False,False,False,False,False,False,False,False,False,False,False,False,False,False,False,False,False,False,False,True,False,False,False,False,False,False,False,False,False,False,False,False,False,False,False,False,False,False,False,False,False,False,False,False,False,True,False,False,False,False,False,False,False,False,False,False,False,False,False,False,False,False,False,False,False,False,False,False,False,False,False,False,False,False,False,False,False,False,False,False,False,False,False,False,False,False,False,False,True,False,False,False,False,True,False,False,True,False,False
74,False,0.6415413299250998,28.979009129499183,187.36966358323969,95.89088806043335,-1.9859602289776044,0.5913685081312131,5.6573681455137805,1.4993021722634114,1.6243162328700327,177.3949071156667,2.0331283975323564,1178.243672931044,True,0.6862863590289011,36.28553823216746,256.1367274110628,100.35689021225002,0.022271567669404923,0.3223399293017255,6.644635290012853,2.897550277482749,1.7471819889277482,229.23198028335466,4.088972373760502,-115.0,False,False,False,False,True,False,False,False,False,False,False,False,False,False,False,False,False,False,False,False,False,False,False,False,False,False,False,False,False,False,False,False,False,False,False,False,False,False,False,False,False,False,False,False,False,True,False,False,False,False,False,False,False,False,False,False,False,False,False,False,False,False,False,False,False,False,False,False,False,False,False,False,False,False,False,False,False,False,False,False,False,False,False,True,False,False,False,False,False,False,False,False,False,False,False,False,False,False,False,False,False,False,False,False,False,True,False,False,True,False,False
62,True,0.682543897235635,30.038685515970272,235.83261112527202,89.49834316974177,3.3278166528603688,1.2763867375149507,4.321758396894179,0.7651222525048529,1.6702221525068135,216.21346640261956,5.6671714307710195,1198.139310993902,False,0.6575192783735727,31.152410973062775,256.2524921352023,130.438659821019,4.19425496275938,0.4161581406790128,6.506277983952799,2.651672608712798,1.961541953211106,260.03207689510185,3.329251754885734,-115.0,False,False,False,True,False,False,False,False,False,False,False,False,False,False,False,False,False,False,False,False,False,False,False,False,False,False,False,False,False,False,False,False,False,False,False,False,False,False,False,False,False,False,False,False,False,False,False,False,False,False,False,False,False,False,False,False,False,False,False,False,False,False,False,False,False,False,False,False,False,True,False,False,False,False,False,False,False,False,False,False,False,False,False,False,False,False,False,False,False,False,False,False,False,False,False,False,False,False,False,False,False,False,True,False,False,True,False,False,True,False,False
459,False,0.7107864346076102,34.239545715844116,251.01078093930988,150.64169260372412,11.475371652965158,0.6478638994453169,5.05696595034468,1.8424978588793697,2.4377353598250124,273.40543154671565,5.29007809563115,1390.3535325688501,True,0.6730444693181827,27.622647164296755,203.03708870646122,89.41175302095337,-1.631858814649038,0.5101498215091879,5.303358672117464,3.241031277699571,0.9880748971825132,202.80924316468452,2.313427878963657,-115.0,False,False,False,False,False,False,False,False,False,False,False,False,False,False,False,False,False,False,False,False,False,False,False,False,False,False,False,False,False,False,False,False,True,False,False,False,False,False,False,False,False,False,False,False,False,False,False,False,False,False,False,False,False,False,False,False,True,False,False,False,False,False,False,False,False,False,False,False,False,False,False,False,False,False,False,True,False,False,False,False,False,False,False,False,False,False,False,False,False,False,False,False,False,False,False,False,False,False,False,False,False,False,False,False,False,True,False,False,False,False,False
224,False,0.7228567390773243,28.645261857610635,215.0466069292759,121.09086096351051,6.513306127249293,0.5219505499892159,3.8771788788455126,1.6619281974863238,1.8777082802297993,236.60796847120645,4.98493933521068,1236.1281935648321,True,0.6531194160728255,28.768424576494823,255.0666909845795,78.41763033258202,0.3668572149012334,0.7550041455432026,4.558493321952552,2.465493122160253,1.6961477683156216,191.64687010077694,-0.7357092255082385,-115.0,False,False,False,False,False,False,False,False,False,False,False,False,False,False,False,False,True,False,False,False,False,False,False,False,False,False,False,False,False,False,False,False,False,False,False,False,False,False,False,False,False,False,False,False,True,False,False,False,False,False,False,False,False,False,False,False,False,False,False,False,False,False,False,False,False,False,False,False,False,False,False,False,False,True,False,False,False,False,False,False,False,False,False,False,False,False,False,False,False,False,False,False,False,False,False,False,False,False,False,False,False,False,False,False,False,False,False,True,False,False,False
212,True,0.7082010541998018,24.898963167127334,159.65718425250142,104.26341504285645,-4.939779219637313,1.2530099899334899,4.792288762083111,2.3745523898542746,0.8573251373994998,175.94231839306892,-1.290360211697251,1027.1795429632973,False,0.6423318181968384,34.25677318580925,332.67583690663525,104.363779756593,2.4707949864537944,0.8809855195892099,4.389789447859346,1.1925955123571075,2.1884420981253765,255.04922354800755,0.9328790161843515,-115.0,False,False,False,False,False,False,False,False,False,False,False,False,False,False,False,True,False,False,False,False,False,False,False,False,False,False,False,False,False,False,False,False,False,False,False,False,False,False,False,False,False,False,False,False,False,False,False,False,False,False,False,False,False,False,False,False,False,False,False,True,False,False,False,False,False,False,False,False,False,False,False,False,False,False,False,False,False,False,False,False,False,False,False,False,False,False,True,False,False,False,False,False,False,False,False,False,False,False,False,False,False,False,False,False,True,False,False,False,True,False,False
227,False,0.7277638743948625,25.540622381972188,188.902300829083,119.45442603724102,5.352372136837938,0.5311501763797737,4.106505912948619,2.3853551901978234,1.5332731430156508,222.56471924701668,3.825020553169529,1121.366891690584,True,0.7259490116082125,28.387621414062615,203.1367096691193,104.80268362291189,3.555244344693299,0.19345321328547954,4.299243415307975,1.9096648427887837,1.7337601446382902,206.17147690434118,6.491516552330853,-115.0,False,False,False,False,False,False,False,False,False,False,False,False,False,False,False,False,True,False,False,False,False,False,False,False,False,False,False,False,False,False,False,False,False,False,False,False,False,False,False,False,False,False,False,False,True,False,False,False,False,False,False,False,False,False,False,False,False,False,False,False,False,False,False,False,False,False,False,False,False,False,False,False,False,False,False,False,False,False,False,False,False,False,False,False,False,False,False,False,False,False,False,True,False,False,False,False,False,False,False,False,False,False,False,False,False,True,False,False,True,False,False
110,False,0.6180305127349633,33.28068303196597,257.87155889180525,97.3534494425471,-10.544107620212424,0.8393683655869255,6.8256552786747635,4.281614738426471,0.6344363332331806,209.4149639674428,-3.568439795735021,1006.459799042478,True,0.6943584407469103,38.06900023987793,295.1235694211286,127.19724605214566,1.91832470689523,1.3001646014550718,7.822078907624891,2.5679059741378114,1.9277266966002466,287.7893981533675,1.829416421338688,-115.0,False,False,False,False,False,False,False,True,False,False,False,False,False,False,False,False,False,False,False,False,False,False,False,False,False,False,False,False,False,False,False,False,False,False,False,False,False,False,False,False,False,False,False,False,False,False,False,False,False,False,False,False,False,False,False,False,False,False,False,False,False,False,False,False,False,False,False,False,False,False,False,True,False,False,False,False,False,False,False,False,False,False,False,False,False,True,False,False,False,False,False,False,False,False,False,False,False,False,False,False,False,False,False,False,False,False,False,True,False,False,False
310,False,0.6743017685419689,37.75413710543847,246.69717664041187,148.62079488150493,7.508069431256964,0.22678130758689694,7.423050142581863,2.138469212476955,2.207761281414996,298.9281286846362,-0.07322716712154734,1127.035527938745,True,0.6067139269025922,25.74772469819814,179.2723039383123,87.97880512240125,-5.068215884790762,0.543889104766538,5.7832502976229305,2.8322783033128855,0.509880886543448,167.7572990721148,-7.713019516363051,-115.0,False,False,False,False,False,False,False,False,False,False,False,False,False,False,False,False,False,False,False,False,False,True,False,False,False,False,False,False,False,False,False,False,False,False,False,False,False,False,False,False,False,False,False,False,False,False,False,False,False,False,False,True,False,False,False,False,False,False,False,False,False,False,False,False,False,False,False,False,False,False,False,False,False,False,False,False,False,False,False,False,False,False,False,False,False,False,False,False,False,False,False,False,True,False,False,False,False,False,False,False,False,False,False,False,True,False,False,False,False,False,True
232,False,0.7285297687887421,27.751606928217196,185.21369306267073,130.67728194885976,5.798099833478964,0.8943147798725671,4.609278695092883,2.6582701233376573,1.7327802995649042,233.64602611272548,2.9899542219238135,1246.7288407853146,True,0.6494454875205959,31.640782742758837,246.0786264576954,85.29291924984325,-4.456551628677502,0.46279546549045786,5.099012891263941,1.7681384806980487,1.5459473070317988,194.39553964231936,0.22161934328387595,-115.0,False,False,False,False,False,False,False,False,False,False,False,False,False,False,False,False,True,False,False,False,False,False,False,False,False,False,False,False,False,False,False,False,False,False,False,False,False,False,False,False,False,False,False,False,True,False,False,False,False,False,False,False,False,False,False,False,False,False,False,False,False,False,False,False,False,False,False,False,False,False,False,False,False,False,False,False,False,False,False,False,False,False,False,False,False,False,False,False,False,False,False,False,False,True,False,False,False,False,False,False,False,False,False,False,False,True,False,True,False,False,False
392,False,0.7450060571928319,23.25799494127566,204.9748632379757,84.72994647163782,6.479083424561051,0.23487774749514714,4.854100899982353,3.3529734711084096,2.84590498225525,210.6995745181467,11.522213618434325,913.4409913531107,True,0.7141332954553569,29.085084192414914,216.36918834511914,104.67769575673803,1.9734524236575666,0.4833930534825625,6.240046608200669,2.911323409423741,1.8551769885407534,235.36682707256574,2.8972514520740194,-115.0,False,False,False,False,False,False,False,False,False,False,False,False,False,False,False,False,False,False,False,False,False,False,False,False,False,False,False,True,False,False,False,False,False,False,False,False,False,False,False,False,False,False,False,True,False,False,False,False,False,False,False,False,False,False,False,False,False,False,False,False,False,False,False,False,False,False,False,False,False,False,False,False,False,False,False,False,False,False,False,False,False,False,False,False,False,False,False,False,False,False,False,False,True,False,False,False,False,False,False,False,False,False,False,False,True,False,False,False,False,False,True
544,False,0.698696371647033,31.311534046855375,269.78117721952526,115.38428276285858,2.4844370682100925,0.37993688652139185,4.829649085463496,3.007492042298197,1.098439284150124,251.15321169977148,3.260880752922399,1066.6415343451988,True,0.6321376268249099,32.431702367250324,313.61399402695355,101.87882541528323,0.2321603571350445,1.1956935246384943,5.3199339382882,3.307322549038231,1.7294552867182358,243.78807406623758,-2.7810907003973235,-115.0,False,False,False,False,False,False,False,False,False,False,False,False,False,False,False,False,False,False,False,False,False,False,False,False,False,False,False,False,False,False,False,False,False,False,False,False,False,False,False,True,False,False,False,False,False,False,False,False,False,False,False,False,False,False,False,False,False,False,False,False,False,False,False,True,False,False,False,False,False,False,False,False,False,True,False,False,False,False,False,False,False,False,False,False,False,False,False,False,False,False,False,False,False,False,False,False,False,False,False,False,False,False,False,False,False,False,False,True,False,False,False
529,True,0.6314077439516366,29.295735929708925,265.0920348359455,88.67870888958312,-2.0726334886524613,0.9806886511125593,4.835577241168439,2.8984729768897126,1.5180327500271928,218.49811198427113,-2.829182084534288,1169.7244168213863,False,0.6411852199628728,36.660513720278374,303.7290029291853,127.75440191078073,1.3027445542168015,0.8887583408443318,6.119874682034524,2.889993106946642,1.009570469649663,270.92405617821805,-0.8942836588799099,-118.0,False,False,False,False,False,False,False,False,False,False,False,False,False,False,False,False,False,False,False,False,False,False,False,False,False,False,False,False,False,False,False,False,False,False,False,False,False,False,True,False,False,False,False,False,False,False,False,False,False,False,False,False,False,False,False,True,False,False,False,False,False,False,False,False,False,False,False,False,False,False,False,False,False,False,False,False,False,False,False,False,False,False,False,False,False,True,False,False,False,False,False,False,False,False,False,False,False,False,False,False,False,False,False,False,False,True,False,False,True,False,False
130,False,0.6165999354455591,29.60729284262813,247.9529061703706,118.53100506402606,2.8356350963940002,0.55,3.13024868561107,1.7271731767893432,1.2834354739863882,221.57284940167082,-5.3329749258238275,1008.6147308325,True,0.6833814997734022,32.747771580558016,258.757906146711,95.89186403908874,4.241857315226351,0.26888640720711143,4.5486775143204135,1.8790937762675641,1.9855944371381005,232.58038456492224,5.499046760496026,-115.0,False,False,False,False,False,False,False,False,False,True,False,False,False,False,False,False,False,False,False,False,False,False,False,False,False,False,False,False,False,False,False,False,False,False,False,False,False,False,False,False,False,False,False,False,False,False,True,False,False,False,False,False,False,False,False,False,False,False,False,False,False,False,False,False,False,False,False,False,False,False,False,False,False,False,True,False,False,False,False,False,False,False,False,False,False,False,False,False,False,False,False,False,False,False,False,False,False,False,False,False,False,False,False,False,False,True,False,False,True,False,False
255,False,0.5506394515401897,28.95681063122924,223.89036544850498,57.588039867109636,2.443593450954982,0.0,6.01328903654485,1.867109634551495,1.4019933554817277,160.32558139534885,-3.187643305407806,1196.6710963455148,True,0.5929403268819505,26.639497379119405,213.55247127324773,83.6594904976329,-4.031491976583948,0.7712205252391854,4.608130506670955,1.7362801591848662,0.9806759014456926,177.0462213810001,-5.886433125855357,-115.0,False,False,False,False,False,False,False,False,False,False,False,False,False,False,False,False,False,False,True,False,False,False,False,False,False,False,False,False,False,False,False,False,False,False,False,False,False,False,False,False,False,False,False,False,False,False,False,True,False,False,False,False,False,False,False,False,False,False,False,False,False,False,False,False,False,False,False,False,False,False,False,False,False,False,False,True,False,False,False,False,False,False,False,False,False,False,False,False,False,False,False,False,False,False,False,False,False,False,False,False,False,False,False,False,False,True,False,False,False,False,False
436,False,0.6777773507319091,37.51210760573322,334.45614791866825,111.31111154683244,9.12512382924614,0.34940491362914455,5.513636987510049,1.7270445677535735,2.3933060136075763,315.7894355012647,1.8273915574704007,1167.9352561714477,True,0.6899449120172231,34.24727637623758,265.37077417931346,103.20116715888624,4.97128238019717,0.3286389421420251,5.115050295280506,1.8522257265492452,2.2046154231687893,244.04269224601606,6.565218794639661,-115.0,False,False,False,False,False,False,False,False,False,False,False,False,False,False,False,False,False,False,False,False,False,False,False,False,False,False,False,False,False,False,False,True,False,False,False,False,False,False,False,False,False,False,False,False,False,False,False,False,False,False,False,False,False,False,False,False,False,True,False,False,False,False,False,False,False,False,False,False,False,False,False,False,False,False,True,False,False,False,False,False,False,False,False,False,False,False,False,False,False,False,False,False,False,False,False,False,False,False,False,False,False,False,False,False,False,True,False,False,True,False,False
531,True,0.6187010604225953,29.433961311307304,278.81281879923023,86.58280669393295,0.5808190111258282,0.7882096240720292,3.8865021177808794,2.329591856605424,1.6126281011969277,223.50334844478834,-3.079452083473075,1120.514923318697,False,0.6251355892952121,28.780319121492884,198.19190283753474,112.30638071611513,3.227767416878168,0.05485004346637012,3.956916093354398,1.7036744556514218,1.2262067583355718,195.39625771220582,-2.1626279106699315,-118.0,False,False,False,False,False,False,False,False,False,False,False,False,False,False,False,False,False,False,False,False,False,False,False,False,False,False,False,False,False,False,False,False,False,False,False,False,False,False,True,False,False,False,False,False,False,False,False,False,False,False,False,False,False,False,False,True,False,False,False,False,False,False,False,False,False,False,False,False,False,False,False,False,False,False,False,False,False,False,False,False,False,False,False,False,False,False,False,False,False,False,False,False,False,False,False,False,True,False,False,False,False,False,False,False,False,True,False,False,True,False,False
160,True,0.7232681047466367,30.23760718194704,260.67219764799205,116.76104640020587,8.611095764187715,0.4611004391805825,4.524743607303545,0.8626919026275619,1.5994124672661598,252.16460029588822,3.8044803502189906,1027.2995901443683,False,0.7629444404794266,26.954571318076802,176.07661663200824,100.98828398859737,4.930395551412112,0.5095683845609442,4.568056155865663,2.109626051365727,1.3754475551803864,214.3396918498261,7.6937868506343845,-115.0,False,False,False,False,False,False,False,False,False,False,False,True,False,False,False,False,False,False,False,False,False,False,False,False,False,False,False,False,False,False,False,False,False,False,False,False,False,False,False,False,False,False,False,False,False,False,False,False,False,False,False,False,False,False,True,False,False,False,False,False,False,False,False,False,False,False,False,False,False,False,False,False,False,False,False,False,False,False,False,False,False,False,False,False,False,False,False,False,False,False,False,False,False,False,False,False,False,False,False,False,False,False,True,False,False,False,False,True,False,False,False
193,False,0.7160039440138369,37.28689633536597,279.64524225015197,122.01501931334681,10.045558007099435,0.5415776161251741,4.375208329248446,1.37799258838062,2.359561577223977,272.1436050273524,5.339755059300957,1246.0804494029526,True,0.6929467599446322,30.529074679108952,240.51005884045418,101.56818552159177,5.254278229366674,0.6335514996916517,2.8813841094672226,1.577685335744356,1.8553099917312672,229.78228548894282,4.455429530504849,-115.0,False,False,False,False,False,False,False,False,False,False,False,False,False,False,True,False,False,False,False,False,False,False,False,False,False,False,False,False,False,False,False,False,False,False,False,False,False,False,False,False,False,False,False,False,False,False,False,False,False,True,False,False,False,False,False,False,False,False,False,False,False,False,False,False,False,False,False,False,False,False,False,False,False,False,False,False,True,False,False,False,False,False,False,False,False,False,False,False,False,False,False,False,False,False,False,False,False,False,False,False,False,False,False,False,False,True,False,False,True,False,False
94,True,0.7036073494969538,34.44917663671922,283.0426381520058,109.53313141372786,4.058812840654484,0.7263533240362177,4.493379511516506,1.8758609273730058,1.7845623992379864,245.78608278096291,2.694323682380006,1354.1129264954334,False,0.5951391095136088,31.56899244403512,279.1726573343562,97.93997358815318,-1.7550335962309402,0.7147620768621642,8.527603790039601,4.278814342057604,1.2574780059627402,225.51566379945928,-5.055109296874191,-115.0,False,False,False,False,False,False,True,False,False,False,False,False,False,False,False,False,False,False,False,False,False,False,False,False,False,False,False,False,False,False,False,False,False,False,False,False,False,False,False,False,False,False,False,False,False,False,False,False,False,False,False,False,False,True,False,False,False,False,False,False,False,False,False,False,False,False,False,False,False,False,False,False,False,False,False,False,False,False,False,False,False,True,False,False,False,False,False,False,False,False,False,False,False,False,False,False,False,False,False,False,False,False,False,False,False,False,True,False,False,False,False
118,True,0.6356810708927997,31.722379749031134,208.68177529583681,102.39508929970663,-4.308726960996231,0.3087437122817357,5.5391813211581615,2.4775705036834905,1.255358879831441,189.3479262679926,-1.2643335887237983,1166.2099464563064,False,0.6398860794540147,27.331566953613557,211.44926080769088,95.9808273258018,-4.5384853289402,0.6818777275551606,4.533704457304275,2.9707978361177414,0.9966765160560592,179.8621793708512,-1.7305419035981162,-115.0,False,False,False,False,False,False,False,True,False,False,False,False,False,False,False,False,False,False,False,False,False,False,False,False,False,False,False,False,False,False,False,False,False,False,False,False,False,False,False,False,False,False,False,False,False,False,False,False,False,False,False,False,False,False,False,False,False,False,False,False,False,False,False,False,False,False,False,False,False,False,False,True,False,False,False,False,False,False,False,False,False,False,False,False,False,False,False,False,False,False,False,False,False,False,True,False,False,False,False,False,False,False,False,False,False,True,False,False,True,False,False
426,False,0.6240404707215291,32.29780343837693,274.5675853949618,114.63979776150697,-1.52347617952246,0.4583895106925136,3.743866722575235,1.5627729574557299,0.9152194948875916,238.7059623262265,-4.088478694547166,1121.9641325033062,True,0.7012279398806188,30.925531363851274,229.3960417558012,110.13588609640311,-2.673497025589322,0.8565034549730519,3.762792344509627,1.9955709741892576,1.501369366877987,219.57194965088607,3.2292694427303807,-115.0,False,False,False,False,False,False,False,False,False,False,False,False,False,False,False,False,False,False,False,False,False,False,False,False,False,False,False,False,False,False,True,False,False,False,False,False,False,False,False,False,False,False,True,False,False,False,False,False,False,False,False,False,False,False,False,False,False,False,False,False,False,False,False,False,False,False,False,False,False,False,False,False,False,False,False,False,False,False,False,False,False,False,False,False,False,False,False,False,False,False,False,False,False,True,False,False,False,False,False,False,False,False,False,False,False,True,False,True,False,False,False
444,True,0.6765257360449672,31.682840566441186,258.1471755113187,103.61432740160924,7.181735932286032,0.3691398645906591,3.422739329794734,1.0178935200958965,2.829945866972919,251.6568066207481,2.56516583482103,1071.6793536181156,False,0.6203864293652507,33.77684413621163,363.85415222715505,89.38408924180095,2.1924022240423118,0.8345077681891595,6.0985948494148206,2.5057261789861864,1.9904891831444547,265.77860456879057,-0.22774073234521444,-115.0,False,False,False,False,False,False,False,False,False,False,False,False,False,False,False,False,False,False,False,False,False,False,False,False,False,False,False,False,False,False,False,True,False,False,False,False,False,False,False,False,False,False,False,False,False,False,False,False,False,False,False,False,False,False,False,False,False,True,False,False,False,False,False,False,False,False,False,False,False,False,False,False,False,False,False,False,False,False,False,False,False,False,True,False,False,False,False,False,False,False,False,False,False,False,False,False,False,False,False,False,False,False,False,False,True,False,False,False,False,True,False
161,False,0.7234659878726788,29.9560455836877,260.06425980502496,115.22287576083333,9.801337628160299,0.3561978670982842,4.632866727032104,1.348939795050159,1.9180528807762394,256.6772493207721,5.985717261783231,1016.08369579836,True,0.7069341709860165,38.439614782650686,253.11145221504648,147.81845533291335,7.002565937426926,0.5781992305416084,7.31180890731278,2.7283837898205485,1.987850049198895,291.2600443031203,5.011927647836384,-115.0,False,False,False,False,False,False,False,False,False,False,False,True,False,False,False,False,False,False,False,False,False,False,False,False,False,False,False,False,False,False,False,False,False,False,False,False,False,False,False,False,False,False,False,False,False,False,False,False,False,False,False,False,False,False,True,False,False,False,False,False,False,False,False,False,False,False,False,False,False,False,False,False,False,False,False,False,False,False,False,False,False,False,False,False,False,False,False,False,False,False,False,False,False,False,False,False,False,False,True,False,False,False,False,False,False,True,False,False,True,False,False
553,True,0.6985296131136836,29.495012367761262,198.86530347932748,107.86778007949572,-0.42741532522899245,1.2180265279078346,2.8674453629795673,1.8333061326600253,1.5642436556427706,202.67732831327845,-0.2828419265030359,1238.9226214386458,False,0.6333173781861431,28.600347679879164,255.7576180325592,84.79143428987094,-1.6411064664550146,0.5992134903256993,6.884566186277926,3.197207409026922,0.8084249158766016,211.3893807711055,1.0946653161924318,-115.0,False,False,False,False,False,False,False,False,False,False,False,False,False,False,False,False,False,False,False,False,False,False,False,False,False,False,False,False,False,False,False,False,False,False,False,False,False,False,False,False,True,False,False,False,False,False,False,False,False,False,False,False,False,False,False,False,False,False,False,False,True,False,False,False,False,False,False,False,False,False,False,False,False,False,False,True,False,False,False,False,False,False,False,False,False,False,False,False,False,False,False,False,False,False,False,False,False,False,False,False,False,False,False,False,False,True,False,False,True,False,False
353,True,0.7234669416958095,31.26092867875455,217.05572706359717,153.90222808418983,11.813354386546546,0.2692838414488593,3.7217262113238117,1.2070239513847811,1.9065027806337265,267.4359264106954,7.288272034707722,1338.9430003749949,False,0.6540797703539544,29.80142407293045,236.05547174657482,102.79429545096953,4.560952963607586,0.6445221962999353,3.5240638736300562,2.1203099998179087,1.5631262088445481,216.84394148868466,-0.052165361349223525,-115.0,False,False,False,False,False,False,False,False,False,False,False,False,False,False,False,False,False,False,False,False,False,False,False,False,True,False,False,False,False,False,False,False,False,False,False,False,False,False,False,False,False,False,False,False,False,False,False,False,False,False,False,False,True,False,False,False,False,False,False,False,False,False,False,False,False,False,False,False,False,False,False,False,False,False,False,False,True,False,False,False,False,False,False,False,False,False,False,False,False,False,False,False,False,False,False,False,False,False,False,False,False,False,False,False,False,True,False,False,True,False,False
363,False,0.6263157933950424,19.0,191.25000000000003,53.699999999999996,-14.298936986923218,1.55,7.199999999999999,4.6499999999999995,0.8999999999999999,151.25,-7.578084087371826,657.65,True,0.6457181482224889,35.23446210358479,319.92093905756417,114.44852866318959,-4.042738595276084,0.9416989210861709,6.140796043256293,2.9303775496639286,1.8407932541534686,245.71363234769473,-0.8128268124331686,-115.0,False,False,False,False,False,False,False,False,False,False,False,False,False,False,False,False,False,False,False,False,False,False,False,False,False,True,False,False,False,False,False,False,False,False,False,False,False,False,False,False,False,False,False,False,False,False,False,False,False,False,False,False,False,False,False,False,False,False,False,False,False,True,False,False,False,False,False,False,False,False,False,False,False,False,False,False,False,False,False,False,False,False,True,False,False,False,False,False,False,False,False,False,False,False,False,False,False,False,False,False,False,False,False,False,True,False,False,True,False,False,False
302,True,0.7516088777551873,27.849521381711163,176.01594673413766,138.05469266540274,4.752971358615018,0.44521980859620947,6.325783201291713,2.095339957924953,2.0051216652219552,229.46480754276908,8.530541793364929,1109.0732328078734,False,0.7226794299623023,27.32621401295156,209.1178968662567,96.60607259156869,1.4944841951243844,0.5908137320342431,5.182279187800816,2.4471730559623497,1.8229940971053655,224.55945531091368,4.100104514727025,-115.0,False,False,False,False,False,False,False,False,False,False,False,False,False,False,False,False,False,False,False,False,False,True,False,False,False,False,False,False,False,False,False,False,False,False,False,False,False,False,False,False,False,False,False,False,False,False,False,False,False,False,False,True,False,False,False,False,False,False,False,False,False,False,False,False,False,False,False,False,False,False,False,False,False,False,False,False,False,False,False,False,False,False,False,False,False,False,False,False,False,False,False,False,True,False,False,False,False,False,False,False,False,False,False,False,True,False,False,True,False,False,False
141,True,0.5753210436023595,34.292124676821935,301.4951799577028,102.37826817020932,4.754311578613241,0.27372979868871455,4.2342815399935825,1.1137712677275533,1.729917000510214,243.39507380139224,-2.6003583702170228,1145.7680629062247,False,0.6189767338560384,32.01150967340216,318.6293591086371,86.83471153814641,-0.08382416529980354,0.5787799872350842,6.2147826034736315,3.1860814308647107,1.4823941506478642,239.20255652189957,-2.1047110366465627,-115.0,False,False,False,False,False,False,False,False,False,True,False,False,False,False,False,False,False,False,False,False,False,False,False,False,False,False,False,False,False,False,False,False,False,False,False,False,False,False,False,False,False,False,False,False,False,False,True,False,False,False,False,False,False,False,False,False,False,False,False,False,False,False,False,False,False,False,False,False,False,False,False,False,False,False,False,False,False,False,False,False,False,False,True,False,False,False,False,False,False,False,False,False,False,False,False,False,False,False,False,False,False,False,False,False,False,True,False,False,True,False,False
26,True,0.685948856507878,34.063214446775554,284.053646006941,157.5133428756299,8.44697074026611,0.23487774749514714,2.1069782945432443,1.7065743808944924,1.9364718338856102,276.74506382227804,2.666977100041715,1314.6405364600696,False,0.6854483435049246,33.460779884148764,261.726727526927,94.63940765359635,3.6941977400475645,0.100916606756145,2.867112620355966,1.272128104838264,1.8259192015485342,226.81337169351238,1.833380322183048,-115.0,False,True,False,False,False,False,False,False,False,False,False,False,False,False,False,False,False,False,False,False,False,False,False,False,False,False,False,False,False,False,False,False,False,False,False,False,False,False,False,False,False,False,False,False,False,False,False,False,False,False,False,False,False,False,False,False,False,False,False,False,False,False,False,False,False,False,False,False,False,False,True,False,False,False,False,False,False,False,False,False,False,False,False,False,False,False,False,False,False,False,False,False,False,False,False,False,False,False,False,False,True,False,False,False,False,True,False,False,True,False,False
521,True,0.6568928127994618,31.450795082449368,243.6839081586635,100.5385384600302,0.18249987821967373,0.9223544636379679,3.535773808356699,1.4027960236073804,1.1222917197702007,212.48281406246937,-2.043286485653625,1187.6775945569696,False,0.7157698880818628,34.93114511975769,246.63015386096302,143.99581763361672,4.565886150984268,1.0768678157563896,5.834156956609487,2.7927011839537417,1.6330698130334163,256.70609587148977,4.119615326380698,-115.0,False,False,False,False,False,False,False,False,False,False,False,False,False,False,False,False,False,False,False,False,False,False,False,False,False,False,False,False,False,False,False,False,False,False,False,False,False,False,True,False,False,False,False,False,False,False,False,False,False,False,False,False,False,False,False,True,False,False,False,False,False,False,False,False,False,False,False,False,False,False,False,False,False,False,False,False,False,False,False,False,False,False,False,False,False,False,False,False,False,False,False,False,False,False,False,False,False,False,False,True,False,False,False,False,False,True,False,False,True,False,False
8,True,0.7060713842958317,30.00875708861998,203.40924111352666,125.67821619969585,2.86097568192746,0.678972854154207,3.927297244692369,1.5410101139796641,2.318543230023636,216.7429235534169,5.1241279150190735,1091.245936365673,False,0.6792225614271762,37.692818378081945,301.10110225365065,122.43411040630099,0.048048472900073365,1.2455892193723315,7.490791833511274,2.8282867061127552,1.7590491154002015,282.55496212548246,0.1960586531201027,-115.0,True,False,False,False,False,False,False,False,False,False,False,False,False,False,False,False,False,False,False,False,False,False,False,False,False,False,False,False,False,False,False,False,False,False,False,False,False,False,False,False,False,False,False,False,False,False,False,False,False,False,False,False,False,False,False,False,False,False,False,False,False,False,False,False,False,False,False,True,False,False,False,False,False,False,False,False,False,False,False,False,False,False,False,False,False,True,False,False,False,False,False,False,False,False,False,False,False,False,False,False,False,False,False,False,False,True,False,False,True,False,False
530,True,0.6187010604225953,29.433961311307304,278.81281879923023,86.58280669393295,0.5808190111258282,0.7882096240720292,3.8865021177808794,2.329591856605424,1.6126281011969277,223.50334844478834,-3.079452083473075,1120.514923318697,False,0.6251355892952121,28.780319121492884,198.19190283753474,112.30638071611513,3.227767416878168,0.05485004346637012,3.956916093354398,1.7036744556514218,1.2262067583355718,195.39625771220582,-2.1626279106699315,-115.0,False,False,False,False,False,False,False,False,False,False,False,False,False,False,False,False,False,False,False,False,False,False,False,False,False,False,False,False,False,False,False,False,False,False,False,False,False,False,True,False,False,False,False,False,False,False,False,False,False,False,False,False,False,False,False,True,False,False,False,False,False,False,False,False,False,False,False,False,False,False,False,False,False,False,False,False,False,False,False,False,False,False,False,False,False,False,False,False,False,False,False,False,False,False,False,False,True,False,False,False,False,False,False,False,False,True,False,False,True,False,False
132,False,0.630834819204998,31.38863829536618,262.90376329160875,120.08977297781955,2.4174006515179207,0.6584319230652572,3.3398238136282408,1.5519536524321418,0.9741790815985797,236.85624476595197,-2.1471853432789425,1063.6464062449631,True,0.7098106824319727,31.523846727311454,232.1754624111911,143.85092563180237,8.740186470985696,0.9136383660120619,3.742621560701413,1.4030046352993635,2.334639002770391,253.02602836110347,3.8577113250033763,-110.0,False,False,False,False,False,False,False,False,False,True,False,False,False,False,False,False,False,False,False,False,False,False,False,False,False,False,False,False,False,False,False,False,False,False,False,False,False,False,False,False,False,False,False,False,False,False,True,False,False,False,False,False,False,False,False,False,False,False,False,False,False,False,False,False,False,False,False,False,False,False,False,False,False,False,False,False,False,False,True,False,False,False,False,False,False,False,False,False,False,False,False,False,False,False,False,False,False,False,False,False,False,False,False,False,False,True,False,True,False,False,False
99,False,0.6628917809568516,30.805450036171127,257.5044638128939,97.63724260983213,5.3852475354818585,0.330253952159427,4.511695160714839,1.5329413942822514,1.36649599515385,219.0149156095919,1.5906853435016455,1176.1594835423825,True,0.6563132625662547,29.22289766999219,249.39714317172937,97.23950727384866,-1.7724043195946724,1.311658680706974,5.507241845350429,2.637826335505369,1.0081811361706217,205.5697132173426,-1.9064756893624024,-118.0,False,False,False,False,False,False,True,False,False,False,False,False,False,False,False,False,False,False,False,False,False,False,False,False,False,False,False,False,False,False,False,False,False,False,False,False,False,False,False,False,False,False,False,False,False,False,False,False,False,False,False,False,False,True,False,False,False,False,False,False,False,False,False,False,False,False,False,False,False,False,False,False,False,False,False,False,False,False,False,False,False,False,False,False,False,False,False,False,False,True,False,False,False,False,False,False,False,False,False,False,False,False,False,False,True,False,False,False,False,True,False
217,True,0.7166768069588128,30.779778630488817,172.70326299841255,128.56621388086842,-7.909232094673409,0.9134477738067893,8.152400805672395,4.726257138338929,1.3155953621305592,205.95400433904206,1.1037724742942976,1137.1282141902739,False,0.6008002246948572,36.749276649498974,322.4164882706585,102.81921772501012,-3.0412412184905366,0.7725943573726289,7.673629428758268,3.855973014018163,1.0759041866758785,234.48659723982323,-4.409469803223645,-115.0,False,False,False,False,False,False,False,False,False,False,False,False,False,False,False,True,False,False,False,False,False,False,False,False,False,False,False,False,False,False,False,False,False,False,False,False,False,False,False,False,False,False,False,False,False,False,False,False,False,False,False,False,False,False,False,False,False,False,False,True,False,False,False,False,False,False,False,False,False,False,False,False,False,False,False,False,False,False,False,False,False,True,False,False,False,False,False,False,False,False,False,False,False,False,False,False,False,False,False,False,False,False,False,False,True,False,False,False,True,False,False
204,False,0.6843690962897895,35.69618822386697,311.7098302475184,123.25827439293305,5.822066324670015,0.6462444324451704,6.3135427926463485,1.842668981591059,1.6500492047422863,289.3317314080472,2.0759112889290585,1217.5228620088144,True,0.6908293468982857,30.6048824899277,230.47626662057067,124.25479951663297,7.761473636178553,0.479352978477472,4.425362865405046,1.9800283433514572,2.017866535682807,239.14015720518424,3.310326617472492,-118.0,False,False,False,False,False,False,False,False,False,False,False,False,False,False,True,False,False,False,False,False,False,False,False,False,False,False,False,False,False,False,False,False,False,False,False,False,False,False,False,False,False,False,False,False,False,False,False,False,False,True,False,False,False,False,False,False,False,False,False,False,False,False,False,False,False,False,False,False,False,False,False,False,False,False,False,False,False,False,False,False,False,False,False,False,False,False,False,False,False,False,False,False,False,False,False,False,False,False,False,False,False,False,False,True,False,True,False,False,True,False,False
97,True,0.6331628457748385,30.20951034358477,278.67341075075444,91.04042453203628,3.7170193019374618,0.5186714003817138,5.317099602086181,2.1507842777686133,1.0621197339397028,218.5384808270189,-0.08864757150237156,1221.0935738547892,False,0.6972835678366516,29.17168083710482,239.3525754771733,102.77161952905415,3.438421999766417,0.6840852189769522,3.297382441769803,1.696947202249079,1.8544169153482486,232.28664083554682,2.754764629796199,-115.0,False,False,False,False,False,False,True,False,False,False,False,False,False,False,False,False,False,False,False,False,False,False,False,False,False,False,False,False,False,False,False,False,False,False,False,False,False,False,False,False,False,False,False,False,False,False,False,False,False,False,False,False,False,True,False,False,False,False,False,False,False,False,False,False,False,False,False,False,False,False,False,False,False,False,False,False,False,False,False,False,False,False,False,False,False,False,False,False,False,False,False,False,False,False,False,False,False,False,False,False,False,False,False,False,False,False,True,False,False,False,False
28,False,0.668838767231312,35.48127861681988,321.90464725661417,135.18585490052436,0.07700082492634665,0.37293557311032594,3.308720187603517,2.1198974279597085,1.7233442522076345,260.9095940058495,0.6947270739859069,1204.679378724531,True,0.6747723724830582,29.03774719921594,254.07373757954244,103.65362102755962,3.6698583011951165,0.6504589433779893,4.457516990724023,1.7351071601346912,1.718377822569934,220.8937186216102,2.323736858224106,-115.0,False,True,False,False,False,False,False,False,False,False,False,False,False,False,False,False,False,False,False,False,False,False,False,False,False,False,False,False,False,False,False,False,False,False,False,False,False,False,False,False,False,False,False,False,False,False,False,False,False,False,False,False,False,False,False,False,False,False,False,False,False,False,False,False,False,False,False,False,False,False,True,False,False,False,False,False,False,False,False,False,False,False,False,False,False,False,False,False,False,False,False,False,False,False,True,False,False,False,False,False,False,False,False,False,True,False,False,False,False,False,True
316,False,0.686285990302122,34.65739887453187,258.623791690359,103.547420638811,-5.015261195836842,0.9490009999803927,8.504735201270565,3.2793082488578658,1.4145212838963945,231.9452363679144,-0.20518359008617187,1308.8345914785984,True,0.7118139880206954,30.391581332615573,202.4612964891901,113.13703565356703,3.889017836787404,0.43169463431073135,4.272705813675363,2.3525991408734312,1.8015519398947122,229.70440380375854,4.3029549412570836,-115.0,False,False,False,False,False,False,False,False,False,False,False,False,False,False,False,False,False,False,False,False,False,False,True,False,False,False,False,False,False,False,False,False,False,False,False,False,False,False,False,False,False,False,False,False,False,False,False,False,False,False,False,False,False,False,False,False,False,False,True,False,False,False,False,False,False,False,False,False,False,False,False,False,False,False,False,False,False,False,False,False,False,False,False,False,False,False,False,False,False,False,False,True,False,False,False,False,False,False,False,False,False,False,False,False,False,True,False,False,True,False,False
246,False,0.6293999908023289,38.58333225621559,292.4256980894956,127.46283280931844,-1.0746411201339454,0.8034446639928461,7.144512696697724,2.7965801150945393,1.8163854620519428,267.7887594548986,-3.0141222684996865,1287.5848636172454,True,0.6928289902680059,27.81446160951131,226.427511580485,137.11248523031978,4.479490489316147,0.9177025224362403,4.389035889486806,1.8605124200682164,1.6686523650067875,243.3628188434472,3.0760738414913487,-115.0,False,False,False,False,False,False,False,False,False,False,False,False,False,False,False,False,False,True,False,False,False,False,False,False,False,False,False,False,False,False,False,False,False,False,False,False,False,False,False,False,False,False,False,False,False,False,False,False,False,False,False,False,False,False,False,False,False,False,False,False,False,False,False,False,False,False,False,False,False,False,False,False,False,False,False,False,False,False,True,False,False,False,False,False,False,False,False,False,False,False,False,False,False,False,False,False,False,False,False,False,False,False,False,False,False,True,False,True,False,False,False
226,True,0.6815700984851701,25.405332706936427,205.36588942398916,104.86293455435393,4.100420562605243,0.6875773333364164,3.84336613438798,2.204338324514312,1.6903255273560582,207.71120336894177,-0.4799117428275794,1127.0705663591943,False,0.7168189769812414,27.12171795659986,178.76592509100223,103.70888298709414,-2.630073251526975,0.8174731004751038,5.184593212123736,2.156491555493562,1.0473760228200435,191.11586622108854,3.7773718734190513,-115.0,False,False,False,False,False,False,False,False,False,False,False,False,False,False,False,False,True,False,False,False,False,False,False,False,False,False,False,False,False,False,False,False,False,False,False,False,False,False,False,False,False,False,False,False,True,False,False,False,False,False,False,False,False,False,False,False,False,False,False,False,False,False,False,False,False,False,False,False,False,False,False,False,False,False,False,False,False,False,False,False,False,False,False,False,False,False,False,True,False,False,False,False,False,False,False,False,False,False,False,False,False,False,False,False,False,True,False,False,False,False,False
507,True,0.519454447038942,20.335548172757473,163.28239202657807,82.87707641196013,-6.3255705714621815,0.5980066445182725,6.209302325581395,2.0730897009966776,0.7308970099667775,141.28571428571428,-11.258879622549708,674.8970099667774,False,0.6789734266321734,28.96405785596561,245.4197126096917,101.20280644791208,5.2128026761091215,0.2864155052743489,5.285450869275643,2.7964887439823087,1.7307734983691292,236.92809398290223,5.121476318512144,-115.0,False,False,False,False,False,False,False,False,False,False,False,False,False,False,False,False,False,False,False,False,False,False,False,False,False,False,False,False,False,False,False,False,False,False,False,False,False,True,False,False,False,False,False,False,False,False,False,False,True,False,False,False,False,False,False,False,False,False,False,False,False,False,False,False,False,False,False,False,False,False,False,False,False,False,False,False,False,False,False,False,False,False,False,False,False,False,False,False,False,False,False,False,False,False,False,False,False,False,False,False,False,False,True,False,False,True,False,False,True,False,False
523,False,0.6113008293339149,37.51825335370122,325.79254351919263,101.2883447874288,-3.3312910028085425,0.5182628747891249,7.200214741337206,3.85498022946094,1.265863594637778,241.5807663686884,-4.5867657237062245,1310.445490751555,True,0.6941877835995994,33.20638484184748,239.2210054903527,114.19330261605607,4.4730973867973685,0.4737951069461099,4.350922597071528,2.1932355931955247,1.7152181124061476,243.75317784037605,1.5676522642989887,-115.0,False,False,False,False,False,False,False,False,False,False,False,False,False,False,False,False,False,False,False,False,False,False,False,False,False,False,False,False,False,False,False,False,False,False,False,False,False,False,True,False,False,False,False,False,False,False,False,False,False,False,False,False,False,False,False,True,False,False,False,False,False,False,False,False,False,False,False,False,False,False,False,False,False,False,False,False,False,False,False,False,False,False,False,False,False,False,False,False,False,False,True,False,False,False,False,False,False,False,False,False,False,False,False,False,True,False,False,False,True,False,False
243,True,0.6612726144645918,40.77892949338798,315.00063192245085,137.5771039487215,0.3332191456740622,0.6003459882824431,8.787129179855068,3.3416169873755606,1.7021812462115942,300.19293014576436,1.4738744613691486,1429.97650472681,False,0.6793861276930988,32.32946902032065,265.2839875850006,103.21722221947797,-4.51208062166981,1.1667471616674958,4.784421903729732,2.5120280797162198,1.5023507029133827,220.02413072396638,-0.8167603779069703,-115.0,False,False,False,False,False,False,False,False,False,False,False,False,False,False,False,False,False,True,False,False,False,False,False,False,False,False,False,False,False,False,False,False,False,False,False,False,False,False,False,False,False,False,False,False,False,False,False,False,False,False,False,False,False,False,False,False,False,False,False,False,False,False,False,False,False,False,False,False,False,False,False,False,False,False,False,False,False,False,False,False,False,False,False,False,False,False,False,False,True,False,False,False,False,False,False,False,False,False,False,False,False,False,False,False,False,False,False,False,True,False,False
29,True,0.6588652364152184,32.86923240008182,285.52556938164815,123.99583587061187,-0.34328309801395673,0.2880909329495349,3.238484857116973,2.3201250045530917,1.3312751295646499,236.13213650449563,-1.6575971006260952,1150.606174622981,False,0.6818400595053186,32.02998020678741,242.960397800201,99.74754316978436,-1.5069645408230807,0.7007755540688606,3.80592100914424,1.8145580697912105,1.7738476638092622,219.83159516890677,3.5006309783783016,-118.0,False,True,False,False,False,False,False,False,False,False,False,False,False,False,False,False,False,False,False,False,False,False,False,False,False,False,False,False,False,False,False,False,False,False,False,False,False,False,False,False,False,False,False,False,False,False,False,False,False,False,False,False,False,False,False,False,False,False,False,False,False,False,False,False,False,False,False,False,False,False,True,False,False,False,False,False,False,False,False,False,False,False,False,False,False,False,False,False,False,False,False,False,False,True,False,False,False,False,False,False,False,False,False,False,False,True,False,False,True,False,False
38,False,0.6171471136116184,29.189006688923786,238.22862672527137,88.65212931339727,-2.045325475768439,0.7767019425151729,3.018902346804275,2.209301509284893,1.3395629409662275,187.03884453645773,-4.913076860536474,1176.3789018976722,True,0.720668888423056,30.95277323891802,215.34342770204717,121.5631180564733,2.8421002566455646,0.6708958760785819,4.886364183832611,2.7928658362407583,1.9588652183169075,234.20320714754953,5.6228421988070725,-115.0,False,True,False,False,False,False,False,False,False,False,False,False,False,False,False,False,False,False,False,False,False,False,False,False,False,False,False,False,False,False,False,False,False,False,False,False,False,False,False,False,False,False,False,False,False,False,False,False,False,False,False,False,False,False,False,False,False,False,False,False,False,False,False,False,False,False,False,False,False,False,True,False,False,False,False,False,False,False,False,False,False,False,False,False,False,False,False,False,False,False,False,True,False,False,False,False,False,False,False,False,False,False,False,False,False,True,False,False,True,False,False
158,True,0.7232681047466367,30.23760718194704,260.67219764799205,116.76104640020587,8.611095764187715,0.4611004391805825,4.524743607303545,0.8626919026275619,1.5994124672661598,252.16460029588822,3.8044803502189906,1027.2995901443683,False,0.7629444404794266,26.954571318076802,176.07661663200824,100.98828398859737,4.930395551412112,0.5095683845609442,4.568056155865663,2.109626051365727,1.3754475551803864,214.3396918498261,7.6937868506343845,-115.0,False,False,False,False,False,False,False,False,False,False,False,True,False,False,False,False,False,False,False,False,False,False,False,False,False,False,False,False,False,False,False,False,False,False,False,False,False,False,False,False,False,False,False,False,False,False,False,False,False,False,False,False,False,False,True,False,False,False,False,False,False,False,False,False,False,False,False,False,False,False,False,False,False,False,False,False,False,False,False,False,False,False,False,False,False,False,False,False,False,False,False,False,False,False,False,False,False,False,False,False,False,False,True,False,False,False,False,True,False,False,False
495,True,0.7047106375368226,25.829535022502945,185.17569023778944,102.41241467868394,1.784293599179642,0.6536003623291888,3.6665370442636296,2.098638095733004,1.0990612183766324,203.7171019950604,4.556305549781608,1108.0261001936344,False,0.6392918133782959,34.19666282554066,295.19747472916634,112.82255254710263,-1.2679246482667628,1.3197938020399997,6.871431550965521,2.2005560700633358,1.696175542317708,244.8469795079378,-1.1604124706149999,-115.0,False,False,False,False,False,False,False,False,False,False,False,False,False,False,False,False,False,False,False,False,False,False,False,False,False,False,False,False,False,False,False,False,False,False,False,True,False,False,False,False,False,False,False,False,False,False,False,False,False,False,False,False,False,False,False,False,False,False,False,False,False,False,False,False,False,False,False,False,True,False,False,False,False,False,False,False,False,False,False,False,False,False,False,False,False,False,False,False,True,False,False,False,False,False,False,False,False,False,False,False,False,False,False,False,False,True,False,True,False,False,False
414,True,0.6433762353614415,20.77326732673267,177.39356435643563,70.77797029702971,-3.8544648286729766,1.1490099009900991,4.04009900990099,1.8195544554455443,0.9509900990099012,158.9131188118812,-0.8317234140221438,1070.705693069307,False,0.634375450993876,33.19183263020573,308.66258650164343,99.6397052698824,-4.656485122986008,0.9522991172523216,6.660651308118786,3.306672540634124,1.8697399352164745,227.03842646629568,-0.687383479828427,-115.0,False,False,False,False,False,False,False,False,False,False,False,False,False,False,False,False,False,False,False,False,False,False,False,False,False,False,False,False,False,True,False,False,False,False,False,False,False,False,False,False,False,False,False,False,False,False,False,False,False,False,False,False,False,False,False,False,False,False,False,False,False,False,False,False,False,False,False,False,False,False,False,False,True,False,False,False,False,False,False,False,False,False,True,False,False,False,False,False,False,False,False,False,False,False,False,False,False,False,False,False,False,False,False,False,False,True,False,False,True,False,False
47,False,0.6374146743963727,35.285965071014225,277.2001970554805,120.7080689310088,4.777987523565204,0.509381832556428,3.326750103436908,0.9964573909989811,2.1071012705694683,234.66622442913572,-0.26381093872053046,1154.8606308156993,True,0.6153241091820439,29.104620521185815,263.383626602259,89.59205608832391,-6.640507608960685,1.3188426134341058,5.2959663331397815,2.244829861641385,1.0365180669339478,200.40004795649628,-5.522302635799143,-115.0,False,False,True,False,False,False,False,False,False,False,False,False,False,False,False,False,False,False,False,False,False,False,False,False,False,False,False,False,False,False,False,False,False,False,False,False,False,False,False,False,False,False,False,False,False,False,False,False,False,False,True,False,False,False,False,False,False,False,False,False,False,False,False,False,False,False,False,False,False,False,False,False,False,False,False,False,False,False,False,False,False,False,False,False,True,False,False,False,False,False,False,False,False,False,False,False,False,False,False,False,False,False,False,False,False,False,True,False,False,False,False
185,True,0.5366666644811631,18.3,158.60000000000002,17.05,-2.795179009437561,0.0,2.1,1.1,0.0,85.7,-9.843759536743164,1258.3000000000002,False,0.6643001974607045,34.93735987929848,301.6438665599743,121.02491070993975,4.093630956601401,0.9026245160275354,4.137100457339465,1.339396328292179,2.517816262102581,260.31300108473346,1.04143915830705,-115.0,False,False,False,False,False,False,False,False,False,False,False,False,False,True,False,False,False,False,False,False,False,False,False,False,False,False,False,False,False,False,False,False,False,False,False,False,False,False,False,False,False,False,False,False,False,False,False,False,False,False,False,False,False,True,False,False,False,False,False,False,False,False,False,False,False,False,False,False,False,False,False,False,False,False,False,False,False,False,False,False,False,False,False,False,False,False,True,False,False,False,False,False,False,False,False,False,False,False,False,False,False,False,False,False,False,False,True,False,False,False,False
509,False,0.5331338206804035,27.143564356435643,209.9720297029703,141.890099009901,-4.05780985550125,0.7304455445544555,8.117079207920792,2.049009900990099,1.4784653465346533,214.6601485148515,-9.109801939498668,754.9886138613862,True,0.6895899045117524,29.4625205239648,281.9286792879117,95.62966627247066,1.1187510796921458,1.1640911811949177,3.6299510098140533,1.6099028584677604,1.881132647047455,232.80346374551593,4.0801098285158215,-118.0,False,False,False,False,False,False,False,False,False,False,False,False,False,False,False,False,False,False,False,False,False,False,False,False,False,False,False,False,False,False,False,False,False,False,False,False,False,True,False,False,False,False,False,False,False,False,False,False,True,False,False,False,False,False,False,False,False,False,False,False,False,False,False,False,False,False,False,False,False,False,False,False,False,False,False,False,False,True,False,False,False,False,False,False,False,False,False,False,False,False,False,False,False,False,False,False,False,False,False,False,False,False,False,False,False,True,False,False,True,False,False
424,True,0.6587979598800735,29.611386138613863,251.13910891089108,116.06237623762378,0.5979039466026996,0.8685643564356436,3.0225247524752477,1.1715346534653466,0.8393564356435643,233.0292079207921,-2.3278439121671246,1115.6683168316831,False,0.6775806503252775,27.905435887406266,198.78379917878775,88.6027421671032,1.1485370223909455,0.4904707210198978,4.860572831187817,2.4958615382919502,1.2537908957911619,199.87553608551633,3.8650240032181413,-115.0,False,False,False,False,False,False,False,False,False,False,False,False,False,False,False,False,False,False,False,False,False,False,False,False,False,False,False,False,False,False,True,False,False,False,False,False,False,False,False,False,False,False,True,False,False,False,False,False,False,False,False,False,False,False,False,False,False,False,False,False,False,False,False,False,False,False,False,False,False,False,False,False,False,False,False,True,False,False,False,False,False,False,False,False,False,False,False,False,False,False,False,False,False,False,False,False,False,False,False,False,False,False,False,False,False,False,False,True,False,False,False
485,True,0.7336809705606411,26.537157245580232,253.21110187391253,101.9476369103046,9.907149168169703,0.6747473267513527,3.1469475955472164,1.022764210082927,2.304452900482955,273.5080942298551,11.774080530032363,973.5309670253414,False,0.6672204902423311,34.36092686576518,288.3693141826997,98.43638498151873,0.7585242429510871,0.6476758048647251,5.230922447957946,2.3271019639522503,1.1314281128173331,236.62507058892874,-0.20832729709066625,-115.0,False,False,False,False,False,False,False,False,False,False,False,False,False,False,False,False,False,False,False,False,False,False,False,False,False,False,False,False,False,False,False,False,False,False,False,True,False,False,False,False,False,False,False,False,False,False,False,False,False,False,False,False,False,False,False,False,False,False,False,False,False,False,False,False,False,False,False,False,True,False,False,False,False,False,False,False,False,False,False,False,False,False,False,False,False,False,False,False,False,False,False,False,False,False,False,False,False,False,False,False,False,False,False,False,False,True,False,True,False,False,False
528,True,0.6314077439516366,29.295735929708925,265.0920348359455,88.67870888958312,-2.0726334886524613,0.9806886511125593,4.835577241168439,2.8984729768897126,1.5180327500271928,218.49811198427113,-2.829182084534288,1169.7244168213863,False,0.6411852199628728,36.660513720278374,303.7290029291853,127.75440191078073,1.3027445542168015,0.8887583408443318,6.119874682034524,2.889993106946642,1.009570469649663,270.92405617821805,-0.8942836588799099,-110.0,False,False,False,False,False,False,False,False,False,False,False,False,False,False,False,False,False,False,False,False,False,False,False,False,False,False,False,False,False,False,False,False,False,False,False,False,False,False,True,False,False,False,False,False,False,False,False,False,False,False,False,False,False,False,False,True,False,False,False,False,False,False,False,False,False,False,False,False,False,False,False,False,False,False,False,False,False,False,False,False,False,False,False,False,False,True,False,False,False,False,False,False,False,False,False,False,False,False,False,False,False,False,False,False,False,True,False,False,True,False,False
162,True,0.7126850051881718,33.44664861825135,297.4714601062381,107.7771755997307,4.122520033784679,0.9313966932997458,4.930307085403027,2.1432827294712986,1.7183167005070354,275.2404940614466,4.328999093189919,1152.6963101217823,False,0.676762762468757,27.43211759076447,230.336763851501,93.99180879803775,0.6926312965493185,0.841034232559863,4.515557317487241,2.8645652875140653,1.9179308454285091,199.89393584667695,0.33040244764467475,-115.0,False,False,False,False,False,False,False,False,False,False,False,True,False,False,False,False,False,False,False,False,False,False,False,False,False,False,False,False,False,False,False,False,False,False,False,False,False,False,False,False,False,False,False,False,False,False,False,False,False,False,False,False,False,False,True,False,False,False,False,False,False,False,False,False,False,False,False,False,False,False,False,False,False,True,False,False,False,False,False,False,False,False,False,False,False,False,False,False,False,False,False,False,False,False,False,False,False,False,False,False,False,False,False,False,False,False,False,False,True,False,False
144,False,0.5077865448504982,13.999999999999998,89.56478405315615,45.17275747508306,-0.36959854748557974,0.0,1.2059800664451827,0.8039867109634552,1.0730897009966778,81.49169435215947,-11.692063589824793,1034.2192691029902,True,0.7274510449632324,33.579049760916405,236.41885171224533,119.59172023060037,4.335911990869377,1.0556696513729507,6.998652476863252,3.104909223938479,1.8186946714454444,270.2731398730496,6.490585683288859,-115.0,False,False,False,False,False,False,False,False,False,False,True,False,False,False,False,False,False,False,False,False,False,False,False,False,False,False,False,False,False,False,False,False,False,False,False,False,False,False,False,False,False,False,False,False,False,False,False,False,True,False,False,False,False,False,False,False,False,False,False,False,False,False,False,False,False,False,False,False,False,False,False,False,False,False,False,False,False,False,False,False,False,False,False,False,False,False,False,False,False,False,False,False,False,False,False,False,False,False,True,False,False,False,False,False,False,True,False,False,True,False,False
308,False,0.7028828141372077,32.2123419289997,202.6102054846266,155.96168860279235,5.257876143188363,0.34767320172191946,6.8222991181339205,2.1589762640135532,1.7854370593882507,270.4768128089983,2.1381749512479082,1074.9995001547816,True,0.661569618666152,34.26956556208053,281.0505352968187,108.45045454320925,-4.289620663862435,1.1364294959097692,5.914527012142509,2.6007502470405437,1.592832393292768,229.29247059233614,-2.2041332912633744,-115.0,False,False,False,False,False,False,False,False,False,False,False,False,False,False,False,False,False,False,False,False,False,True,False,False,False,False,False,False,False,False,False,False,False,False,False,False,False,False,False,False,False,False,False,False,False,False,False,False,False,False,False,True,False,False,False,False,False,False,False,False,False,False,False,False,False,False,False,False,False,False,False,False,False,False,False,False,False,False,False,False,False,False,False,False,False,False,False,False,True,False,False,False,False,False,False,False,False,False,False,False,False,False,False,False,True,False,False,False,False,True,False
133,True,0.6211432275325723,31.982735668034305,267.93076363055604,130.3070660599925,5.0602625844226825,0.5086354874049805,3.945026716142042,1.6538863557613193,1.4350631035181625,246.67165700321564,-1.86304935058622,1123.3331131777218,False,0.6963388450929625,32.27273431058881,252.23139384999513,107.37605261044357,4.449284828478274,0.3686307447115489,4.508970525426322,2.2896423545968636,1.8931052306135912,242.55721147054984,3.3395114330917304,-115.0,False,False,False,False,False,False,False,False,False,True,False,False,False,False,False,False,False,False,False,False,False,False,False,False,False,False,False,False,False,False,False,False,False,False,False,False,False,False,False,False,False,False,False,False,False,False,True,False,False,False,False,False,False,False,False,False,False,False,False,False,False,False,False,False,False,False,False,False,False,False,False,False,False,False,False,False,False,False,False,False,False,False,False,False,False,False,False,False,False,False,False,False,False,False,False,True,False,False,False,False,False,False,False,False,False,True,False,False,True,False,False
551,False,0.6923342829630025,27.46292590376547,200.8386953606867,85.0060815268996,-2.589811936976554,1.6552223643282378,3.0752002726839587,2.01871832283044,1.4099508426230816,180.99990451708973,0.04603550645763222,1131.9661362105878,True,0.6538237426384722,27.373904055339512,237.44133859298296,77.37047980941442,-0.46285063886442046,0.9847548412314002,4.6713880915550146,2.427313577644467,1.4329584234178956,182.70575601787547,-1.4563041697617893,-115.0,False,False,False,False,False,False,False,False,False,False,False,False,False,False,False,False,False,False,False,False,False,False,False,False,False,False,False,False,False,False,False,False,False,False,False,False,False,False,False,False,True,False,False,False,False,False,False,False,False,False,False,False,False,False,False,False,False,False,False,False,True,False,False,False,False,False,False,False,False,False,False,False,False,True,False,False,False,False,False,False,False,False,False,False,False,False,False,False,False,False,False,False,False,False,False,False,False,False,False,False,False,False,False,False,False,False,False,True,False,False,False
156,True,0.7221417995750272,29.487225740671754,248.6820650575479,106.55553812670338,8.172649638741294,0.4697554949902943,3.8033175820081957,0.7556322425050489,1.2870728024940687,250.88947275543615,3.233525145710905,1038.9558440030587,False,0.6563468035491399,36.13222724051229,296.7785420811706,103.1671171610445,2.588899366961667,0.628335385836693,4.686361835709225,2.0951614732790738,1.0177377478187521,253.30859938801666,-0.23196979637693277,-115.0,False,False,False,False,False,False,False,False,False,False,False,True,False,False,False,False,False,False,False,False,False,False,False,False,False,False,False,False,False,False,False,False,False,False,False,False,False,False,False,False,False,False,False,False,False,False,False,False,False,False,False,False,False,False,True,False,False,False,False,False,False,False,False,False,False,False,False,False,False,False,False,False,False,False,False,False,False,False,False,False,False,False,False,False,False,False,False,False,False,False,False,False,False,False,False,False,False,False,False,False,False,False,False,False,False,False,False,True,False,False,False
131,False,0.630834819204998,31.38863829536618,262.90376329160875,120.08977297781955,2.4174006515179207,0.6584319230652572,3.3398238136282408,1.5519536524321418,0.9741790815985797,236.85624476595197,-2.1471853432789425,1063.6464062449631,True,0.7098106824319727,31.523846727311454,232.1754624111911,143.85092563180237,8.740186470985696,0.9136383660120619,3.742621560701413,1.4030046352993635,2.334639002770391,253.02602836110347,3.8577113250033763,-118.0,False,False,False,False,False,False,False,False,False,True,False,False,False,False,False,False,False,False,False,False,False,False,False,False,False,False,False,False,False,False,False,False,False,False,False,False,False,False,False,False,False,False,False,False,False,False,True,False,False,False,False,False,False,False,False,False,False,False,False,False,False,False,False,False,False,False,False,False,False,False,False,False,False,False,False,False,False,False,True,False,False,False,False,False,False,False,False,False,False,False,False,False,False,False,False,False,False,False,False,False,False,False,False,False,False,True,False,True,False,False,False
239,False,0.5488515501860345,29.580940594059406,253.66287128712878,96.9769801980198,3.8284150961011942,0.22054455445544557,9.235643564356437,3.705693069306931,1.6391089108910892,231.76782178217823,-7.3727270763699355,1415.80198019802,True,0.6800864447959996,35.202708333811685,259.83124129574907,123.44924947776603,0.1999825314387175,0.9203881575405019,6.728099490133972,3.555130851316512,1.2866325271986174,233.88635904606764,0.6175118914132353,-115.0,False,False,False,False,False,False,False,False,False,False,False,False,False,False,False,False,False,True,False,False,False,False,False,False,False,False,False,False,False,False,False,False,False,False,False,False,False,False,False,False,False,False,False,False,False,False,False,False,False,False,False,False,False,False,False,False,False,False,False,False,False,False,False,False,False,False,False,False,False,False,False,False,False,False,False,False,False,False,False,False,False,False,False,False,False,False,False,False,False,False,False,False,False,False,False,False,False,False,False,True,False,False,False,False,False,True,False,True,False,False,False
54,True,0.6655471294872786,36.02257380074984,278.16870004890654,123.01750268672569,7.134927565865176,0.5038013543406838,3.9706325530528472,1.2281826466732428,1.6695271898868675,249.9654855684457,1.8480874093347863,1248.4835105691645,False,0.6611083785663873,35.56744332913982,275.31129218158407,90.9355441740934,-6.707239186734596,1.2618891900545284,5.867703569986551,2.436410670648047,1.170034106727376,218.1960359307254,-0.28577309440151055,-115.0,False,False,True,False,False,False,False,False,False,False,False,False,False,False,False,False,False,False,False,False,False,False,False,False,False,False,False,False,False,False,False,False,False,False,False,False,False,False,False,False,False,False,False,False,False,False,False,False,False,False,True,False,False,False,False,False,False,False,False,False,False,False,False,False,False,False,False,False,False,False,False,False,False,False,False,False,False,False,False,False,False,False,False,False,False,False,True,False,False,False,False,False,False,False,False,False,False,False,False,False,False,False,False,False,False,True,False,False,True,False,False
155,True,0.7221417995750272,29.487225740671754,248.6820650575479,106.55553812670338,8.172649638741294,0.4697554949902943,3.8033175820081957,0.7556322425050489,1.2870728024940687,250.88947275543615,3.233525145710905,1038.9558440030587,False,0.6563468035491399,36.13222724051229,296.7785420811706,103.1671171610445,2.588899366961667,0.628335385836693,4.686361835709225,2.0951614732790738,1.0177377478187521,253.30859938801666,-0.23196979637693277,-115.0,False,False,False,False,False,False,False,False,False,False,False,True,False,False,False,False,False,False,False,False,False,False,False,False,False,False,False,False,False,False,False,False,False,False,False,False,False,False,False,False,False,False,False,False,False,False,False,False,False,False,False,False,False,False,True,False,False,False,False,False,False,False,False,False,False,False,False,False,False,False,False,False,False,False,False,False,False,False,False,False,False,False,False,False,False,False,False,False,False,False,False,False,False,False,False,False,False,False,False,False,False,False,False,False,False,False,False,True,False,False,False
541,True,0.6369057856861834,27.293054325559464,223.26055300382842,78.67884894399575,-3.3275019316545236,0.7957400204376954,4.643216952541866,2.8666201674868184,0.7662295444526676,188.54374470644515,-2.5388818391222734,976.6538203161246,False,0.6871774232120469,29.340856561477235,238.7495858527019,112.53390759501214,3.0040747933297003,1.127707317367262,2.912980656276467,1.4216874479465988,1.2846802534977226,229.8657313581744,1.968446431109809,-115.0,False,False,False,False,False,False,False,False,False,False,False,False,False,False,False,False,False,False,False,False,False,False,False,False,False,False,False,False,False,False,False,False,False,False,False,False,False,False,False,True,False,False,False,False,False,False,False,False,False,False,False,False,False,False,False,False,False,False,False,False,False,False,False,True,False,False,False,False,False,False,False,False,False,False,False,False,True,False,False,False,False,False,False,False,False,False,False,False,False,False,False,False,False,False,False,False,False,False,False,False,False,False,False,False,True,False,False,False,False,False,True
397,False,0.6235304134716757,26.899422793208362,240.05036906938628,87.50737648790968,-4.916757202134972,0.6750330023105533,4.534361012475714,2.6452444524054153,1.0676943954587093,205.09386829690493,-1.255089612701888,1012.8675856801624,True,0.679347064844897,31.500615490751464,238.68801112640358,152.74828040578635,6.304086497252022,0.605456854503519,4.358930155900043,1.890395096645113,2.0482337798249546,259.5913713587298,2.662772931985402,-115.0,False,False,False,False,False,False,False,False,False,False,False,False,False,False,False,False,False,False,False,False,False,False,False,False,False,False,False,True,False,False,False,False,False,False,False,False,False,False,False,False,False,False,False,True,False,False,False,False,False,False,False,False,False,False,False,False,False,False,False,False,False,False,False,False,False,False,False,False,False,False,False,False,False,False,False,False,False,False,True,False,False,False,False,False,False,False,False,False,False,False,False,False,False,False,False,False,False,False,False,False,False,False,False,False,False,True,False,True,False,False,False
101,True,0.6535675896512132,29.8622879567438,257.20918382714615,99.47486399030959,3.400583293440452,0.6579737583675607,3.822457381700559,1.2320721349644583,1.4908333517050179,223.9187194096415,-0.18628355358008689,1098.9943661749649,False,0.6527681123721865,35.10836899929967,312.61921919393376,107.30801386084504,5.46617895584391,0.7288534577064177,4.772522217664675,1.9291882231184287,1.395382272479437,270.6916694614636,1.1348816128391808,-115.0,False,False,False,False,False,False,True,False,False,False,False,False,False,False,False,False,False,False,False,False,False,False,False,False,False,False,False,False,False,False,False,False,False,False,False,False,False,False,False,False,False,False,False,False,False,False,False,False,False,False,False,False,False,True,False,False,False,False,False,False,False,False,False,False,False,False,False,False,False,False,False,False,False,False,False,False,False,False,False,False,False,False,False,False,False,True,False,False,False,False,False,False,False,False,False,False,False,False,False,False,False,False,False,False,False,False,True,False,False,False,False
503,True,0.7039681915093834,30.965030948296278,268.345737633365,82.41348697467569,-3.902006115703713,0.8308596413460589,4.506687816176629,2.307351191176509,1.1482214403746631,211.1151370200165,2.5717344141237835,1019.415455663626,False,0.6989551130245928,32.44338277898755,247.47794312177797,134.2869206712647,0.6659449066766044,0.7363846160196709,6.229513059542744,2.988549345660525,1.5327824390545053,257.7316383225652,3.2101039938210563,-118.0,False,False,False,False,False,False,False,False,False,False,False,False,False,False,False,False,False,False,False,False,False,False,False,False,False,False,False,False,False,False,False,False,False,False,False,False,True,False,False,False,False,False,False,False,False,False,False,False,False,False,False,False,False,False,False,False,False,False,False,False,False,False,False,True,False,False,False,False,False,False,False,False,False,False,False,False,False,False,False,False,False,False,False,False,False,False,False,False,False,False,False,False,False,False,False,False,False,False,False,False,False,True,False,False,True,False,False,False,False,False,True
534,True,0.626454043185959,32.021209122875426,303.43356355284186,99.06291574367539,4.929882338923959,0.6061868299713428,5.8048286843285375,2.3856353259065655,1.9517728112950052,253.09565729836012,0.7261456750543642,1114.942350922886,False,0.6883671904385842,29.193168744825517,238.8355122213092,130.8337964008436,4.868097249370225,0.22793334677310306,5.676240909317498,2.6544472815564464,1.803128537859426,257.6163666840941,6.037864430588442,-115.0,False,False,False,False,False,False,False,False,False,False,False,False,False,False,False,False,False,False,False,False,False,False,False,False,False,False,False,False,False,False,False,False,False,False,False,False,False,False,True,False,False,False,False,False,False,False,False,False,False,False,False,False,False,False,False,True,False,False,False,False,False,False,False,False,False,False,False,False,False,False,False,False,False,False,False,False,False,False,False,False,False,False,False,False,False,False,False,False,False,False,False,False,False,False,False,False,False,False,False,False,False,False,True,False,False,True,False,False,True,False,False
4,True,0.6806773194838996,27.11295681063123,145.39534883720933,132.98338870431894,0.29572703751218626,1.0598006644518274,5.39202657807309,2.06312292358804,2.2093023255813953,188.30564784053155,1.4158485545668489,1072.6777408637874,False,0.6910624293972044,30.026078244722413,216.07698948618568,94.85223423459188,-7.892875218288757,0.9126815806604719,5.841144579879856,2.6659138412352945,1.0895376582410699,204.7390619123741,-0.7777536953981041,-115.0,True,False,False,False,False,False,False,False,False,False,False,False,False,False,False,False,False,False,False,False,False,False,False,False,False,False,False,False,False,False,False,False,False,False,False,False,False,False,False,False,False,False,False,False,False,False,False,False,False,False,False,False,False,False,False,False,False,False,False,False,False,False,False,False,False,False,False,True,False,False,False,False,False,False,False,False,False,False,False,False,False,False,False,False,False,False,False,False,False,False,False,False,True,False,False,False,False,False,False,False,False,False,False,False,False,True,False,False,True,False,False
138,True,0.5601847474274005,33.48341588701096,298.66113296831264,98.75884938828408,0.03495513847664438,0.5177388832614551,4.321702443339118,1.3869588602310585,1.489158757235769,210.75867141410467,-4.479672479870188,1207.679584448065,False,0.6176790953872819,28.039587854917702,226.58559964884165,94.53944784784973,-5.603275523161158,0.76391262632239,7.2334417177915284,3.400424885026532,1.3896317594548602,184.5940386598277,-0.746172393185337,-115.0,False,False,False,False,False,False,False,False,False,True,False,False,False,False,False,False,False,False,False,False,False,False,False,False,False,False,False,False,False,False,False,False,False,False,False,False,False,False,False,False,False,False,False,False,False,False,True,False,False,False,False,False,False,False,False,False,False,False,False,False,False,False,False,False,False,False,False,False,False,False,False,False,False,False,False,False,False,False,False,True,False,False,False,False,False,False,False,False,False,False,False,False,False,False,False,False,False,False,False,False,False,False,False,False,False,True,False,False,True,False,False
482,False,0.7607960784024592,26.74371090762926,231.98384345404992,91.23207388090431,11.470473293117378,0.6015372247602989,3.1782710142938373,1.1477422011333112,2.0819787847297113,262.30607242995234,13.164973051701663,1021.6769082959157,True,0.6550059690629196,36.210735252875544,318.14538599633175,117.13601667342907,-1.0333217671522874,1.3160400971641286,4.582278064086184,1.559309345619877,1.4666851095453146,266.01180307788786,-1.3972320648450371,-115.0,False,False,False,False,False,False,False,False,False,False,False,False,False,False,False,False,False,False,False,False,False,False,False,False,False,False,False,False,False,False,False,False,False,False,False,True,False,False,False,False,False,False,False,False,False,False,False,False,False,False,False,False,False,False,False,False,False,False,False,False,False,False,False,False,False,False,False,False,True,False,False,False,False,False,False,False,False,False,False,False,False,False,False,False,False,False,True,False,False,False,False,False,False,False,False,False,False,False,False,False,False,False,False,False,False,True,False,False,True,False,False
401,True,0.7088564151436977,11.577475247524752,62.7460396039604,45.34678217821782,-9.270660833815242,1.0782178217821783,2.605693069306931,1.4076732673267327,0.0,59.19554455445545,-4.7796940791724944,998.5056930693069,False,0.6315271191573802,35.5696229341582,374.5469944661121,99.6868696577345,3.7999975323690367,0.7073977621762141,5.818067626467772,2.3385439710568687,1.8118150730140565,281.0253468600995,-0.48577502352288054,-115.0,False,False,False,False,False,False,False,False,False,False,False,False,False,False,False,False,False,False,False,False,False,False,False,False,False,False,False,False,True,False,False,False,False,False,False,False,False,False,False,False,False,False,False,False,False,False,False,False,False,False,False,False,False,False,False,False,False,False,False,False,False,True,False,False,False,False,False,False,False,False,False,False,False,False,False,False,False,False,False,False,False,False,True,False,False,False,False,False,False,False,False,False,False,False,False,False,False,False,False,False,False,False,False,False,True,False,False,False,False,False,True
489,False,0.6933726892577768,26.44241969764239,218.03238569498657,105.80152697739109,2.429406387981839,0.9099748908825207,3.2385652960912075,1.474604182106774,1.3432916481351267,229.89509584173894,3.862369786486422,1050.7783874917027,True,0.6689151798722347,32.80514469728884,261.8357699357761,106.66786814588659,-1.0025786555348477,0.6252322655436964,6.218739946727259,3.696770224122655,1.5060135425760839,236.92016345127024,-0.09236759220946054,-115.0,False,False,False,False,False,False,False,False,False,False,False,False,False,False,False,False,False,False,False,False,False,False,False,False,False,False,False,False,False,False,False,False,False,False,False,True,False,False,False,False,False,False,False,False,False,False,False,False,False,False,False,False,False,False,False,False,False,False,False,False,False,False,False,False,False,False,False,False,True,False,False,False,False,True,False,False,False,False,False,False,False,False,False,False,False,False,False,False,False,False,False,False,False,False,False,False,False,False,False,False,False,False,False,False,False,False,False,True,False,False,False
291,True,0.6226395211495567,39.284750168693286,280.21632129373637,122.26655441757397,-1.3159798739081119,0.6048475122961449,5.698313856134457,1.7297122278380017,1.5566055199731343,234.64477011401232,-3.331080108807186,1202.6160354706772,False,0.7448034717278994,26.386003943910236,229.66236516936425,88.88900030544195,0.3682488078264188,1.2644198265637205,4.431791376459842,2.1959787029040014,1.8341212539793432,218.6012239109702,5.470327062462634,-115.0,False,False,False,False,False,False,False,False,False,False,False,False,False,False,False,False,False,False,False,False,True,False,False,False,False,False,False,False,False,False,False,False,False,False,False,False,False,False,False,False,False,False,False,False,False,False,False,True,False,False,False,False,False,False,False,False,False,False,False,False,False,False,False,False,False,False,False,False,False,False,False,False,False,False,False,False,False,True,False,False,False,False,False,False,False,False,False,False,False,False,False,False,False,False,False,False,False,False,False,False,False,False,False,False,False,True,False,True,False,False,False
271,False,0.6347907992553101,29.003036802890044,248.61515982324298,94.53815759765185,1.1458415055366862,0.4066590329968067,5.120601232138825,3.1545737509273293,1.723871883366126,201.65210947327677,-1.195453918692352,1060.8123810598975,True,0.7346371873105643,29.77036686319929,265.54193513857075,106.00009115899798,3.34343023796416,1.3981616762794078,4.535102035285325,2.342164393285092,2.227917389619463,264.3100922907938,4.98766487543274,-115.0,False,False,False,False,False,False,False,False,False,False,False,False,False,False,False,False,False,False,False,True,False,False,False,False,False,False,False,False,False,False,False,False,False,False,False,False,False,False,False,False,False,False,False,False,False,False,False,False,False,False,False,False,False,False,False,False,False,False,False,False,False,False,False,False,True,False,False,False,False,False,False,False,False,False,False,False,False,True,False,False,False,False,False,False,False,False,False,False,False,False,False,False,False,False,False,False,False,False,False,False,False,False,False,False,False,True,False,False,True,False,False
340,True,0.6377382985693011,30.79671418731373,308.3814315766984,87.81631624761738,-0.9182322568284665,0.993833641922672,3.4742714866687696,1.5115080821343192,1.2756381913326507,224.38168205876633,0.30933599357981245,973.0339779369332,False,0.7195407014163764,29.696132600986516,226.86659188071903,105.43070599069377,3.2481850833146195,0.6422223933754172,4.457294248355145,2.100586610838364,1.4135834040573456,214.48316969309397,3.7063949266321154,105.0,False,False,False,False,False,False,False,False,False,False,False,False,False,False,False,False,False,False,False,False,False,False,False,True,False,False,False,False,False,False,False,False,False,False,False,False,False,False,False,False,False,False,False,False,False,False,False,False,False,False,False,False,False,False,False,False,False,False,False,False,False,False,False,False,False,False,True,False,False,False,False,False,False,False,False,False,False,False,False,False,False,False,False,False,False,False,False,False,False,False,True,False,False,False,False,False,False,False,False,False,False,False,False,False,False,True,False,False,True,False,False
233,False,0.7188641561947756,27.79966436897312,201.61758425540586,125.1289920210982,6.505505174729943,0.7212886997069556,4.491399502315411,2.5309123946110024,1.9779535455065267,225.78210310611243,4.421617624438877,1215.8255661973467,True,0.61576341725465,28.03239006311448,235.38821789450685,96.62318460278615,-3.9868736366591104,0.6250194215365008,7.0091795872839775,3.327620360476253,1.5006078031903405,195.0314861762227,-0.34928208439656766,-115.0,False,False,False,False,False,False,False,False,False,False,False,False,False,False,False,False,True,False,False,False,False,False,False,False,False,False,False,False,False,False,False,False,False,False,False,False,False,False,False,False,False,False,False,False,True,False,False,False,False,False,False,False,False,False,False,False,False,False,False,False,False,False,False,False,False,False,False,False,False,False,False,False,False,False,False,False,False,False,False,True,False,False,False,False,False,False,False,False,False,False,False,False,False,False,False,False,False,False,False,False,False,False,False,False,False,True,False,False,True,False,False
195,False,0.7159506682599228,34.88303887555407,245.47484181732543,127.90100231212821,10.876249427406577,0.3043077074158802,3.8165283637969614,1.0152417655851032,2.6401432733309846,267.9843733104319,4.504091838358812,1184.950934433572,True,0.5792440923977705,31.250990764931814,282.98880340865753,102.371078829965,-2.444889088759529,0.4291536494982004,8.644849076715069,4.785217529181517,1.3146953406211268,220.96358908822802,-5.875149662957792,-115.0,False,False,False,False,False,False,False,False,False,False,False,False,False,False,True,False,False,False,False,False,False,False,False,False,False,False,False,False,False,False,False,False,False,False,False,False,False,False,False,False,False,False,False,False,False,False,False,False,False,True,False,False,False,False,False,False,False,False,False,False,False,False,False,False,False,False,False,False,False,False,False,False,False,False,False,False,False,False,False,False,False,True,False,False,False,False,False,False,False,False,False,False,False,False,False,False,False,False,False,False,False,False,False,False,False,True,False,False,True,False,False
359,False,0.6602020115458284,28.174552708900976,273.58080932941016,86.89594460486842,8.643111722972105,0.33402957752098233,3.971647069146083,1.1734063983335086,1.9119879095233687,220.94353016276807,4.75753327400138,1120.0576361440847,True,0.6147309773780398,35.70395362231734,308.1589449487206,91.0339054113719,-2.6033557950175368,0.6321226560321509,7.551151350802219,3.8821597387421334,1.2439216072802644,230.57994319621903,-2.1132092801410773,-115.0,False,False,False,False,False,False,False,False,False,False,False,False,False,False,False,False,False,False,False,False,False,False,False,False,True,False,False,False,False,False,False,False,False,False,False,False,False,False,False,False,False,False,False,False,False,False,False,False,False,False,False,False,True,False,False,False,False,False,False,False,False,False,False,False,False,False,False,False,False,False,False,False,False,False,False,False,False,False,False,False,False,True,False,False,False,False,False,False,False,False,False,False,False,False,False,False,False,False,False,False,False,False,False,False,False,True,False,False,True,False,False
562,True,0.6113577759938368,26.41954079331778,248.50667633967964,66.53744044234426,-1.4416492512975425,0.7764553636203211,5.9221779965098715,2.7415148722574068,0.9650595086370857,163.91198211799772,-1.1328306545479827,917.8531401345073,False,0.7153495903361583,31.336270481481325,242.2168755437926,104.56585752148966,1.0282060390390975,0.5582474774493725,5.223252028369282,2.2871116982667345,1.7054178403015132,225.30654144497728,6.616018301460632,-115.0,False,False,False,False,False,False,False,False,False,False,False,False,False,False,False,False,False,False,False,False,False,False,False,False,False,False,False,False,False,False,False,False,False,False,False,False,False,False,False,False,False,True,False,False,False,False,False,False,False,False,False,False,False,False,False,False,False,False,False,False,False,False,False,False,False,True,False,False,False,False,False,False,False,False,False,False,False,False,False,False,False,False,False,False,False,False,False,False,False,False,False,True,False,False,False,False,False,False,False,False,False,False,False,False,False,True,False,True,False,False,False
53,True,0.662926762039655,36.50775818909751,267.41435979316987,126.85985555465815,3.9076997320737847,0.6246555609282962,4.203472393749237,1.5228047988955564,1.1104825584788927,237.4832047992188,0.23258182393861915,1277.6255387848846,False,0.6567625644961974,29.325915801737178,217.27940756884044,81.25831178903145,0.4302090348252764,0.6881877927816422,5.603836177901703,2.3717145596542877,1.2667619931674672,192.98217043261067,0.651847770973493,-115.0,False,False,True,False,False,False,False,False,False,False,False,False,False,False,False,False,False,False,False,False,False,False,False,False,False,False,False,False,False,False,False,False,False,False,False,False,False,False,False,False,False,False,False,False,False,False,False,False,False,False,True,False,False,False,False,False,False,False,False,False,False,False,False,False,False,False,False,False,False,False,False,False,False,False,False,False,False,False,False,False,False,False,False,True,False,False,False,False,False,False,False,False,False,False,False,False,False,False,False,False,False,False,False,False,False,True,False,False,True,False,False
184,False,0.703336395153291,27.06064296060309,269.40281902069853,107.75064289611367,6.017603802326173,0.6236741536639459,4.296818550598346,3.010572319602916,2.002250917512511,243.30786556526857,8.272163913213298,1144.6153336001303,True,0.6130482619841162,35.0055743674005,315.6432033348256,100.1855876749359,-4.758549797207921,0.9071176876644202,8.711426418423482,3.4279430144052774,1.5034760851425468,214.53213619160104,-1.1059015531664562,-115.0,False,False,False,False,False,False,False,False,False,False,False,False,True,False,False,False,False,False,False,False,False,False,False,False,False,False,False,False,False,False,False,False,False,False,False,False,False,False,False,False,False,False,False,False,False,False,False,False,False,False,False,False,False,False,False,False,False,False,False,False,False,False,True,False,False,False,False,False,False,False,False,False,False,False,False,False,False,False,False,False,False,True,False,False,False,False,False,False,False,False,False,False,False,False,False,False,False,False,False,False,False,False,False,False,False,True,False,False,True,False,False
303,False,0.7343337116377596,29.931299366022827,192.62017058217003,138.7247642782626,4.610971516866663,0.34393015650494396,7.389190049322828,2.756164115845601,2.0039564617012595,241.87182664674827,6.017494183522731,1143.409799701317,True,0.7330252050420842,28.838610925274526,233.30648438980958,139.24827946373313,8.561344835961888,0.7700705099992828,4.490572355538674,2.122657062545139,2.306776590102702,272.80874459925644,7.30511960649886,-115.0,False,False,False,False,False,False,False,False,False,False,False,False,False,False,False,False,False,False,False,False,False,True,False,False,False,False,False,False,False,False,False,False,False,False,False,False,False,False,False,False,False,False,False,False,False,False,False,False,False,False,False,True,False,False,False,False,False,False,False,False,False,False,False,False,False,False,False,False,False,False,False,False,False,False,False,False,False,False,False,False,False,False,False,False,False,False,False,False,False,False,False,False,False,False,False,False,False,False,False,False,False,False,False,True,False,True,False,False,True,False,False
39,True,0.6490835934599097,31.616158227069867,261.29924808687826,110.695222026033,-1.3271726304461338,1.00846615390293,3.2047796336159613,2.3591060569377036,1.4646883535520399,217.15538613633802,-2.220475830510241,1268.3839452689917,False,0.700639228522256,28.411333158014198,211.60514506883524,94.16620483603593,1.75787438065736,0.948233384192888,3.2288226133925955,2.230210480505688,1.1559217917354168,207.30286864020223,1.909342846828617,-115.0,False,True,False,False,False,False,False,False,False,False,False,False,False,False,False,False,False,False,False,False,False,False,False,False,False,False,False,False,False,False,False,False,False,False,False,False,False,False,False,False,False,False,False,False,False,False,False,False,False,False,False,False,False,False,False,False,False,False,False,False,False,False,False,False,False,False,False,False,False,False,True,False,False,False,False,False,True,False,False,False,False,False,False,False,False,False,False,False,False,False,False,False,False,False,False,False,False,False,False,False,False,False,False,False,False,True,False,False,True,False,False
247,False,0.6170459896682623,38.26698536924333,290.9420572017501,125.57217613292262,-1.0130790889198922,0.6429178905939961,7.315437494181999,3.0370212055958374,1.8530713106820669,256.64226742057076,-3.544563915436417,1193.3630709626025,True,0.6603161992805671,32.00789879395695,256.5813976193695,103.11223242824907,-0.9654046495731569,0.9199527441910005,6.378429896207281,2.1412073103625517,1.716885660939465,229.79880620722244,-0.9892077733712096,-115.0,False,False,False,False,False,False,False,False,False,False,False,False,False,False,False,False,False,True,False,False,False,False,False,False,False,False,False,False,False,False,False,False,False,False,False,False,False,False,False,False,False,False,False,False,False,False,False,False,False,False,False,False,False,False,False,False,False,False,False,False,False,False,False,False,False,False,False,False,False,False,False,False,False,False,False,False,False,False,False,False,False,False,False,False,False,False,False,False,True,False,False,False,False,False,False,False,False,False,False,False,False,False,False,False,True,False,False,False,False,True,False
556,False,0.6855391261564743,24.84186371251606,193.59218997922557,100.94221111929998,-0.35586630598424857,1.0799412491430893,3.398972802806267,2.2117252765155837,1.0542838592248769,184.40343133258105,0.7301527235604166,1095.215378588053,True,0.6264884665265592,30.50927892626908,221.12343680143135,120.37446531969627,3.575406648437167,0.06703894201445237,4.16956411409982,1.8600465569072933,1.2764749268545876,210.59542609269602,-0.6011654498465822,-115.0,False,False,False,False,False,False,False,False,False,False,False,False,False,False,False,False,False,False,False,False,False,False,False,False,False,False,False,False,False,False,False,False,False,False,False,False,False,False,False,False,True,False,False,False,False,False,False,False,False,False,False,False,False,False,False,False,False,False,False,False,True,False,False,False,False,False,False,False,False,False,False,False,False,False,False,False,False,False,False,False,False,False,False,False,False,False,False,False,False,False,False,False,False,False,False,False,True,False,False,False,False,False,False,False,False,True,False,True,False,False,False
290,True,0.6242243971603899,40.962411702093355,300.602006257459,112.82757313808341,-2.745116693228824,0.7968583685449793,6.872355901041834,1.9613618036964164,1.415848466277457,238.34144115085635,-1.8483776627108155,1267.254623746089,False,0.638163716887407,29.981504857907186,201.06996935269552,118.35275811956853,4.111378292393952,0.18284287033429145,3.821613746886314,1.4917840782481748,1.6659649349668615,208.0700429754067,0.042720842088977334,-115.0,False,False,False,False,False,False,False,False,False,False,False,False,False,False,False,False,False,False,False,False,True,False,False,False,False,False,False,False,False,False,False,False,False,False,False,False,False,False,False,False,False,False,False,False,False,False,False,True,False,False,False,False,False,False,False,False,False,False,False,False,False,False,False,False,False,False,False,False,False,False,False,False,False,False,False,False,False,False,False,False,False,False,False,False,False,False,False,False,False,False,False,False,False,False,False,False,True,False,False,False,False,False,False,False,False,True,False,True,False,False,False
