,home_flag_passer,completion_percentage_ewma_passer,pass_attempts_ewma_passer,air_yards_ewma_passer,yards_after_catch_ewma_passer,epa_ewma_passer,interception_ewma_passer,qb_hit_ewma_passer,sack_ewma_passer,passing_yards_ewma_passer,cpoe_ewma_passer,total_top_seconds_ewma,home_flag_defense,completion_percentage_ewma_defense,pass_attempts_ewma_defense,air_yards_ewma_defense,yards_after_catch_ewma_defense,epa_ewma_defense,interception_ewma_defense,qb_hit_ewma_defense,sack_ewma_defense,passing_yards_ewma_defense,cpoe_ewma_defense,roof_dome,roof_outdoors,surface_astroturf,surface_fieldturf,surface_grass,surface_matrixturf,surface_sportturf
3,True,0.6892857193946837,6.55,79.55,17.95,2.968189978599548,0.0,0.55,0.55,59.1,11.473047506809234,1373.2500000000002,False,0.6680205320831496,28.6499020904235,204.82310842484554,97.94769813726089,0.863481323232473,0.40129422628900724,4.704105044213458,2.4057048950521547,208.98907498482404,2.0056978295997556,0,1,0,0,1,0,0
4,True,0.6892857193946837,6.55,79.55,17.95,2.968189978599548,0.0,0.55,0.55,59.1,11.473047506809234,1373.2500000000002,False,0.6680205320831496,28.6499020904235,204.82310842484554,97.94769813726089,0.863481323232473,0.40129422628900724,4.704105044213458,2.4057048950521547,208.98907498482404,2.0056978295997556,0,1,0,0,1,0,0
8,True,0.6806773194838996,27.11295681063123,145.39534883720933,132.98338870431894,0.29572703751218626,1.0598006644518274,5.39202657807309,2.06312292358804,188.30564784053155,1.4158485545668489,1072.6777408637874,False,0.6910624293916475,30.02607824507286,216.07698948723706,94.85223423459188,-7.8928752185460205,0.9126815806604719,5.841144579879856,2.6659138412352945,204.7390619123741,-0.7777536960545771,0,1,0,0,1,0,0
9,True,0.6806773194838996,27.11295681063123,145.39534883720933,132.98338870431894,0.29572703751218626,1.0598006644518274,5.39202657807309,2.06312292358804,188.30564784053155,1.4158485545668489,1072.6777408637874,False,0.6910624293916475,30.02607824507286,216.07698948723706,94.85223423459188,-7.8928752185460205,0.9126815806604719,5.841144579879856,2.6659138412352945,204.7390619123741,-0.7777536960545771,0,1,0,0,1,0,0
10,True,0.7259789235816144,25.428465346534654,121.54430693069308,137.27178217821782,1.4501408578735766,0.7106435643564357,4.6039603960396045,2.0423267326732675,192.15841584158414,4.10914285867521,1030.2841584158416,False,0.6725117388029105,28.92149044944337,236.8598898726744,102.11545504297372,3.8110990175658217,0.3543501434229714,5.3469641602785405,2.4510861414703573,211.0930224950568,3.25768838126079,0,1,0,0,1,0,0
11,True,0.7259789235816144,25.428465346534654,121.54430693069308,137.27178217821782,1.4501408578735766,0.7106435643564357,4.6039603960396045,2.0423267326732675,192.15841584158414,4.10914285867521,1030.2841584158416,False,0.6725117388029105,28.92149044944337,236.8598898726744,102.11545504297372,3.8110990175658217,0.3543501434229714,5.3469641602785405,2.4510861414703573,211.0930224950568,3.25768838126079,0,1,0,0,1,0,0
13,True,0.7185805367739228,28.10681708221785,191.79338289842923,137.63929135890075,6.262809950390721,0.8945150469309421,3.5867641841112157,1.0778489178466601,216.0264071218914,5.175506684864943,1101.482516208109,False,0.6906462862497943,36.34899117264912,259.72266683574344,103.10286581497223,1.772784841828417,0.393971024702109,7.0101097989045975,2.8747836724789155,231.50575367965567,3.8949037396824306,0,1,0,0,1,0,0
14,True,0.7185805367739228,28.10681708221785,191.79338289842923,137.63929135890075,6.262809950390721,0.8945150469309421,3.5867641841112157,1.0778489178466601,216.0264071218914,5.175506684864943,1101.482516208109,False,0.6906462862497943,36.34899117264912,259.72266683574344,103.10286581497223,1.772784841828417,0.393971024702109,7.0101097989045975,2.8747836724789155,231.50575367965567,3.8949037396824306,0,1,0,0,1,0,0
15,True,0.7060713842958317,30.00875708861998,203.40924111352666,125.67821619969585,2.86097568192746,0.678972854154207,3.927297244692369,1.5410101139796641,216.7429235534169,5.1241279150190735,1091.245936365673,False,0.6792225614285576,37.69281837821043,301.1011022533936,122.43411040745741,0.048048472955281564,1.2455892193723315,7.490791833511274,2.8282867061127552,282.55496212638184,0.1960586531533422,0,1,0,0,1,0,0
16,True,0.7060713842958317,30.00875708861998,203.40924111352666,125.67821619969585,2.86097568192746,0.678972854154207,3.927297244692369,1.5410101139796641,216.7429235534169,5.1241279150190735,1091.245936365673,False,0.6792225614285576,37.69281837821043,301.1011022533936,122.43411040745741,0.048048472955281564,1.2455892193723315,7.490791833511274,2.8282867061127552,282.55496212638184,0.1960586531533422,0,1,0,0,1,0,0
17,False,0.7079401878300094,31.144288905119176,180.5656548606941,130.75652958902626,1.3314830776251114,0.5245032576788478,3.7163326526266447,1.8729373443192827,213.6163422141195,3.3559717677400744,1030.901207550007,True,0.6363036710674896,28.589423509192972,219.38814723450383,108.50700406172385,-1.185869654183152,0.7096994098158165,5.332702728603319,2.975442731657989,196.59831423813486,-4.428127445405157,1,0,0,0,0,1,0
18,False,0.7079401878300094,31.144288905119176,180.5656548606941,130.75652958902626,1.3314830776251114,0.5245032576788478,3.7163326526266447,1.8729373443192827,213.6163422141195,3.3559717677400744,1030.901207550007,True,0.6363036710674896,28.589423509192972,219.38814723450383,108.50700406172385,-1.185869654183152,0.7096994098158165,5.332702728603319,2.975442731657989,196.59831423813486,-4.428127445405157,1,0,0,0,0,1,0
22,False,0.6211917955739826,26.080270338946416,155.83460677821287,116.7624722958922,-3.5687833154043536,0.5314667928591604,3.4215236278353105,1.7028314657211394,170.36729612495301,-5.671068462916304,967.291376136859,True,0.5955211027820898,34.79282874060974,298.1167582716679,105.4604499177829,-0.6906560072871409,0.69844236869775,6.453037590513652,1.8861385385845653,229.20813686549138,-3.0600428006496125,0,1,0,0,1,0,0
23,False,0.6211917955739826,26.080270338946416,155.83460677821287,116.7624722958922,-3.5687833154043536,0.5314667928591604,3.4215236278353105,1.7028314657211394,170.36729612495301,-5.671068462916304,967.291376136859,True,0.5955211027820898,34.79282874060974,298.1167582716679,105.4604499177829,-0.6906560072871409,0.69844236869775,6.453037590513652,1.8861385385845653,229.20813686549138,-3.0600428006496125,0,1,0,0,1,0,0
24,True,0.6322363950747242,27.66261783051109,167.05634954984873,125.40125119771537,-0.7445670615536166,0.4252807003380759,2.9377076388738836,1.3626088553974955,193.0709023882597,-3.6743277132650354,1003.7962247908234,False,0.6732625654243943,31.275130393939264,250.7228981721906,101.37206524485518,-3.5504204507073003,1.0022024815503383,5.546297114120321,2.9621822985818738,215.0689884549814,1.712490260231029,0,1,0,0,1,0,0
25,True,0.6322363950747242,27.66261783051109,167.05634954984873,125.40125119771537,-0.7445670615536166,0.4252807003380759,2.9377076388738836,1.3626088553974955,193.0709023882597,-3.6743277132650354,1003.7962247908234,False,0.6732625654243943,31.275130393939264,250.7228981721906,101.37206524485518,-3.5504204507073003,1.0022024815503383,5.546297114120321,2.9621822985818738,215.0689884549814,1.712490260231029,0,1,0,0,1,0,0
27,True,0.6113577759938368,26.41954079331778,248.50667633967964,66.53744044234426,-1.4416492512975425,0.7764553636203211,5.9221779965098715,2.7415148722574068,163.91198211799772,-1.1328306545479827,917.8531401345073,False,0.7153495903361583,31.336270481481325,242.21687554378852,104.56585752148966,1.0282060390335295,0.5582474774504131,5.223252028369282,2.2871116982667345,225.30654144497728,6.616018301458588,0,1,0,1,0,0,0
28,True,0.6113577759938368,26.41954079331778,248.50667633967964,66.53744044234426,-1.4416492512975425,0.7764553636203211,5.9221779965098715,2.7415148722574068,163.91198211799772,-1.1328306545479827,917.8531401345073,False,0.7153495903361583,31.336270481481325,242.21687554378852,104.56585752148966,1.0282060390335295,0.5582474774504131,5.223252028369282,2.2871116982667345,225.30654144497728,6.616018301458588,0,1,0,1,0,0,0
36,True,0.685948856507878,34.063214446775554,284.053646006941,157.5133428756299,8.44697074026611,0.23487774749514714,2.1069782945432443,1.7065743808944924,276.74506382227804,2.666977100041715,1314.6405364600696,False,0.6854483435049246,33.460779884148764,261.726727526927,94.63940765359635,3.6941977400475645,0.100916606756145,2.867112620355966,1.272128104838264,226.81337169351238,1.833380322183048,0,1,0,0,1,0,0
37,True,0.685948856507878,34.063214446775554,284.053646006941,157.5133428756299,8.44697074026611,0.23487774749514714,2.1069782945432443,1.7065743808944924,276.74506382227804,2.666977100041715,1314.6405364600696,False,0.6854483435049246,33.460779884148764,261.726727526927,94.63940765359635,3.6941977400475645,0.100916606756145,2.867112620355966,1.272128104838264,226.81337169351238,1.833380322183048,0,1,0,0,1,0,0
38,False,0.6997619500473553,31.189715511402124,272.35165790407376,144.1335483662871,9.387344801386329,0.17387188336612586,1.8194577944069927,1.5230526078121471,271.35685417540236,3.9144378381241025,1200.450703157759,True,0.6622269373889534,32.17545368215951,284.7922588481418,116.10375725501447,1.559148013001124,0.9287431257719867,5.727639608424358,2.692683671811468,249.6499950916397,1.1060083638925389,1,0,0,1,0,0,0
39,False,0.6997619500473553,31.189715511402124,272.35165790407376,144.1335483662871,9.387344801386329,0.17387188336612586,1.8194577944069927,1.5230526078121471,271.35685417540236,3.9144378381241025,1200.450703157759,True,0.6622269373889534,32.17545368215951,284.7922588481418,116.10375725501447,1.559148013001124,0.9287431257719867,5.727639608424358,2.692683671811468,249.6499950916397,1.1060083638925389,1,0,0,1,0,0,0
40,False,0.668838767231312,35.48127861681988,321.90464725661417,135.18585490052436,0.07700082492634665,0.37293557311032594,3.308720187603517,2.1198974279597085,260.9095940058495,0.6947270739859069,1204.679378724531,True,0.6747723724830015,29.037747199219407,254.0737375796639,103.65362102755962,3.669858301192251,0.6504589433779893,4.4575169907242325,1.7351071601349,220.8937186216102,2.323736858220975,1,0,0,0,0,0,1
41,False,0.668838767231312,35.48127861681988,321.90464725661417,135.18585490052436,0.07700082492634665,0.37293557311032594,3.308720187603517,2.1198974279597085,260.9095940058495,0.6947270739859069,1204.679378724531,True,0.6747723724830015,29.037747199219407,254.0737375796639,103.65362102755962,3.669858301192251,0.6504589433779893,4.4575169907242325,1.7351071601349,220.8937186216102,2.323736858220975,1,0,0,0,0,0,1
42,True,0.6588652364152184,32.86923240008182,285.52556938164815,123.99583587061187,-0.34328309801395673,0.2880909329495349,3.238484857116973,2.3201250045530917,236.13213650449563,-1.6575971006260952,1150.606174622981,False,0.6818400595039763,32.029980206878186,242.96039780244465,99.74754316978965,-1.5069645408974812,0.7007755540688606,3.805921009144449,1.8145580697912105,219.83159516891206,3.50063097830864,0,1,0,0,1,0,0
43,True,0.6588652364152184,32.86923240008182,285.52556938164815,123.99583587061187,-0.34328309801395673,0.2880909329495349,3.238484857116973,2.3201250045530917,236.13213650449563,-1.6575971006260952,1150.606174622981,False,0.6818400595039763,32.029980206878186,242.96039780244465,99.74754316978965,-1.5069645408974812,0.7007755540688606,3.805921009144449,1.8145580697912105,219.83159516891206,3.50063097830864,0,1,0,0,1,0,0
47,True,0.6247981354101781,29.625822261209255,236.01220535591708,107.27836169817182,-3.8588591138873802,0.5740699088379964,2.749650515442815,1.992236090238,191.4063432522047,-5.50860853200796,1162.1582998271028,False,0.676465344739144,25.65201044617361,225.16181911532107,89.64949406123755,-1.1253901542117806,0.6907808715719052,4.030673021498004,2.496751604763744,194.5988487552853,2.5019047882845524,0,1,0,0,1,0,0
48,True,0.6247981354101781,29.625822261209255,236.01220535591708,107.27836169817182,-3.8588591138873802,0.5740699088379964,2.749650515442815,1.992236090238,191.4063432522047,-5.50860853200796,1162.1582998271028,False,0.676465344739144,25.65201044617361,225.16181911532107,89.64949406123755,-1.1253901542117806,0.6907808715719052,4.030673021498004,2.496751604763744,194.5988487552853,2.5019047882845524,0,1,0,0,1,0,0
50,False,0.5928257488354517,30.17957034706117,258.8553561625271,96.60976194380858,-3.200709326481097,0.7238992240898248,3.2598395691304844,2.258794499887919,196.9796621861428,-6.396385815735124,1154.2405611639872,True,0.6985997099007655,29.824337186663207,244.24966115221062,108.6186516686463,4.062776268561473,0.922669623300487,3.2924387187716553,2.072289730138127,237.52650747487,2.3470720953964066,0,1,0,0,1,0,0
55,False,0.6543241124913163,35.07837101233309,259.26379874904416,135.44503048959825,4.371029375123079,0.6493990313915413,3.943373659340013,1.087135546361836,230.47546126546538,-1.8832419674954357,1235.2786415952628,True,0.6513001220546596,29.429161577861407,203.07983076143563,121.21831768478759,6.787655402093613,0.27313564580802824,3.1409291774474553,1.4630354749139407,218.37623703733732,-0.15292954721058594,0,1,0,0,1,0,0
56,False,0.6543241124913163,35.07837101233309,259.26379874904416,135.44503048959825,4.371029375123079,0.6493990313915413,3.943373659340013,1.087135546361836,230.47546126546538,-1.8832419674954357,1235.2786415952628,True,0.6513001220546596,29.429161577861407,203.07983076143563,121.21831768478759,6.787655402093613,0.27313564580802824,3.1409291774474553,1.4630354749139407,218.37623703733732,-0.15292954721058594,0,1,0,0,1,0,0
58,True,0.6252937520366363,37.43172883506361,270.78001431155536,132.40235165430948,2.0347069105379565,0.3648916139753792,4.011993034372081,1.2899205274791519,231.0338478755937,-2.982759769042214,1247.8836263266785,False,0.6823820149169125,32.55746315608324,269.3082947778524,122.32642575954456,2.2160686596662256,0.5747957379688059,5.971555508264041,2.70526972651162,258.6499135734951,5.577550735493801,0,1,0,0,1,0,0
59,True,0.6252937520366363,37.43172883506361,270.78001431155536,132.40235165430948,2.0347069105379565,0.3648916139753792,4.011993034372081,1.2899205274791519,231.0338478755937,-2.982759769042214,1247.8836263266785,False,0.6823820149169125,32.55746315608324,269.3082947778524,122.32642575954456,2.2160686596662256,0.5747957379688059,5.971555508264041,2.70526972651162,258.6499135734951,5.577550735493801,0,1,0,0,1,0,0
60,False,0.6374146743963727,35.285965071014225,277.2001970554805,120.7080689310088,4.777987523565204,0.509381832556428,3.326750103436908,0.9964573909989811,234.66622442913572,-0.26381093872053046,1154.8606308156993,True,0.6153241091820439,29.104620521185815,263.383626602259,89.59205608832391,-6.640507608960685,1.3188426134341058,5.2959663331397815,2.244829861641385,200.40004795649628,-5.522302635799143,0,0,1,0,0,0,0
61,False,0.6374146743963727,35.285965071014225,277.2001970554805,120.7080689310088,4.777987523565204,0.509381832556428,3.326750103436908,0.9964573909989811,234.66622442913572,-0.26381093872053046,1154.8606308156993,True,0.6153241091820439,29.104620521185815,263.383626602259,89.59205608832391,-6.640507608960685,1.3188426134341058,5.2959663331397815,2.244829861641385,200.40004795649628,-5.522302635799143,0,0,1,0,0,0,0
62,True,0.6075180499735389,35.44131408443251,312.8373021221557,114.46219774945288,2.9769524703553145,0.6161231769689623,3.4732257210423434,0.9972281387465972,221.24981195768342,-2.431831560109544,1106.591521400373,False,0.6986536418812672,32.98704222300138,248.27173216843224,109.79452032349917,3.4956626740903904,0.569468723864999,3.9234821248767333,1.9762836671599748,239.4344186379047,1.2817527513689952,0,1,0,0,1,0,0
63,True,0.6075180499735389,35.44131408443251,312.8373021221557,114.46219774945288,2.9769524703553145,0.6161231769689623,3.4732257210423434,0.9972281387465972,221.24981195768342,-2.431831560109544,1106.591521400373,False,0.6986536418812672,32.98704222300138,248.27173216843224,109.79452032349917,3.4956626740903904,0.569468723864999,3.9234821248767333,1.9762836671599748,239.4344186379047,1.2817527513689952,0,1,0,0,1,0,0
66,False,0.6255980328612113,36.14335607689308,279.96963144511403,130.24440127778814,3.4221795581447685,0.777195051605649,3.764764370982188,1.1620770351458198,243.7061464074273,-2.3918478682027473,1094.629971643058,True,0.6981520884834097,27.85082877024192,229.28139025729692,103.74864065586219,2.6597984246344897,0.7849384807921768,4.1144707479896345,1.900716968802445,215.03498536188053,2.0900981292336995,1,0,0,0,1,0,0
67,False,0.6255980328612113,36.14335607689308,279.96963144511403,130.24440127778814,3.4221795581447685,0.777195051605649,3.764764370982188,1.1620770351458198,243.7061464074273,-2.3918478682027473,1094.629971643058,True,0.6981520884834097,27.85082877024192,229.28139025729692,103.74864065586219,2.6597984246344897,0.7849384807921768,4.1144707479896345,1.900716968802445,215.03498536188053,2.0900981292336995,1,0,0,0,1,0,0
68,True,0.662926762039655,36.50775818909751,267.41435979316987,126.85985555465815,3.9076997320737847,0.6246555609282962,4.203472393749237,1.5228047988955564,237.4832047992188,0.23258182393861915,1277.6255387848846,False,0.6567625644961974,29.325915801737178,217.27940756884044,81.25831178903145,0.4302090348252764,0.6881877927816422,5.603836177901703,2.3717145596542877,192.98217043261067,0.6518477709734928,0,1,0,0,1,0,0
69,True,0.662926762039655,36.50775818909751,267.41435979316987,126.85985555465815,3.9076997320737847,0.6246555609282962,4.203472393749237,1.5228047988955564,237.4832047992188,0.23258182393861915,1277.6255387848846,False,0.6567625644961974,29.325915801737178,217.27940756884044,81.25831178903145,0.4302090348252764,0.6881877927816422,5.603836177901703,2.3717145596542877,192.98217043261067,0.6518477709734928,0,1,0,0,1,0,0
70,True,0.6655471294872786,36.02257380074984,278.16870004890654,123.01750268672569,7.134927565865176,0.5038013543406838,3.9706325530528472,1.2281826466732428,249.9654855684457,1.8480874093347863,1248.4835105691645,False,0.6611083785663873,35.56744332913982,275.31129218158407,90.9355441740934,-6.707239186734596,1.2618891900545284,5.867703569986551,2.436410670648047,218.1960359307254,-0.28577309440151055,0,1,0,0,1,0,0
71,True,0.6655471294872786,36.02257380074984,278.16870004890654,123.01750268672569,7.134927565865176,0.5038013543406838,3.9706325530528472,1.2281826466732428,249.9654855684457,1.8480874093347863,1248.4835105691645,False,0.6611083785663873,35.56744332913982,275.31129218158407,90.9355441740934,-6.707239186734596,1.2618891900545284,5.867703569986551,2.436410670648047,218.1960359307254,-0.28577309440151055,0,1,0,0,1,0,0
76,True,0.682543897235635,30.038685515970272,235.83261112527202,89.49834316974177,3.3278166528603688,1.2763867375149507,4.321758396894179,0.7651222525048529,216.21346640261956,5.6671714307710195,1198.139310993902,False,0.6575192783735727,31.152410973062775,256.2524921352023,130.438659821019,4.19425496275938,0.4161581406790128,6.506277983952799,2.651672608712798,260.03207689510185,3.329251754885734,0,1,0,0,1,0,0
77,True,0.682543897235635,30.038685515970272,235.83261112527202,89.49834316974177,3.3278166528603688,1.2763867375149507,4.321758396894179,0.7651222525048529,216.21346640261956,5.6671714307710195,1198.139310993902,False,0.6575192783735727,31.152410973062775,256.2524921352023,130.438659821019,4.19425496275938,0.4161581406790128,6.506277983952799,2.651672608712798,260.03207689510185,3.329251754885734,0,1,0,0,1,0,0
83,True,0.6359206984429773,32.432324856375374,225.39556087135549,89.17832983666987,-4.3533103498827534,0.7015940863904628,5.741083508166507,1.8886100272543673,186.70839787455148,0.18680226650778728,1240.5760671359385,False,0.7217701949542892,34.882136319581136,282.2506625693844,136.8333026778382,8.241086715136156,0.36481832462006786,6.179731067900605,2.732563418616124,282.67456225176426,8.523034209293309,0,1,0,0,1,0,0
84,True,0.6359206984429773,32.432324856375374,225.39556087135549,89.17832983666987,-4.3533103498827534,0.7015940863904628,5.741083508166507,1.8886100272543673,186.70839787455148,0.18680226650778728,1240.5760671359385,False,0.7217701949542892,34.882136319581136,282.2506625693844,136.8333026778382,8.241086715136156,0.36481832462006786,6.179731067900605,2.732563418616124,282.67456225176426,8.523034209293309,0,1,0,0,1,0,0
85,False,0.6415413299250998,28.979009129499183,187.36966358323969,95.89088806043335,-1.9859602289776044,0.5913685081312131,5.6573681455137805,1.4993021722634114,177.3949071156667,2.0331283975323564,1178.243672931044,True,0.6862863590289011,36.28553823216746,256.1367274110628,100.35689021225002,0.022271567669404923,0.3223399293017255,6.644635290012853,2.897550277482749,229.23198028335466,4.088972373760501,0,1,0,0,1,0,0
86,False,0.6415413299250998,28.979009129499183,187.36966358323969,95.89088806043335,-1.9859602289776044,0.5913685081312131,5.6573681455137805,1.4993021722634114,177.3949071156667,2.0331283975323564,1178.243672931044,True,0.6862863590289011,36.28553823216746,256.1367274110628,100.35689021225002,0.022271567669404923,0.3223399293017255,6.644635290012853,2.897550277482749,229.23198028335466,4.088972373760501,0,1,0,0,1,0,0
87,True,0.6273009013118627,26.708736460972773,173.1802645416414,79.3078597456246,-2.286157987670914,0.6843341418379175,4.825299266555277,1.3857085218002037,160.24220239824191,-1.0451238400909446,1154.5277349605542,False,0.6810459683563894,28.826921678816294,252.18159292522958,101.27225870439942,4.345820800375414,0.435431193500968,4.157511373955891,1.971435371660553,221.5734810607473,2.4261972150528277,0,1,0,0,1,0,0
88,True,0.6273009013118627,26.708736460972773,173.1802645416414,79.3078597456246,-2.286157987670914,0.6843341418379175,4.825299266555277,1.3857085218002037,160.24220239824191,-1.0451238400909446,1154.5277349605542,False,0.6810459683563894,28.826921678816294,252.18159292522958,101.27225870439942,4.345820800375414,0.435431193500968,4.157511373955891,1.971435371660553,221.5734810607473,2.4261972150528277,0,1,0,0,1,0,0
92,False,0.675355946162909,27.565977893613628,181.9875556933458,120.77900162945342,0.9620577422395581,0.7056934919219483,4.454793144657878,1.996021764283684,205.3375203139918,1.5155081553441672,1146.0546939895737,True,0.6412459386848739,26.26073581959659,226.0414883670809,90.44049514101255,-2.705502072861841,0.7470025312861043,3.6614597448620034,2.0427967675339724,181.39905807250614,-0.9493113571927904,1,0,0,0,0,0,1
93,False,0.675355946162909,27.565977893613628,181.9875556933458,120.77900162945342,0.9620577422395581,0.7056934919219483,4.454793144657878,1.996021764283684,205.3375203139918,1.5155081553441672,1146.0546939895737,True,0.6412459386848739,26.26073581959659,226.0414883670809,90.44049514101255,-2.705502072861841,0.7470025312861043,3.6614597448620034,2.0427967675339724,181.39905807250614,-0.9493113571927904,1,0,0,0,0,0,1
94,True,0.6654726223249648,26.866086083269824,186.50419090161924,106.88725999149126,2.2813333154957904,0.5671875588106854,4.1692619837626115,1.8005333186052077,197.02796691179736,2.6093910889829837,1128.9685344022114,False,0.6914070469467924,33.61741527731405,279.866289372389,137.65634543239335,4.1130245263047165,0.7899161345943436,4.865294190156595,2.044000377236109,274.54633063034345,2.8790628140078502,0,1,0,0,1,0,0
95,True,0.6654726223249648,26.866086083269824,186.50419090161924,106.88725999149126,2.2813333154957904,0.5671875588106854,4.1692619837626115,1.8005333186052077,197.02796691179736,2.6093910889829837,1128.9685344022114,False,0.6914070469467924,33.61741527731405,279.866289372389,137.65634543239335,4.1130245263047165,0.7899161345943436,4.865294190156595,2.044000377236109,274.54633063034345,2.8790628140078502,0,1,0,0,1,0,0
98,True,0.5415640520762235,28.53771494676575,236.6778298464736,118.09460598811788,-9.480455575551508,1.3819729024921081,10.092978569047666,2.8961588988451203,203.84894413835022,-7.804771530246272,792.3113468363365,False,0.6220120669768172,26.89090320434998,236.26239812623893,82.64808868034204,-2.1016396900540437,0.9956104342510251,4.7376741409326035,1.8565181231079682,188.94829695868683,-2.9943729027465213,0,1,0,0,1,0,0
99,True,0.5415640520762235,28.53771494676575,236.6778298464736,118.09460598811788,-9.480455575551508,1.3819729024921081,10.092978569047666,2.8961588988451203,203.84894413835022,-7.804771530246272,792.3113468363365,False,0.6220120669768172,26.89090320434998,236.26239812623893,82.64808868034204,-2.1016396900540437,0.9956104342510251,4.7376741409326035,1.8565181231079682,188.94829695868683,-2.9943729027465213,0,1,0,0,1,0,0
100,False,0.630834819204998,31.38863829536618,262.90376329160875,120.08977297781955,2.4174006515179207,0.6584319230652572,3.3398238136282408,1.5519536524321418,236.85624476595197,-2.1471853432789425,1063.6464062449631,True,0.7098106824319727,31.523846727311454,232.1754624111911,143.85092563180237,8.740186470985696,0.9136383660120619,3.742621560701413,1.4030046352993635,253.02602836110347,3.8577113250033763,0,1,0,1,0,0,0
101,False,0.630834819204998,31.38863829536618,262.90376329160875,120.08977297781955,2.4174006515179207,0.6584319230652572,3.3398238136282408,1.5519536524321418,236.85624476595197,-2.1471853432789425,1063.6464062449631,True,0.7098106824319727,31.523846727311454,232.1754624111911,143.85092563180237,8.740186470985696,0.9136383660120619,3.742621560701413,1.4030046352993635,253.02602836110347,3.8577113250033763,0,1,0,1,0,0,0
102,True,0.7171078242301225,26.81027803760926,265.4937957617005,92.21073444505372,11.224771325514324,0.44529722930039034,3.391702415895236,1.1093684482146888,270.79781472760703,11.667228361707663,918.386478727865,False,0.626794395814945,28.390852877326953,244.58541751695483,98.67455292206412,-5.841289952306401,1.254073533648479,5.1705176087643645,2.3657334970198467,199.60994818192657,-6.626330064195733,0,1,0,1,0,0,0
103,True,0.7171078242301225,26.81027803760926,265.4937957617005,92.21073444505372,11.224771325514324,0.44529722930039034,3.391702415895236,1.1093684482146888,270.79781472760703,11.667228361707663,918.386478727865,False,0.626794395814945,28.390852877326953,244.58541751695483,98.67455292206412,-5.841289952306401,1.254073533648479,5.1705176087643645,2.3657334970198467,199.60994818192657,-6.626330064195733,0,1,0,1,0,0,0
112,False,0.7455334415499087,28.17191819768239,210.01762710535087,94.08184153251898,3.7402080423806106,0.5129899413736985,4.6831434677751425,2.285876747514755,220.70775082841513,6.110525607486578,1236.543656006745,True,0.7025130237655594,36.21639146161993,259.97012588624244,140.90566897295912,3.665389471044567,0.8810736674370458,7.137037509953218,3.557664605053062,256.9413511675825,2.9816766083695403,0,1,0,1,0,0,0
113,False,0.7455334415499087,28.17191819768239,210.01762710535087,94.08184153251898,3.7402080423806106,0.5129899413736985,4.6831434677751425,2.285876747514755,220.70775082841513,6.110525607486578,1236.543656006745,True,0.7025130237655594,36.21639146161993,259.97012588624244,140.90566897295912,3.665389471044567,0.8810736674370458,7.137037509953218,3.557664605053062,256.9413511675825,2.9816766083695403,0,1,0,1,0,0,0
114,True,0.6763487867396984,33.32195593974777,265.59624068638516,97.95660258684643,-0.7440081926790681,0.6394832758120181,5.284911137631843,2.471359223300971,222.86153436764184,0.846239257278229,1169.3909379737447,False,0.669285602895568,32.72994355881033,275.66830520397593,95.66770264414299,3.043165295552949,0.06755574501857639,2.9771580351143245,1.363986582577681,233.7345711336736,1.2828130562978248,0,0,1,0,0,0,0
115,True,0.6763487867396984,33.32195593974777,265.59624068638516,97.95660258684643,-0.7440081926790681,0.6394832758120181,5.284911137631843,2.471359223300971,222.86153436764184,0.846239257278229,1169.3909379737447,False,0.669285602895568,32.72994355881033,275.66830520397593,95.66770264414299,3.043165295552949,0.06755574501857639,2.9771580351143245,1.363986582577681,233.7345711336736,1.2828130562978248,0,0,1,0,0,0,0
116,True,0.7036073494969538,34.44917663671922,283.0426381520058,109.53313141372786,4.058812840654484,0.7263533240362177,4.493379511516506,1.8758609273730058,245.78608278096291,2.694323682380006,1354.1129264954334,False,0.5951391095151621,31.568992444140555,279.1726573349872,97.93997358836732,-1.7550335961654957,0.7147620768621642,8.527603790039601,4.278814342057604,225.51566380030513,-5.055109296761987,0,0,1,0,0,0,0
117,True,0.7036073494969538,34.44917663671922,283.0426381520058,109.53313141372786,4.058812840654484,0.7263533240362177,4.493379511516506,1.8758609273730058,245.78608278096291,2.694323682380006,1354.1129264954334,False,0.5951391095151621,31.568992444140555,279.1726573349872,97.93997358836732,-1.7550335961654957,0.7147620768621642,8.527603790039601,4.278814342057604,225.51566380030513,-5.055109296761987,0,0,1,0,0,0,0
119,False,0.6728614686428918,29.999309037703913,271.6728340896052,96.90125519718657,4.655203599810325,0.6565927568453835,4.337769301192322,1.924966960187135,222.67036153505484,1.5104004494692438,1295.8399488635937,True,0.7065512173494213,30.888845810617557,199.5854951521116,133.5130101276091,3.195787927198647,0.548148419658299,5.413299369219578,1.5085541353454852,233.84285214647647,3.8151372976628615,0,1,0,0,1,0,0
120,False,0.6728614686428918,29.999309037703913,271.6728340896052,96.90125519718657,4.655203599810325,0.6565927568453835,4.337769301192322,1.924966960187135,222.67036153505484,1.5104004494692438,1295.8399488635937,True,0.7065512173494213,30.888845810617557,199.5854951521116,133.5130101276091,3.195787927198647,0.548148419658299,5.413299369219578,1.5085541353454852,233.84285214647647,3.8151372976628615,0,1,0,0,1,0,0
121,True,0.6331628457748385,30.20951034358477,278.67341075075444,91.04042453203628,3.7170193019374618,0.5186714003817138,5.317099602086181,2.1507842777686133,218.5384808270189,-0.08864757150237156,1221.0935738547892,False,0.6972835678378653,29.171680837261867,239.3525754771733,102.77161952983937,3.4384219997728613,0.6840852189769522,3.297382441769803,1.696947202249079,232.28664083633205,2.7547646298714645,0,0,1,0,0,0,0
122,True,0.6331628457748385,30.20951034358477,278.67341075075444,91.04042453203628,3.7170193019374618,0.5186714003817138,5.317099602086181,2.1507842777686133,218.5384808270189,-0.08864757150237156,1221.0935738547892,False,0.6972835678378653,29.171680837261867,239.3525754771733,102.77161952983937,3.4384219997728613,0.6840852189769522,3.297382441769803,1.696947202249079,232.28664083633205,2.7547646298714645,0,0,1,0,0,0,0
128,False,0.5216309280889259,32.44693241308994,272.89766867316325,75.6023999529421,-8.593580666243971,0.7141232524852454,7.196525558322386,3.3706201839179624,185.45073626007334,-11.156637904723532,978.4760690966845,True,0.6747390701910722,32.09842688451968,244.68816943235018,102.75789650284968,4.682384234756324,0.48554577704295426,3.9069337561192485,1.671376626872327,237.11277257483007,-0.5405813330998013,1,0,0,0,1,0,0
129,False,0.5216309280889259,32.44693241308994,272.89766867316325,75.6023999529421,-8.593580666243971,0.7141232524852454,7.196525558322386,3.3706201839179624,185.45073626007334,-11.156637904723532,978.4760690966845,True,0.6747390701910722,32.09842688451968,244.68816943235018,102.75789650284968,4.682384234756324,0.48554577704295426,3.9069337561192485,1.671376626872327,237.11277257483007,-0.5405813330998013,1,0,0,0,1,0,0
131,False,0.6180305127349633,33.28068303196597,257.87155889180525,97.3534494425471,-10.544107620212424,0.8393683655869255,6.8256552786747635,4.281614738426471,209.4149639674428,-3.568439795735021,1006.459799042478,True,0.6943584407485988,38.069000240034974,295.1235694208144,127.19724605355906,1.9183247069627067,1.3001646014550718,7.822078907624891,2.5679059741378114,287.7893981544667,1.8294164213793143,0,0,0,1,0,0,0
132,False,0.6180305127349633,33.28068303196597,257.87155889180525,97.3534494425471,-10.544107620212424,0.8393683655869255,6.8256552786747635,4.281614738426471,209.4149639674428,-3.568439795735021,1006.459799042478,True,0.6943584407485988,38.069000240034974,295.1235694208144,127.19724605355906,1.9183247069627067,1.3001646014550718,7.822078907624891,2.5679059741378114,287.7893981544667,1.8294164213793143,0,0,0,1,0,0,0
133,True,0.6164563140123493,33.899340747323485,273.8261172119948,98.18305726808885,-10.04907691726376,0.8759128365435356,6.637814723718387,4.217546028256255,220.69579862865544,-4.384183693873578,1105.774798566547,False,0.6507203541995052,30.27596206679141,227.47440217550468,113.73078274210691,-1.073242827897843,0.8674103897748869,5.406636668292946,2.747763338693097,208.06460629105376,-2.7933421459330154,0,1,0,0,1,0,0
134,True,0.6164563140123493,33.899340747323485,273.8261172119948,98.18305726808885,-10.04907691726376,0.8759128365435356,6.637814723718387,4.217546028256255,220.69579862865544,-4.384183693873578,1105.774798566547,False,0.6507203541995052,30.27596206679141,227.47440217550468,113.73078274210691,-1.073242827897843,0.8674103897748869,5.406636668292946,2.747763338693097,208.06460629105376,-2.7933421459330154,0,1,0,0,1,0,0
138,False,0.627063994521343,35.0459906069636,245.06185868310263,95.46385801261552,-9.063271814560188,0.3447157232169142,6.625389786844559,3.7520679378061317,198.6899251618423,-2.819710716104789,1190.160000478873,True,0.6397147815887625,28.270607378232768,238.27128845969565,96.65932514737192,-4.896482953465405,0.7114487655051431,7.72976209952298,3.9338526372546507,199.61493613978956,1.4361261688949236,0,1,0,0,1,0,0
139,False,0.627063994521343,35.0459906069636,245.06185868310263,95.46385801261552,-9.063271814560188,0.3447157232169142,6.625389786844559,3.7520679378061317,198.6899251618423,-2.819710716104789,1190.160000478873,True,0.6397147815887625,28.270607378232768,238.27128845969565,96.65932514737192,-4.896482953465405,0.7114487655051431,7.72976209952298,3.9338526372546507,199.61493613978956,1.4361261688949236,0,1,0,0,1,0,0
140,False,0.6057598530779436,33.466810056797485,231.1146009030742,93.4101244376694,-9.008428351177589,0.47332787742821975,6.3063757507602896,3.211921624888757,182.6567047342099,-4.340170371793462,1134.9769377672835,True,0.7011133365145027,34.063450219799215,260.08787379373683,115.0753293625825,3.0585963498891284,0.6278755813028272,3.991985510710155,1.3659277854003704,242.00686525490832,3.680210727154576,0,1,0,0,1,0,0
141,False,0.6057598530779436,33.466810056797485,231.1146009030742,93.4101244376694,-9.008428351177589,0.47332787742821975,6.3063757507602896,3.211921624888757,182.6567047342099,-4.340170371793462,1134.9769377672835,True,0.7011133365145027,34.063450219799215,260.08787379373683,115.0753293625825,3.0585963498891284,0.6278755813028272,3.991985510710155,1.3659277854003704,242.00686525490832,3.680210727154576,0,1,0,0,1,0,0
143,False,0.699999988079071,20.0,181.0,81.0,9.443550109863281,0.0,4.0,3.0,173.0,3.8360648155212402,832.0,True,0.7341534836586145,31.500976129478616,214.58041314662464,110.65609572395454,4.584778883066093,0.8458184627891618,5.672351897258545,2.4615557181470296,252.67337509787157,6.786828573131918,0,1,0,0,1,0,0
144,False,0.699999988079071,20.0,181.0,81.0,9.443550109863281,0.0,4.0,3.0,173.0,3.8360648155212402,832.0,True,0.7341534836586145,31.500976129478616,214.58041314662464,110.65609572395454,4.584778883066093,0.8458184627891618,5.672351897258545,2.4615557181470296,252.67337509787157,6.786828573131918,0,1,0,0,1,0,0
146,False,0.6925280007838023,35.435396039603965,309.12821782178224,118.16039603960395,4.0162272976176565,1.1,7.033168316831683,3.332178217821782,275.1420792079208,3.511725590562466,1215.317326732673,True,0.6619915387234269,30.337286970522836,254.02426932561684,111.00429001813066,1.5217633367576733,0.8379460319470841,4.830333705691378,2.2472663028471183,219.4122965779546,-0.7936836745105765,1,0,0,0,0,1,0
147,False,0.6925280007838023,35.435396039603965,309.12821782178224,118.16039603960395,4.0162272976176565,1.1,7.033168316831683,3.332178217821782,275.1420792079208,3.511725590562466,1215.317326732673,True,0.6619915387234269,30.337286970522836,254.02426932561684,111.00429001813066,1.5217633367576733,0.8379460319470841,4.830333705691378,2.2472663028471183,219.4122965779546,-0.7936836745105765,1,0,0,0,0,1,0
151,False,0.6370078639966427,32.119306930693064,262.4962871287129,102.67574257425743,2.995915210837185,0.55,2.3519801980198016,1.5725247524752477,233.71806930693072,-5.206290906077565,1175.1086633663367,True,0.6855735520064893,29.806752409578348,251.69520470133705,114.69715891304935,2.7579317642860266,0.648773409068663,5.316029546935185,2.8025944296179524,247.92666204507148,4.8474335830185105,0,1,0,0,1,0,0
152,False,0.6370078639966427,32.119306930693064,262.4962871287129,102.67574257425743,2.995915210837185,0.55,2.3519801980198016,1.5725247524752477,233.71806930693072,-5.206290906077565,1175.1086633663367,True,0.6855735520064893,29.806752409578348,251.69520470133705,114.69715891304935,2.7579317642860266,0.648773409068663,5.316029546935185,2.8025944296179524,247.92666204507148,4.8474335830185105,0,1,0,0,1,0,0
154,False,0.6165999354455591,29.60729284262813,247.9529061703706,118.53100506402606,2.8356350963940002,0.55,3.13024868561107,1.7271731767893432,221.57284940167082,-5.3329749258238275,1008.6147308325,True,0.6833814997734022,32.747771580558016,258.757906146711,95.89186403908874,4.241857315226351,0.26888640720711143,4.5486775143204135,1.8790937762675641,232.58038456492224,5.499046760496026,0,1,0,0,1,0,0
155,False,0.6165999354455591,29.60729284262813,247.9529061703706,118.53100506402606,2.8356350963940002,0.55,3.13024868561107,1.7271731767893432,221.57284940167082,-5.3329749258238275,1008.6147308325,True,0.6833814997734022,32.747771580558016,258.757906146711,95.89186403908874,4.241857315226351,0.26888640720711143,4.5486775143204135,1.8790937762675641,232.58038456492224,5.499046760496026,0,1,0,0,1,0,0
156,True,0.6211432275325723,31.982735668034305,267.93076363055604,130.3070660599925,5.0602625844226825,0.5086354874049805,3.945026716142042,1.6538863557613193,246.67165700321564,-1.86304935058622,1123.3331131777218,False,0.6963388450929625,32.27273431058881,252.23139384999513,107.37605261044357,4.449284828478274,0.3686307447115489,4.508970525426322,2.2896423545968636,242.55721147054984,3.3395114330917304,0,1,0,0,1,0,0
157,True,0.6211432275325723,31.982735668034305,267.93076363055604,130.3070660599925,5.0602625844226825,0.5086354874049805,3.945026716142042,1.6538863557613193,246.67165700321564,-1.86304935058622,1123.3331131777218,False,0.6963388450929625,32.27273431058881,252.23139384999513,107.37605261044357,4.449284828478274,0.3686307447115489,4.508970525426322,2.2896423545968636,242.55721147054984,3.3395114330917304,0,1,0,0,1,0,0
161,False,0.5605171546780853,33.357267202173745,298.8225801602764,105.04910278854882,0.08717162319278973,0.3999717973309845,3.9118659342113564,1.4814533483054395,216.80468359038784,-6.0262776345045515,1125.5508912904343,True,0.6785267952941059,28.287230424345434,199.3414981396939,83.093492186594,0.565560717891104,0.6188961911775626,5.515799772990971,2.6765400173552405,194.53376386207975,0.3847606141047278,0,1,0,0,1,0,0
162,False,0.5605171546780853,33.357267202173745,298.8225801602764,105.04910278854882,0.08717162319278973,0.3999717973309845,3.9118659342113564,1.4814533483054395,216.80468359038784,-6.0262776345045515,1125.5508912904343,True,0.6785267952941059,28.287230424345434,199.3414981396939,83.093492186594,0.565560717891104,0.6188961911775626,5.515799772990971,2.6765400173552405,194.53376386207975,0.3847606141047278,0,1,0,0,1,0,0
163,True,0.5601847474274005,33.48341588701096,298.66113296831264,98.75884938828408,0.03495513847664438,0.5177388832614551,4.321702443339118,1.3869588602310585,210.75867141410467,-4.479672479870188,1207.679584448065,False,0.6176790953872823,28.03958785491772,226.5855996488419,94.53944784784973,-5.603275523161149,0.76391262632239,7.2334417177915284,3.400424885026532,184.59403865982782,-0.746172393185316,0,1,0,0,1,0,0
164,True,0.5601847474274005,33.48341588701096,298.66113296831264,98.75884938828408,0.03495513847664438,0.5177388832614551,4.321702443339118,1.3869588602310585,210.75867141410467,-4.479672479870188,1207.679584448065,False,0.6176790953872823,28.03958785491772,226.5855996488419,94.53944784784973,-5.603275523161149,0.76391262632239,7.2334417177915284,3.400424885026532,184.59403865982782,-0.746172393185316,0,1,0,0,1,0,0
168,False,0.5077865448504982,13.999999999999998,89.56478405315615,45.17275747508306,-0.36959854748557974,0.0,1.2059800664451827,0.8039867109634552,81.49169435215947,-11.692063589824793,1034.2192691029902,True,0.72752092183957,33.591707742300684,236.47488348360199,119.62771468323554,4.342525431789849,1.0556696513729507,7.004651552302446,3.104909223938479,270.36912508007674,6.499089936438766,0,1,0,0,1,0,0
169,False,0.5077865448504982,13.999999999999998,89.56478405315615,45.17275747508306,-0.36959854748557974,0.0,1.2059800664451827,0.8039867109634552,81.49169435215947,-11.692063589824793,1034.2192691029902,True,0.72752092183957,33.591707742300684,236.47488348360199,119.62771468323554,4.342525431789849,1.0556696513729507,7.004651552302446,3.104909223938479,270.36912508007674,6.499089936438766,0,1,0,0,1,0,0
171,False,0.581066940761576,24.073645614791868,141.25626948491205,70.94523636791436,-3.1922746425151725,0.0,4.960902727397501,2.36775749495108,124.16548695123626,-7.9232106550165575,1056.5225975961257,True,0.7156422319573228,30.46453833373161,237.03960659377532,115.05497189561171,1.14257081464167,0.60239311163373,4.15452397662319,2.2168089684535373,233.69904957331315,5.133029809104382,0,1,0,1,0,0,0
172,False,0.581066940761576,24.073645614791868,141.25626948491205,70.94523636791436,-3.1922746425151725,0.0,4.960902727397501,2.36775749495108,124.16548695123626,-7.9232106550165575,1056.5225975961257,True,0.7156422319573228,30.46453833373161,237.03960659377532,115.05497189561171,1.14257081464167,0.60239311163373,4.15452397662319,2.2168089684535373,233.69904957331315,5.133029809104382,0,1,0,1,0,0,0
173,False,0.5954293998430588,26.39212818114376,155.21537270586717,75.3749475857175,-7.517771020145897,0.5194690836370675,4.191854014127665,2.012503628681096,132.43400961197304,-7.251651816025525,1055.3479227816665,True,0.634433414146282,30.712140338287725,203.784520379479,124.47043846146518,3.9431095503831157,0.14959871209169986,3.4904112474524385,1.402368791293961,210.78458061624264,-1.4199003351880073,0,1,0,1,0,0,0
174,False,0.5954293998430588,26.39212818114376,155.21537270586717,75.3749475857175,-7.517771020145897,0.5194690836370675,4.191854014127665,2.012503628681096,132.43400961197304,-7.251651816025525,1055.3479227816665,True,0.634433414146282,30.712140338287725,203.784520379479,124.47043846146518,3.9431095503831157,0.14959871209169986,3.4904112474524385,1.402368791293961,210.78458061624264,-1.4199003351880073,0,1,0,1,0,0,0
182,True,0.7221417995750272,29.487225740671754,248.6820650575479,106.55553812670338,8.172649638741294,0.4697554949902943,3.8033175820081957,0.7556322425050489,250.88947275543615,3.233525145710905,1038.9558440030587,False,0.6563468035551844,36.132227241294316,296.7785420811706,103.16711716495463,2.5888993669937537,0.628335385836693,4.686361835709225,2.0951614732790738,253.30859939192678,-0.23196979600213377,0,0,0,1,0,0,0
183,True,0.7221417995750272,29.487225740671754,248.6820650575479,106.55553812670338,8.172649638741294,0.4697554949902943,3.8033175820081957,0.7556322425050489,250.88947275543615,3.233525145710905,1038.9558440030587,False,0.6563468035551844,36.132227241294316,296.7785420811706,103.16711716495463,2.5888993669937537,0.628335385836693,4.686361835709225,2.0951614732790738,253.30859939192678,-0.23196979600213377,0,0,0,1,0,0,0
184,True,0.7221417995750272,29.487225740671754,248.6820650575479,106.55553812670338,8.172649638741294,0.4697554949902943,3.8033175820081957,0.7556322425050489,250.88947275543615,3.233525145710905,1038.9558440030587,False,0.6563468035551844,36.132227241294316,296.7785420811706,103.16711716495463,2.5888993669937537,0.628335385836693,4.686361835709225,2.0951614732790738,253.30859939192678,-0.23196979600213377,0,0,0,1,0,0,0
185,True,0.7221417995750272,29.487225740671754,248.6820650575479,106.55553812670338,8.172649638741294,0.4697554949902943,3.8033175820081957,0.7556322425050489,250.88947275543615,3.233525145710905,1038.9558440030587,False,0.6563468035551844,36.132227241294316,296.7785420811706,103.16711716495463,2.5888993669937537,0.628335385836693,4.686361835709225,2.0951614732790738,253.30859939192678,-0.23196979600213377,0,0,0,1,0,0,0
187,True,0.7232681047466367,30.23760718194704,260.67219764799205,116.76104640020587,8.611095764187715,0.4611004391805825,4.524743607303545,0.8626919026275619,252.16460029588822,3.8044803502189906,1027.2995901443683,False,0.7629444404794266,26.954571318076802,176.07661663200824,100.98828398859737,4.930395551412112,0.5095683845609442,4.568056155865663,2.109626051365727,214.3396918498261,7.6937868506343845,0,0,0,1,0,0,0
188,True,0.7232681047466367,30.23760718194704,260.67219764799205,116.76104640020587,8.611095764187715,0.4611004391805825,4.524743607303545,0.8626919026275619,252.16460029588822,3.8044803502189906,1027.2995901443683,False,0.7629444404794266,26.954571318076802,176.07661663200824,100.98828398859737,4.930395551412112,0.5095683845609442,4.568056155865663,2.109626051365727,214.3396918498261,7.6937868506343845,0,0,0,1,0,0,0
189,True,0.7232681047466367,30.23760718194704,260.67219764799205,116.76104640020587,8.611095764187715,0.4611004391805825,4.524743607303545,0.8626919026275619,252.16460029588822,3.8044803502189906,1027.2995901443683,False,0.7629444404794266,26.954571318076802,176.07661663200824,100.98828398859737,4.930395551412112,0.5095683845609442,4.568056155865663,2.109626051365727,214.3396918498261,7.6937868506343845,0,0,0,1,0,0,0
190,True,0.7232681047466367,30.23760718194704,260.67219764799205,116.76104640020587,8.611095764187715,0.4611004391805825,4.524743607303545,0.8626919026275619,252.16460029588822,3.8044803502189906,1027.2995901443683,False,0.7629444404794266,26.954571318076802,176.07661663200824,100.98828398859737,4.930395551412112,0.5095683845609442,4.568056155865663,2.109626051365727,214.3396918498261,7.6937868506343845,0,0,0,1,0,0,0
191,False,0.7234659878726788,29.9560455836877,260.06425980502496,115.22287576083333,9.801337628160299,0.3561978670982842,4.632866727032104,1.348939795050159,256.6772493207721,5.985717261783231,1016.08369579836,True,0.7069724431444312,38.446547666519315,253.14214129192027,147.8381698002094,7.006188175166238,0.5781992305416084,7.315094651862121,2.7283837898205485,291.3126162159098,5.016585499486483,0,1,0,0,1,0,0
192,False,0.7234659878726788,29.9560455836877,260.06425980502496,115.22287576083333,9.801337628160299,0.3561978670982842,4.632866727032104,1.348939795050159,256.6772493207721,5.985717261783231,1016.08369579836,True,0.7069724431444312,38.446547666519315,253.14214129192027,147.8381698002094,7.006188175166238,0.5781992305416084,7.315094651862121,2.7283837898205485,291.3126162159098,5.016585499486483,0,1,0,0,1,0,0
193,True,0.7126850051881718,33.44664861825135,297.4714601062381,107.7771755997307,4.122520033784679,0.9313966932997458,4.930307085403027,2.1432827294712986,275.2404940614466,4.328999093189919,1152.6963101217823,False,0.6767627624742903,27.432117591114917,230.33676385921075,93.9918087976873,0.6926312970447838,0.841034232559863,4.515557317837685,2.8645652875140653,199.8939358540363,0.33040244840799976,0,0,0,0,1,0,0
194,True,0.7126850051881718,33.44664861825135,297.4714601062381,107.7771755997307,4.122520033784679,0.9313966932997458,4.930307085403027,2.1432827294712986,275.2404940614466,4.328999093189919,1152.6963101217823,False,0.6767627624742903,27.432117591114917,230.33676385921075,93.9918087976873,0.6926312970447838,0.841034232559863,4.515557317837685,2.8645652875140653,199.8939358540363,0.33040244840799976,0,0,0,0,1,0,0
197,False,0.6639077868686046,30.628930970004546,239.8587339984185,104.31797600480877,2.148684312985176,0.6022244122751346,5.595713535109499,2.214073860395764,242.29462011241546,-0.020975685362729275,1061.1564019448097,True,0.638077897834766,37.42790917069035,301.86007844409477,101.54568944525063,-6.69045108670128,0.6257850863777514,5.752989283560156,2.6025393968939956,232.58914009404657,-1.1715922515651822,0,1,0,0,1,0,0
198,False,0.6639077868686046,30.628930970004546,239.8587339984185,104.31797600480877,2.148684312985176,0.6022244122751346,5.595713535109499,2.214073860395764,242.29462011241546,-0.020975685362729275,1061.1564019448097,True,0.638077897834766,37.42790917069035,301.86007844409477,101.54568944525063,-6.69045108670128,0.6257850863777514,5.752989283560156,2.6025393968939956,232.58914009404657,-1.1715922515651822,0,1,0,0,1,0,0
204,False,0.7690669581896231,28.928668065332054,198.6456343993255,110.439089429619,8.370035733733186,0.320817238877669,5.411266445755966,3.3303072488774736,250.63773259347855,12.769072709631724,1099.4775004411676,True,0.6911841698057508,30.80947421117961,256.67805243381895,111.55664375721871,1.0300920792773531,0.7000682981325518,4.683451307131261,2.098123041682999,225.2609870767263,1.949091613220356,1,0,0,0,0,0,1
205,False,0.7690669581896231,28.928668065332054,198.6456343993255,110.439089429619,8.370035733733186,0.320817238877669,5.411266445755966,3.3303072488774736,250.63773259347855,12.769072709631724,1099.4775004411676,True,0.6911841698057508,30.80947421117961,256.67805243381895,111.55664375721871,1.0300920792773531,0.7000682981325518,4.683451307131261,2.098123041682999,225.2609870767263,1.949091613220356,1,0,0,0,0,0,1
207,True,0.7886265157118867,26.92271338492222,212.1851083112161,93.46715421890967,10.483610674775418,0.1802643897302281,4.792978224863887,3.03225867000467,245.78009959329995,15.268366347491792,1221.500652942608,False,0.6647156501895105,28.914386168635648,233.55083536931093,101.26737073124686,-0.8442658823274135,0.782664145597196,5.11656278497985,2.368082458339661,204.08706464545122,1.4623073232475927,0,1,0,1,0,0,0
208,True,0.7886265157118867,26.92271338492222,212.1851083112161,93.46715421890967,10.483610674775418,0.1802643897302281,4.792978224863887,3.03225867000467,245.78009959329995,15.268366347491792,1221.500652942608,False,0.6647156501895105,28.914386168635648,233.55083536931093,101.26737073124686,-0.8442658823274135,0.782664145597196,5.11656278497985,2.368082458339661,204.08706464545122,1.4623073232475927,0,1,0,1,0,0,0
209,True,0.7872574308780461,26.030277185227252,226.93080853104652,90.40331173222029,9.559388825680108,0.3667581915959731,5.522591134219545,3.7074341249331053,254.02030148939807,16.052266504295922,1204.323890539936,False,0.6763608423515591,27.30592150025156,212.6338224945909,90.21221075272892,0.7523879453055428,0.8057085064620546,4.18568116624606,2.167802018072746,186.759254932711,-0.7800780555766926,0,1,0,1,0,0,0
210,True,0.7872574308780461,26.030277185227252,226.93080853104652,90.40331173222029,9.559388825680108,0.3667581915959731,5.522591134219545,3.7074341249331053,254.02030148939807,16.052266504295922,1204.323890539936,False,0.6763608423515591,27.30592150025156,212.6338224945909,90.21221075272892,0.7523879453055428,0.8057085064620546,4.18568116624606,2.167802018072746,186.759254932711,-0.7800780555766926,0,1,0,1,0,0,0
211,False,0.763611154605454,26.458819940715543,245.00375764921824,94.88443033327889,7.571788373283729,0.5045294492717183,5.626458596840016,4.206216232685125,255.10370962440538,13.718946698315266,1239.9340842329564,True,0.6930844900264634,35.271858637353446,278.66377164509106,127.50748054921657,-4.326531790111725,0.9661328676524583,6.369601594171336,3.3542676464495207,258.87134044573514,1.5209239655255513,0,1,0,0,1,0,0
212,False,0.763611154605454,26.458819940715543,245.00375764921824,94.88443033327889,7.571788373283729,0.5045294492717183,5.626458596840016,4.206216232685125,255.10370962440538,13.718946698315266,1239.9340842329564,True,0.6930844900264634,35.271858637353446,278.66377164509106,127.50748054921657,-4.326531790111725,0.9661328676524583,6.369601594171336,3.3542676464495207,258.87134044573514,1.5209239655255513,0,1,0,0,1,0,0
216,True,0.7184967526262529,29.932589184460067,284.87278426972983,108.47093720019141,8.69625488549236,0.47204416389553655,4.908196787544622,2.6886886935809162,271.6325022026929,9.724756074108678,1276.7812840812085,False,0.6188228317435703,27.97777058309442,234.54293104318094,85.90321949819584,-1.811980124157714,0.9946349751956973,4.6793795055842935,1.6024110393541833,196.49236294950612,-3.5416698900406844,0,1,0,1,0,0,0
217,True,0.7184967526262529,29.932589184460067,284.87278426972983,108.47093720019141,8.69625488549236,0.47204416389553655,4.908196787544622,2.6886886935809162,271.6325022026929,9.724756074108678,1276.7812840812085,False,0.6188228317435703,27.97777058309442,234.54293104318094,85.90321949819584,-1.811980124157714,0.9946349751956973,4.6793795055842935,1.6024110393541833,196.49236294950612,-3.5416698900406844,0,1,0,1,0,0,0
219,True,0.5366666644811631,18.3,158.60000000000002,17.05,-2.795179009437561,0.0,2.1,1.1,85.7,-9.843759536743164,1258.3000000000002,False,0.6643001974607045,34.93735987929848,301.6438665599743,121.02491070993975,4.093630956601401,0.9026245160275354,4.137100457339465,1.339396328292179,260.31300108473346,1.04143915830705,0,0,1,0,0,0,0
220,True,0.5366666644811631,18.3,158.60000000000002,17.05,-2.795179009437561,0.0,2.1,1.1,85.7,-9.843759536743164,1258.3000000000002,False,0.6643001974607045,34.93735987929848,301.6438665599743,121.02491070993975,4.093630956601401,0.9026245160275354,4.137100457339465,1.339396328292179,260.31300108473346,1.04143915830705,0,0,1,0,0,0,0
229,False,0.7160039440138369,37.28689633536597,279.64524225015197,122.01501931334681,10.045558007099435,0.5415776161251741,4.375208329248446,1.37799258838062,272.1436050273524,5.339755059300957,1246.0804494029526,True,0.6929467599446305,30.529074679109044,240.51005884045367,101.56818552159177,5.2542782293666175,0.6335514996916517,2.8813841094672226,1.577685335744356,229.78228548894282,4.4554295305046425,0,1,0,0,1,0,0
230,False,0.7160039440138369,37.28689633536597,279.64524225015197,122.01501931334681,10.045558007099435,0.5415776161251741,4.375208329248446,1.37799258838062,272.1436050273524,5.339755059300957,1246.0804494029526,True,0.6929467599446305,30.529074679109044,240.51005884045367,101.56818552159177,5.2542782293666175,0.6335514996916517,2.8813841094672226,1.577685335744356,229.78228548894282,4.4554295305046425,0,1,0,0,1,0,0
232,False,0.7159506682599228,34.88303887555407,245.47484181732543,127.90100231212821,10.876249427406577,0.3043077074158802,3.8165283637969614,1.0152417655851032,267.9843733104319,4.504091838358812,1184.950934433572,True,0.5792440923996689,31.25099076506068,282.9888034094288,102.37107883022675,-2.444889088679541,0.4291536494982004,8.644849076715069,4.785217529181517,220.96358908926183,-5.875149662820655,0,1,0,0,1,0,0
233,False,0.7159506682599228,34.88303887555407,245.47484181732543,127.90100231212821,10.876249427406577,0.3043077074158802,3.8165283637969614,1.0152417655851032,267.9843733104319,4.504091838358812,1184.950934433572,True,0.5792440923996689,31.25099076506068,282.9888034094288,102.37107883022675,-2.444889088679541,0.4291536494982004,8.644849076715069,4.785217529181517,220.96358908926183,-5.875149662820655,0,1,0,0,1,0,0
234,True,0.7021233210589504,33.544619179397415,238.3141636180409,113.36321632976902,7.404379464055696,0.6900858759821837,4.768288322323413,1.2392790097328763,249.78754291580935,2.7894063400823375,1215.6752476881968,False,0.67134757259983,33.77446616979206,263.5624951121885,100.53335942447377,3.2592332079724424,0.5693815392791084,4.393349658615266,1.7331246226083055,233.65286405575264,-0.1468168473506282,0,0,0,0,0,1,0
235,True,0.7021233210589504,33.544619179397415,238.3141636180409,113.36321632976902,7.404379464055696,0.6900858759821837,4.768288322323413,1.2392790097328763,249.78754291580935,2.7894063400823375,1215.6752476881968,False,0.67134757259983,33.77446616979206,263.5624951121885,100.53335942447377,3.2592332079724424,0.5693815392791084,4.393349658615266,1.7331246226083055,233.65286405575264,-0.1468168473506282,0,0,0,0,0,1,0
240,True,0.6987625343839504,36.81361790774736,322.5365331813238,130.19268599644323,4.950595052134739,0.9907424615985362,6.6406083304772725,2.0519917756860875,301.5028017915411,2.988816941005818,1256.3963609219227,False,0.6133866065984876,26.758946771429517,183.65368859934864,91.37574592358708,-3.151044787251396,0.5408713787253221,5.009546740893513,2.4284651197636924,176.30411342871471,-5.908443008783996,0,0,0,0,0,1,0
241,True,0.6987625343839504,36.81361790774736,322.5365331813238,130.19268599644323,4.950595052134739,0.9907424615985362,6.6406083304772725,2.0519917756860875,301.5028017915411,2.988816941005818,1256.3963609219227,False,0.6133866065984876,26.758946771429517,183.65368859934864,91.37574592358708,-3.151044787251396,0.5408713787253221,5.009546740893513,2.4284651197636924,176.30411342871471,-5.908443008783996,0,0,0,0,0,1,0
242,True,0.6806728994344156,37.043151230489045,313.5329540142561,135.37918695359508,4.1783148514208,0.7990601944124229,7.097087750632988,2.0419327524536914,300.05120956309236,1.624343716959092,1233.489819850207,False,0.6424384320254224,28.60576381887934,235.4853972098914,102.18162000137056,-5.190279531485972,1.6031383875307461,6.064406699873317,3.001787743396022,194.58520504341874,-3.4478916779557958,0,0,0,0,0,1,0
243,True,0.6806728994344156,37.043151230489045,313.5329540142561,135.37918695359508,4.1783148514208,0.7990601944124229,7.097087750632988,2.0419327524536914,300.05120956309236,1.624343716959092,1233.489819850207,False,0.6424384320254224,28.60576381887934,235.4853972098914,102.18162000137056,-5.190279531485972,1.6031383875307461,6.064406699873317,3.001787743396022,194.58520504341874,-3.4478916779557958,0,0,0,0,0,1,0
244,True,0.6237101580038225,35.5267096390084,298.9659525883962,140.64946880051903,2.615986676243479,1.1205709473485965,7.5611272602506245,2.5689899017849513,257.7019421199948,-1.0137071304245178,1292.8332453025098,False,0.649001808621553,28.073711334185855,232.2599299232006,101.9997577794529,-5.311966053653482,1.514946918093134,5.412052633178498,2.5577405752618034,190.9374728308451,-3.3996070867269244,0,1,0,0,1,0,0
245,True,0.6237101580038225,35.5267096390084,298.9659525883962,140.64946880051903,2.615986676243479,1.1205709473485965,7.5611272602506245,2.5689899017849513,257.7019421199948,-1.0137071304245178,1292.8332453025098,False,0.649001808621553,28.073711334185855,232.2599299232006,101.9997577794529,-5.311966053653482,1.514946918093134,5.412052633178498,2.5577405752618034,190.9374728308451,-3.3996070867269244,0,1,0,0,1,0,0
251,True,0.7212406595754465,29.732318974137765,242.35038528656304,114.44901080370973,-4.8272111372714805,1.8791200172545635,5.215113429148448,3.095429501382326,223.34232662104668,0.151417671944594,1190.35562047803,False,0.7190187614233554,28.858063327003613,196.63297052435803,107.45163410642324,4.108973137323572,0.5389848707638797,4.181911047651175,1.6205524964846034,217.9642310349254,3.917283489363713,1,0,0,0,1,0,0
252,True,0.7212406595754465,29.732318974137765,242.35038528656304,114.44901080370973,-4.8272111372714805,1.8791200172545635,5.215113429148448,3.095429501382326,223.34232662104668,0.151417671944594,1190.35562047803,False,0.7190187614233554,28.858063327003613,196.63297052435803,107.45163410642324,4.108973137323572,0.5389848707638797,4.181911047651175,1.6205524964846034,217.9642310349254,3.917283489363713,1,0,0,0,1,0,0
254,True,0.7082010541998018,24.898963167127334,159.65718425250142,104.26341504285645,-4.939779219637313,1.2530099899334899,4.792288762083111,2.3745523898542746,175.94231839306892,-1.290360211697251,1027.1795429632973,False,0.6423318181968384,34.25677318580925,332.67583690663525,104.363779756593,2.4707949864537944,0.8809855195892099,4.389789447859346,1.1925955123571075,255.04922354800755,0.9328790161843515,1,0,0,0,1,0,0
255,True,0.7082010541998018,24.898963167127334,159.65718425250142,104.26341504285645,-4.939779219637313,1.2530099899334899,4.792288762083111,2.3745523898542746,175.94231839306892,-1.290360211697251,1027.1795429632973,False,0.6423318181968384,34.25677318580925,332.67583690663525,104.363779756593,2.4707949864537944,0.8809855195892099,4.389789447859346,1.1925955123571075,255.04922354800755,0.9328790161843515,1,0,0,0,1,0,0
256,False,0.7207040024150817,27.879512184073803,160.19018612572512,125.13393022421758,-1.2232213516379626,1.195448997899507,4.384534431181068,2.289339916092355,200.52596171807073,-0.648723817632194,1087.1999683618492,True,0.5914774510722365,33.10190290884228,288.59581054680774,92.67816020866418,-1.9072412120815172,0.5848053356144979,8.068039464577854,4.2281208253198574,223.78554310934055,-6.288113730487258,0,1,0,0,1,0,0
257,False,0.7207040024150817,27.879512184073803,160.19018612572512,125.13393022421758,-1.2232213516379626,1.195448997899507,4.384534431181068,2.289339916092355,200.52596171807073,-0.648723817632194,1087.1999683618492,True,0.5914774510722365,33.10190290884228,288.59581054680774,92.67816020866418,-1.9072412120815172,0.5848053356144979,8.068039464577854,4.2281208253198574,223.78554310934055,-6.288113730487258,0,1,0,0,1,0,0
261,True,0.7166768069588128,30.779778630488817,172.70326299841255,128.56621388086842,-7.909232094673409,0.9134477738067893,8.152400805672395,4.726257138338929,205.95400433904206,1.1037724742942976,1137.1282141902739,False,0.6008002246955533,36.74927664954622,322.4164882709413,102.81921772510609,-3.0412412184612094,0.7725943573726289,7.673629428758268,3.855973014018163,234.48659724020231,-4.409469803173362,1,0,0,0,1,0,0
262,True,0.7166768069588128,30.779778630488817,172.70326299841255,128.56621388086842,-7.909232094673409,0.9134477738067893,8.152400805672395,4.726257138338929,205.95400433904206,1.1037724742942976,1137.1282141902739,False,0.6008002246955533,36.74927664954622,322.4164882709413,102.81921772510609,-3.0412412184612094,0.7725943573726289,7.673629428758268,3.855973014018163,234.48659724020231,-4.409469803173362,1,0,0,0,1,0,0
269,False,0.7228567390773243,28.645261857610635,215.0466069292759,121.09086096351051,6.513306127249293,0.5219505499892159,3.8771788788455126,1.6619281974863238,236.60796847120645,4.98493933521068,1236.1281935648321,True,0.6531194160851733,28.768424577276853,255.06669100178405,78.41763033179998,0.36685721600687315,0.7550041455432026,4.558493322734577,2.465493122160253,191.64687011719943,-0.7357092238048639,0,0,0,1,0,0,0
270,False,0.7228567390773243,28.645261857610635,215.0466069292759,121.09086096351051,6.513306127249293,0.5219505499892159,3.8771788788455126,1.6619281974863238,236.60796847120645,4.98493933521068,1236.1281935648321,True,0.6531194160851733,28.768424577276853,255.06669100178405,78.41763033179998,0.36685721600687315,0.7550041455432026,4.558493322734577,2.465493122160253,191.64687011719943,-0.7357092238048639,0,0,0,1,0,0,0
271,False,0.6974399637892197,27.43872689739703,233.73538851078928,101.32743605457536,2.959836685177249,0.9058510466729026,4.428548850111279,2.2692062058510465,221.90492371705963,1.6407303481226099,1168.0444473115504,True,0.664165135708421,31.31285164469283,255.84557657914672,99.85969444007385,3.702700716913575,0.7877493510332545,3.862744734436736,2.1470455553329995,223.9203729306146,2.0130722464069106,0,1,0,0,1,0,0
272,False,0.6974399637892197,27.43872689739703,233.73538851078928,101.32743605457536,2.959836685177249,0.9058510466729026,4.428548850111279,2.2692062058510465,221.90492371705963,1.6407303481226099,1168.0444473115504,True,0.664165135708421,31.31285164469283,255.84557657914672,99.85969444007385,3.702700716913575,0.7877493510332545,3.862744734436736,2.1470455553329995,223.9203729306146,2.0130722464069106,0,1,0,0,1,0,0
273,True,0.6815700984851701,25.405332706936427,205.36588942398916,104.86293455435393,4.100420562605243,0.6875773333364164,3.84336613438798,2.204338324514312,207.71120336894177,-0.4799117428275794,1127.0705663591943,False,0.7168189769812414,27.12171795659986,178.76592509100223,103.70888298709414,-2.630073251526975,0.8174731004751038,5.184593212123736,2.156491555493562,191.11586622108854,3.7773718734190513,0,1,0,0,0,0,0
274,True,0.6815700984851701,25.405332706936427,205.36588942398916,104.86293455435393,4.100420562605243,0.6875773333364164,3.84336613438798,2.204338324514312,207.71120336894177,-0.4799117428275794,1127.0705663591943,False,0.7168189769812414,27.12171795659986,178.76592509100223,103.70888298709414,-2.630073251526975,0.8174731004751038,5.184593212123736,2.156491555493562,191.11586622108854,3.7773718734190513,0,1,0,0,0,0,0
275,False,0.7277638743948625,25.540622381972188,188.902300829083,119.45442603724102,5.352372136837938,0.5311501763797737,4.106505912948619,2.3853551901978234,222.56471924701668,3.825020553169529,1121.366891690584,True,0.7259490116082125,28.387621414062615,203.13670966911175,104.80268362291189,3.5552443446831328,0.19345321328737944,4.299243415307975,1.9096648427887837,206.17147690434118,6.49151655232712,0,1,0,0,1,0,0
276,False,0.7277638743948625,25.540622381972188,188.902300829083,119.45442603724102,5.352372136837938,0.5311501763797737,4.106505912948619,2.3853551901978234,222.56471924701668,3.825020553169529,1121.366891690584,True,0.7259490116082125,28.387621414062615,203.13670966911175,104.80268362291189,3.5552443446831328,0.19345321328737944,4.299243415307975,1.9096648427887837,206.17147690434118,6.49151655232712,0,1,0,0,1,0,0
280,True,0.714565441831086,27.690949895722003,198.94095116332682,120.09797111000523,3.1355721389812605,1.1127044486113837,4.513865426444877,2.574820451877369,229.40822450881595,0.6715890485814702,1210.0329598488847,False,0.6557099084361214,32.27853004425179,263.06312471004884,148.02567605151665,3.99360315877786,0.7400028221709678,4.216470190544497,1.643816229232916,261.5005649940031,0.48033223567801187,0,1,0,0,0,0,0
281,True,0.714565441831086,27.690949895722003,198.94095116332682,120.09797111000523,3.1355721389812605,1.1127044486113837,4.513865426444877,2.574820451877369,229.40822450881595,0.6715890485814702,1210.0329598488847,False,0.6557099084361214,32.27853004425179,263.06312471004884,148.02567605151665,3.99360315877786,0.7400028221709678,4.216470190544497,1.643816229232916,261.5005649940031,0.48033223567801187,0,1,0,0,0,0,0
282,False,0.7285297687887421,27.751606928217196,185.21369306267073,130.67728194885976,5.798099833478964,0.8943147798725671,4.609278695092883,2.6582701233376573,233.64602611272548,2.9899542219238135,1246.7288407853146,True,0.6494454875199944,31.640782742799523,246.07862645870085,85.29291924984564,-4.4565516287108435,0.46279546549045786,5.099012891264035,1.7681384806980487,194.39553964232172,0.22161934325265897,0,1,0,1,0,0,0
283,False,0.7285297687887421,27.751606928217196,185.21369306267073,130.67728194885976,5.798099833478964,0.8943147798725671,4.609278695092883,2.6582701233376573,233.64602611272548,2.9899542219238135,1246.7288407853146,True,0.6494454875199944,31.640782742799523,246.07862645870085,85.29291924984564,-4.4565516287108435,0.46279546549045786,5.099012891264035,1.7681384806980487,194.39553964232172,0.22161934325265897,0,1,0,1,0,0,0
284,False,0.7188641561947756,27.79966436897312,201.61758425540586,125.1289920210982,6.505505174729943,0.7212886997069556,4.491399502315411,2.5309123946110024,225.78210310611243,4.421617624438877,1215.8255661973467,True,0.6157634172546502,28.0323900631145,235.388217894507,96.62318460278615,-3.9868736366591033,0.6250194215365008,7.0091795872839775,3.327620360476253,195.03148617622276,-0.34928208439655045,0,1,0,0,1,0,0
285,False,0.7188641561947756,27.79966436897312,201.61758425540586,125.1289920210982,6.505505174729943,0.7212886997069556,4.491399502315411,2.5309123946110024,225.78210310611243,4.421617624438877,1215.8255661973467,True,0.6157634172546502,28.0323900631145,235.388217894507,96.62318460278615,-3.9868736366591033,0.6250194215365008,7.0091795872839775,3.327620360476253,195.03148617622276,-0.34928208439655045,0,1,0,0,1,0,0
289,False,0.5488515501860345,29.580940594059406,253.66287128712878,96.9769801980198,3.8284150961011942,0.22054455445544557,9.235643564356437,3.705693069306931,231.76782178217823,-7.3727270763699355,1415.80198019802,True,0.6800864447959996,35.202708333811685,259.83124129574907,123.44924947776603,0.1999825314387175,0.9203881575405019,6.728099490133972,3.555130851316512,233.88635904606764,0.6175118914132353,0,1,0,1,0,0,0
290,False,0.5488515501860345,29.580940594059406,253.66287128712878,96.9769801980198,3.8284150961011942,0.22054455445544557,9.235643564356437,3.705693069306931,231.76782178217823,-7.3727270763699355,1415.80198019802,True,0.6800864447959996,35.202708333811685,259.83124129574907,123.44924947776603,0.1999825314387175,0.9203881575405019,6.728099490133972,3.555130851316512,233.88635904606764,0.6175118914132353,0,1,0,1,0,0,0
294,True,0.6612726144645918,40.77892949338798,315.00063192245085,137.5771039487215,0.3332191456740622,0.6003459882824431,8.787129179855068,3.3416169873755606,300.19293014576436,1.4738744613691486,1429.97650472681,False,0.6793861276930988,32.32946902032065,265.2839875850006,103.21722221947797,-4.51208062166981,1.1667471616674958,4.784421903729732,2.5120280797162198,220.02413072396638,-0.8167603779069703,0,0,0,0,1,0,0
295,True,0.6612726144645918,40.77892949338798,315.00063192245085,137.5771039487215,0.3332191456740622,0.6003459882824431,8.787129179855068,3.3416169873755606,300.19293014576436,1.4738744613691486,1429.97650472681,False,0.6793861276930988,32.32946902032065,265.2839875850006,103.21722221947797,-4.51208062166981,1.1667471616674958,4.784421903729732,2.5120280797162198,220.02413072396638,-0.8167603779069703,0,0,0,0,1,0,0
296,False,0.6438941121867597,41.262156710892235,323.0503996503572,136.36372129614483,-0.45475126500942803,0.6872967156329569,9.268572432526106,3.2672930855587348,293.8415701312405,-0.6846283977344234,1340.344834114094,True,0.5868536803788135,29.791971393815686,248.58933782417373,87.39310804405547,-8.672082333841004,1.3326535396331454,6.26479677755953,2.9323148491644146,193.62737601812657,-7.635656800992923,0,0,1,0,0,0,0
297,False,0.6438941121867597,41.262156710892235,323.0503996503572,136.36372129614483,-0.45475126500942803,0.6872967156329569,9.268572432526106,3.2672930855587348,293.8415701312405,-0.6846283977344234,1340.344834114094,True,0.5868536803788135,29.791971393815686,248.58933782417373,87.39310804405547,-8.672082333841004,1.3326535396331454,6.26479677755953,2.9323148491644146,193.62737601812657,-7.635656800992923,0,0,1,0,0,0,0
305,False,0.5506394515401897,28.95681063122924,223.89036544850498,57.588039867109636,2.443593450954982,0.0,6.01328903654485,1.867109634551495,160.32558139534885,-3.187643305407806,1196.6710963455148,True,0.5929403268816,26.639497379337623,213.55247127499888,83.6594904977949,-4.031491976563857,0.7712205252391854,4.608130506825248,1.7362801592106687,177.04622138272967,-5.886433125899879,0,1,0,0,0,0,0
306,False,0.5506394515401897,28.95681063122924,223.89036544850498,57.588039867109636,2.443593450954982,0.0,6.01328903654485,1.867109634551495,160.32558139534885,-3.187643305407806,1196.6710963455148,True,0.5929403268816,26.639497379337623,213.55247127499888,83.6594904977949,-4.031491976563857,0.7712205252391854,4.608130506825248,1.7362801592106687,177.04622138272967,-5.886433125899879,0,1,0,0,0,0,0
307,True,0.611474932213821,30.61831683168317,258.51930693069306,70.24306930693069,4.332107760735078,0.6589108910891089,5.679455445544553,1.5814356435643566,201.07079207920793,0.17194828296651962,1206.3336633663366,False,0.6102391891338603,34.64867806049888,282.45916585863733,115.3767317509133,1.356111021781048,0.5714528471163408,5.461576210420261,1.5432042588419166,239.17029379903843,-1.7177221955044228,0,1,0,1,0,0,0
308,True,0.611474932213821,30.61831683168317,258.51930693069306,70.24306930693069,4.332107760735078,0.6589108910891089,5.679455445544553,1.5814356435643566,201.07079207920793,0.17194828296651962,1206.3336633663366,False,0.6102391891338603,34.64867806049888,282.45916585863733,115.3767317509133,1.356111021781048,0.5714528471163408,5.461576210420261,1.5432042588419166,239.17029379903843,-1.7177221955044228,0,1,0,1,0,0,0
313,True,0.6041568757291648,31.60797342192691,262.9202657807309,105.51495016611297,2.9464618181469433,0.0,4.767441860465117,2.5249169435215943,221.3421926910299,-3.017281761795183,1041.6810631229237,False,0.7471353924284352,27.440015431199622,197.9843731693056,114.05385378126645,0.8018671687370676,1.2715264597480276,4.749951059078257,1.5923836125723263,227.20196025446,3.844333410598323,0,1,0,0,1,0,0
314,True,0.6041568757291648,31.60797342192691,262.9202657807309,105.51495016611297,2.9464618181469433,0.0,4.767441860465117,2.5249169435215943,221.3421926910299,-3.017281761795183,1041.6810631229237,False,0.7471353924284352,27.440015431199622,197.9843731693056,114.05385378126645,0.8018671687370676,1.2715264597480276,4.749951059078257,1.5923836125723263,227.20196025446,3.844333410598323,0,1,0,0,1,0,0
317,True,0.6239091176822703,27.29771965255583,231.4621674084822,86.69082959157664,1.231157139638754,0.23487774749514714,3.32297405933217,2.4858140036469867,200.1550753906786,-1.5738448319251679,1045.3446010862533,False,0.661904593395923,38.358865741325396,289.7937393614711,135.10463825060293,0.5399723807170373,0.9026966369939466,7.1121215990526325,3.4562710404979593,251.86110550074935,-0.1345233239538654,0,1,0,0,1,0,0
318,True,0.6239091176822703,27.29771965255583,231.4621674084822,86.69082959157664,1.231157139638754,0.23487774749514714,3.32297405933217,2.4858140036469867,200.1550753906786,-1.5738448319251679,1045.3446010862533,False,0.661904593395923,38.358865741325396,289.7937393614711,135.10463825060293,0.5399723807170373,0.9026966369939466,7.1121215990526325,3.4562710404979593,251.86110550074935,-0.1345233239538654,0,1,0,0,1,0,0
323,True,0.6789864748716354,29.349999999999998,237.54999999999998,105.60000000000001,-12.02105293273926,1.1,5.8999999999999995,2.8000000000000003,161.05,-1.0888268068432807,1254.5,False,0.6189138364286922,34.7821279225228,287.094879604558,107.19275178207312,-3.101534234884393,0.8326078193503784,5.448981892819724,2.1265797638570145,229.13732625268173,-3.7638766813778735,0,1,0,1,0,0,0
324,True,0.6789864748716354,29.349999999999998,237.54999999999998,105.60000000000001,-12.02105293273926,1.1,5.8999999999999995,2.8000000000000003,161.05,-1.0888268068432807,1254.5,False,0.6189138364286922,34.7821279225228,287.094879604558,107.19275178207312,-3.101534234884393,0.8326078193503784,5.448981892819724,2.1265797638570145,229.13732625268173,-3.7638766813778735,0,1,0,1,0,0,0
327,False,0.6099961255151446,29.050495049504953,269.65693069306934,111.26064356435643,-0.028389012223423295,0.7705445544554456,5.810148514851485,2.9797029702970295,210.37846534653465,-4.836011347595123,1143.7730198019804,True,0.6297624035568178,34.424399683672284,304.2866549418942,102.88109830039605,-1.631828771639493,0.9210019286560386,5.548492010895849,2.0847352138216375,239.30680517741504,-2.309692946617278,0,1,0,0,1,0,0
328,False,0.6099961255151446,29.050495049504953,269.65693069306934,111.26064356435643,-0.028389012223423295,0.7705445544554456,5.810148514851485,2.9797029702970295,210.37846534653465,-4.836011347595123,1143.7730198019804,True,0.6297624035568178,34.424399683672284,304.2866549418942,102.88109830039605,-1.631828771639493,0.9210019286560386,5.548492010895849,2.0847352138216375,239.30680517741504,-2.309692946617278,0,1,0,0,1,0,0
329,True,0.602341957337571,27.600635281661145,259.70786847316725,99.98998058861591,0.9478018743982829,0.5493421697613772,5.86464971275073,3.559675300484304,205.38958059645887,-2.9257883038405765,1080.3950902923473,False,0.6911379864498839,33.68813563902663,287.00134062143485,104.81902943611699,5.97859563277397,0.23709106410610808,2.799492937820811,1.1159890221090116,249.0555582002784,2.5979230057009732,0,1,0,1,0,0,0
330,True,0.602341957337571,27.600635281661145,259.70786847316725,99.98998058861591,0.9478018743982829,0.5493421697613772,5.86464971275073,3.559675300484304,205.38958059645887,-2.9257883038405765,1080.3950902923473,False,0.6911379864498839,33.68813563902663,287.00134062143485,104.81902943611699,5.97859563277397,0.23709106410610808,2.799492937820811,1.1159890221090116,249.0555582002784,2.5979230057009732,0,1,0,1,0,0,0
331,False,0.6347907992553101,29.003036802890044,248.61515982324298,94.53815759765185,1.1458415055366862,0.4066590329968067,5.120601232138825,3.1545737509273293,201.65210947327677,-1.195453918692352,1060.8123810598975,True,0.7346371873105643,29.77036686319929,265.54193513857075,106.00009115899798,3.34343023796416,1.3981616762794078,4.535102035285325,2.342164393285092,264.3100922907938,4.98766487543274,0,1,0,0,1,0,0
332,False,0.6347907992553101,29.003036802890044,248.61515982324298,94.53815759765185,1.1458415055366862,0.4066590329968067,5.120601232138825,3.1545737509273293,201.65210947327677,-1.195453918692352,1060.8123810598975,True,0.7346371873105643,29.77036686319929,265.54193513857075,106.00009115899798,3.34343023796416,1.3981616762794078,4.535102035285325,2.342164393285092,264.3100922907938,4.98766487543274,0,1,0,0,1,0,0
335,True,0.6553159144923744,27.864256547813074,237.8954802741382,89.55863238196287,0.21675603377679195,0.238446506074058,5.33958445214864,2.6769899463062052,194.90882134694934,1.7221442584936846,1033.8582797391616,False,0.7093458866003887,29.570256559098187,194.14355878176258,139.22013261126654,9.61776062017221,0.4938482764910384,4.561344527333463,2.192388019080572,252.32048175095426,3.9084719577714115,0,1,0,1,0,0,0
336,True,0.6553159144923744,27.864256547813074,237.8954802741382,89.55863238196287,0.21675603377679195,0.238446506074058,5.33958445214864,2.6769899463062052,194.90882134694934,1.7221442584936846,1033.8582797391616,False,0.7093458866003887,29.570256559098187,194.14355878176258,139.22013261126654,9.61776062017221,0.4938482764910384,4.561344527333463,2.192388019080572,252.32048175095426,3.9084719577714115,0,1,0,1,0,0,0
342,True,0.6253310379341687,28.499257425742574,207.7368811881188,71.93490099009901,2.663394214021097,0.0,7.056435643564357,2.8079207920792078,199.4470297029703,-3.361630891691339,964.3019801980198,False,0.6203286779107118,34.21444299472028,308.95858287087515,110.10988319083256,-1.3227305064636963,0.3694764393738549,8.296626398549671,4.061868160876092,243.21721333087262,-0.8834939517958504,0,1,0,0,1,0,0
343,True,0.6253310379341687,28.499257425742574,207.7368811881188,71.93490099009901,2.663394214021097,0.0,7.056435643564357,2.8079207920792078,199.4470297029703,-3.361630891691339,964.3019801980198,False,0.6203286779107118,34.21444299472028,308.95858287087515,110.10988319083256,-1.3227305064636963,0.3694764393738549,8.296626398549671,4.061868160876092,243.21721333087262,-0.8834939517958504,0,1,0,0,1,0,0
350,True,0.6242243971603899,40.962411702093355,300.602006257459,112.82757313808341,-2.745116693228824,0.7968583685449793,6.872355901041834,1.9613618036964164,238.34144115085635,-1.8483776627108155,1267.254623746089,False,0.6381637168874073,29.98150485790722,201.0699693526966,118.35275811956856,4.1113782923939795,0.18284287033429986,3.821613746886314,1.4917840782481748,208.07004297540766,0.042720842089007775,0,1,0,1,0,0,0
351,True,0.6242243971603899,40.962411702093355,300.602006257459,112.82757313808341,-2.745116693228824,0.7968583685449793,6.872355901041834,1.9613618036964164,238.34144115085635,-1.8483776627108155,1267.254623746089,False,0.6381637168874073,29.98150485790722,201.0699693526966,118.35275811956856,4.1113782923939795,0.18284287033429986,3.821613746886314,1.4917840782481748,208.07004297540766,0.042720842089007775,0,1,0,1,0,0,0
352,True,0.6226395211495567,39.284750168693286,280.21632129373637,122.26655441757397,-1.3159798739081119,0.6048475122961449,5.698313856134457,1.7297122278380017,234.64477011401232,-3.331080108807186,1202.6160354706772,False,0.7448034717278994,26.386003943910236,229.66236516936425,88.88900030544195,0.3682488078264188,1.2644198265637205,4.431791376459842,2.1959787029040014,218.6012239109702,5.470327062462634,0,1,0,1,0,0,0
353,True,0.6226395211495567,39.284750168693286,280.21632129373637,122.26655441757397,-1.3159798739081119,0.6048475122961449,5.698313856134457,1.7297122278380017,234.64477011401232,-3.331080108807186,1202.6160354706772,False,0.7448034717278994,26.386003943910236,229.66236516936425,88.88900030544195,0.3682488078264188,1.2644198265637205,4.431791376459842,2.1959787029040014,218.6012239109702,5.470327062462634,0,1,0,1,0,0,0
358,False,0.753055361138309,27.381325856355758,207.68435913021312,121.99645104997941,9.806486646894523,0.3635222838767867,5.99501970549597,1.6628693555028333,233.80370973118173,10.761576401266066,1095.5244995196172,True,0.7024736549733616,28.89026968482087,234.53696336916875,101.46848183240373,-0.9939893219071068,0.8286100092350663,6.706026838596288,2.779547682252307,212.7478984091479,4.671011085642044,0,1,0,0,1,0,0
359,False,0.753055361138309,27.381325856355758,207.68435913021312,121.99645104997941,9.806486646894523,0.3635222838767867,5.99501970549597,1.6628693555028333,233.80370973118173,10.761576401266066,1095.5244995196172,True,0.7024736549733616,28.89026968482087,234.53696336916875,101.46848183240373,-0.9939893219071068,0.8286100092350663,6.706026838596288,2.779547682252307,212.7478984091479,4.671011085642044,0,1,0,0,1,0,0
360,True,0.7634572348370535,27.801751443408705,182.05262232687159,122.51684191852402,9.00304052426623,0.2691029900332226,5.476844176370029,1.4906992871657583,225.80292229784214,11.650504470811597,1052.2723349353287,False,0.6955483089599216,33.43080117431812,267.5841527043953,122.57290304265686,2.7328307163552807,0.6778034195795979,5.613849294996686,2.7637825335850863,261.4497801720241,4.211806436080292,1,0,0,1,0,0,0
361,True,0.7634572348370535,27.801751443408705,182.05262232687159,122.51684191852402,9.00304052426623,0.2691029900332226,5.476844176370029,1.4906992871657583,225.80292229784214,11.650504470811597,1052.2723349353287,False,0.6955483089599216,33.43080117431812,267.5841527043953,122.57290304265686,2.7328307163552807,0.6778034195795979,5.613849294996686,2.7637825335850863,261.4497801720241,4.211806436080292,1,0,0,1,0,0,0
362,True,0.7516088777551873,27.849521381711163,176.01594673413766,138.05469266540274,4.752971358615018,0.44521980859620947,6.325783201291713,2.095339957924953,229.46480754276908,8.530541793364929,1109.0732328078734,False,0.7226794299598122,27.3262140131086,209.11789686672782,96.60607259156869,1.4944841950090983,0.5908137320342431,5.182279187800816,2.4471730559623497,224.55945531091368,4.100104514432843,1,0,0,1,0,0,0
363,True,0.7516088777551873,27.849521381711163,176.01594673413766,138.05469266540274,4.752971358615018,0.44521980859620947,6.325783201291713,2.095339957924953,229.46480754276908,8.530541793364929,1109.0732328078734,False,0.7226794299598122,27.3262140131086,209.11789686672782,96.60607259156869,1.4944841950090983,0.5908137320342431,5.182279187800816,2.4471730559623497,224.55945531091368,4.100104514432843,1,0,0,1,0,0,0
364,False,0.7343337116377596,29.931299366022827,192.62017058217003,138.7247642782626,4.610971516866663,0.34393015650494396,7.389190049322828,2.756164115845601,241.87182664674827,6.017494183522731,1143.409799701317,True,0.7330252050362984,28.83861092543157,233.30648439624832,139.24827946373313,8.56134483574109,0.7700705099992828,4.490572355538674,2.122657062545139,272.80874459925644,7.305119606146227,0,1,0,0,1,0,0
365,False,0.7343337116377596,29.931299366022827,192.62017058217003,138.7247642782626,4.610971516866663,0.34393015650494396,7.389190049322828,2.756164115845601,241.87182664674827,6.017494183522731,1143.409799701317,True,0.7330252050362984,28.83861092543157,233.30648439624832,139.24827946373313,8.56134483574109,0.7700705099992828,4.490572355538674,2.122657062545139,272.80874459925644,7.305119606146227,0,1,0,0,1,0,0
369,False,0.7028828141372077,32.2123419289997,202.6102054846266,155.96168860279235,5.257876143188363,0.34767320172191946,6.8222991181339205,2.1589762640135532,270.4768128089983,2.1381749512479082,1074.9995001547816,True,0.661569618666152,34.26956556208053,281.0505352968187,108.45045454320925,-4.289620663862435,1.1364294959097692,5.914527012142509,2.6007502470405437,229.29247059233614,-2.2041332912633744,1,0,0,0,0,1,0
370,False,0.7028828141372077,32.2123419289997,202.6102054846266,155.96168860279235,5.257876143188363,0.34767320172191946,6.8222991181339205,2.1589762640135532,270.4768128089983,2.1381749512479082,1074.9995001547816,True,0.661569618666152,34.26956556208053,281.0505352968187,108.45045454320925,-4.289620663862435,1.1364294959097692,5.914527012142509,2.6007502470405437,229.29247059233614,-2.2041332912633744,1,0,0,0,0,1,0
376,False,0.686285990302122,34.65739887453187,258.623791690359,103.547420638811,-5.015261195836842,0.9490009999803927,8.504735201270565,3.2793082488578658,231.9452363679144,-0.20518359008617187,1308.8345914785984,True,0.7118139880206954,30.391581332615573,202.4612964891731,113.13703565356703,3.88901783676472,0.43169463431497085,4.272705813675363,2.3525991408734312,229.70440380375854,4.302954941248754,0,1,0,0,1,0,0
377,False,0.686285990302122,34.65739887453187,258.623791690359,103.547420638811,-5.015261195836842,0.9490009999803927,8.504735201270565,3.2793082488578658,231.9452363679144,-0.20518359008617187,1308.8345914785984,True,0.7118139880206954,30.391581332615573,202.4612964891731,113.13703565356703,3.88901783676472,0.43169463431497085,4.272705813675363,2.3525991408734312,229.70440380375854,4.302954941248754,0,1,0,0,1,0,0
379,True,0.7042910906417162,39.73621921135197,297.36408993837273,123.94251439146444,-0.04836908759410541,1.0151549876695112,9.773176130197342,2.7626429506341115,283.578443087221,2.29348241364138,1507.5455792840714,False,0.7166081921731037,28.065372682688288,209.81076283711178,101.40742205636172,-0.7528596611103009,0.49988345026407494,4.556119007312108,2.5465448461762055,224.01711204667222,2.986423609477706,1,0,0,0,0,1,0
380,True,0.7042910906417162,39.73621921135197,297.36408993837273,123.94251439146444,-0.04836908759410541,1.0151549876695112,9.773176130197342,2.7626429506341115,283.578443087221,2.29348241364138,1507.5455792840714,False,0.7166081921731037,28.065372682688288,209.81076283711178,101.40742205636172,-0.7528596611103009,0.49988345026407494,4.556119007312108,2.5465448461762055,224.01711204667222,2.986423609477706,1,0,0,0,0,1,0
381,False,0.7146900878044206,36.15615350363921,276.57831916893696,112.80785650008734,2.603404479863002,1.0117071549386805,9.369770015158295,2.58913800398057,270.7065746179373,3.8446526267171146,1440.9900501400487,True,0.7473944266563239,27.690103805699202,192.60814088073403,102.62677780885238,6.1660711124990275,0.4169195873680452,4.646591400253724,2.271512223844686,224.8233842407668,7.592366926558859,0,1,0,0,1,0,0
382,False,0.7146900878044206,36.15615350363921,276.57831916893696,112.80785650008734,2.603404479863002,1.0117071549386805,9.369770015158295,2.58913800398057,270.7065746179373,3.8446526267171146,1440.9900501400487,True,0.7473944266563239,27.690103805699202,192.60814088073403,102.62677780885238,6.1660711124990275,0.4169195873680452,4.646591400253724,2.271512223844686,224.8233842407668,7.592366926558859,0,1,0,0,1,0,0
383,True,0.7068319259436644,34.38165991986139,284.0672723562838,110.89157515015113,2.4359256562950464,1.0091600877073303,9.506886005423437,3.331222213698728,266.2015485924767,4.416967511923401,1427.2856195202123,False,0.7009616465034083,39.81990263624308,285.6617519661166,135.68577529108043,2.7686326241638866,1.0185266431704072,7.0759865333417356,3.141404918944086,300.5285041766535,3.8082787045900033,1,0,0,0,0,1,0
384,True,0.7068319259436644,34.38165991986139,284.0672723562838,110.89157515015113,2.4359256562950464,1.0091600877073303,9.506886005423437,3.331222213698728,266.2015485924767,4.416967511923401,1427.2856195202123,False,0.7009616465034083,39.81990263624308,285.6617519661166,135.68577529108043,2.7686326241638866,1.0185266431704072,7.0759865333417356,3.141404918944086,300.5285041766535,3.8082787045900033,1,0,0,0,0,1,0
388,True,0.6904783905916906,28.282235203344925,213.2227234094852,97.00912916642284,-0.5321400639428885,0.8708581658061857,7.438607240741295,3.270625763096965,206.72994549968686,1.1629064060728938,1274.9453414362006,False,0.5716107302354742,33.86565980292681,291.34116949080664,106.97497049717228,-3.3311306360273027,0.7899748706013028,6.155335295970772,2.22632290169545,232.69108256962812,-7.050051434201127,1,0,0,0,0,1,0
389,True,0.6904783905916906,28.282235203344925,213.2227234094852,97.00912916642284,-0.5321400639428885,0.8708581658061857,7.438607240741295,3.270625763096965,206.72994549968686,1.1629064060728938,1274.9453414362006,False,0.5716107302354742,33.86565980292681,291.34116949080664,106.97497049717228,-3.3311306360273027,0.7899748706013028,6.155335295970772,2.22632290169545,232.69108256962812,-7.050051434201127,1,0,0,0,0,1,0
390,False,0.6491679524080113,27.638033358303385,224.36635696102613,94.45583712846873,-3.4850335528720606,0.8962047368791305,7.745060628153595,4.002587251358062,193.4366398246408,-2.1316108445726254,1287.9098397990917,True,0.6660638966170641,30.909055663232543,218.75176876081858,121.78337192258925,2.6490726422355158,0.44848507062951726,6.065426756634199,1.7797261107372153,228.23506084711713,2.0120072506390643,0,1,0,0,1,0,0
391,False,0.6491679524080113,27.638033358303385,224.36635696102613,94.45583712846873,-3.4850335528720606,0.8962047368791305,7.745060628153595,4.002587251358062,193.4366398246408,-2.1316108445726254,1287.9098397990917,True,0.6660638966170641,30.909055663232543,218.75176876081858,121.78337192258925,2.6490726422355158,0.44848507062951726,6.065426756634199,1.7797261107372153,228.23506084711713,2.0120072506390643,0,1,0,0,1,0,0
392,False,0.6548567366240109,27.708064258578116,219.26516944194734,92.23943789414426,-2.7268864216062343,0.916286354584388,8.18133131192479,4.00208668715968,196.64120867446118,-0.583608692190599,1276.1254087898515,True,0.6825482660902941,32.186953200861645,254.59317934682923,130.6020452270216,6.780757304002253,0.4589171099302674,6.133099405645188,1.9366947228278315,265.7144452868354,5.048675041009486,0,0,0,0,0,1,0
393,False,0.6548567366240109,27.708064258578116,219.26516944194734,92.23943789414426,-2.7268864216062343,0.916286354584388,8.18133131192479,4.00208668715968,196.64120867446118,-0.583608692190599,1276.1254087898515,True,0.6825482660902941,32.186953200861645,254.59317934682923,130.6020452270216,6.780757304002253,0.4589171099302674,6.133099405645188,1.9366947228278315,265.7144452868354,5.048675041009486,0,0,0,0,0,1,0
398,False,0.6601418760525886,29.113291896237328,251.96815748710807,81.2922295641262,-0.7588679404079312,0.0,4.597752985235584,3.403992078586694,189.7799454912649,2.8178967285833147,963.0030783710124,True,0.6673924687481367,35.220713769445325,271.90944023133346,106.0546846928066,2.9926221186596873,0.6003845043928958,5.492125813559944,1.7601971823887632,247.8366305655113,0.2157294568820349,0,1,0,1,0,0,0
399,False,0.6601418760525886,29.113291896237328,251.96815748710807,81.2922295641262,-0.7588679404079312,0.0,4.597752985235584,3.403992078586694,189.7799454912649,2.8178967285833147,963.0030783710124,True,0.6673924687481367,35.220713769445325,271.90944023133346,106.0546846928066,2.9926221186596873,0.6003845043928958,5.492125813559944,1.7601971823887632,247.8366305655113,0.2157294568820349,0,1,0,1,0,0,0
401,True,0.717843404777863,28.20934560066572,272.31035536644555,85.69862709992697,3.5391622983673185,0.19714895102774027,3.897763374034171,3.22699960188251,240.98174249782485,7.718643413757038,923.7252775771173,False,0.6585226315121119,37.24692409359563,300.66665007221496,110.64817735634162,1.1986515832250897,0.5506706186431781,5.031918933044259,1.9882311716817342,258.7336121967473,-0.46116373984799963,0,1,0,0,1,0,0
402,True,0.717843404777863,28.20934560066572,272.31035536644555,85.69862709992697,3.5391622983673185,0.19714895102774027,3.897763374034171,3.22699960188251,240.98174249782485,7.718643413757038,923.7252775771173,False,0.6585226315121119,37.24692409359563,300.66665007221496,110.64817735634162,1.1986515832250897,0.5506706186431781,5.031918933044259,1.9882311716817342,258.7336121967473,-0.46116373984799963,0,1,0,0,1,0,0
403,False,0.7251591851622977,26.34167991343989,243.8016456158161,85.99469570636435,4.560056665361575,0.1522966145543901,3.9210226991475685,3.402860917753883,226.88059737265593,8.197538516309509,965.8761698177177,True,0.6667701783480038,33.142713099046105,232.2936860635968,86.29200108275,-0.5827746927031932,0.4455508512468664,5.800156146374152,2.552541136122249,206.09889295910833,1.2550930250423253,0,1,0,0,1,0,0
404,False,0.7251591851622977,26.34167991343989,243.8016456158161,85.99469570636435,4.560056665361575,0.1522966145543901,3.9210226991475685,3.402860917753883,226.88059737265593,8.197538516309509,965.8761698177177,True,0.6667701783480038,33.142713099046105,232.2936860635968,86.29200108275,-0.5827746927031932,0.4455508512468664,5.800156146374152,2.552541136122249,206.09889295910833,1.2550930250423253,0,1,0,0,1,0,0
408,False,0.6510238742324203,29.52608343116335,284.0548000059891,82.15491253521337,2.822340760280486,0.2597345418185337,2.85749423355305,1.636417211591465,220.56772375436532,3.0095062235070325,954.7274430417449,True,0.6635948075452052,26.312313852893823,193.20658101724513,99.99970395266467,-2.8843953115074656,0.9627128998916081,5.28139766277372,2.9039051475422046,180.03468901547734,-1.7666367855378753,1,0,0,0,0,1,0
409,False,0.6510238742324203,29.52608343116335,284.0548000059891,82.15491253521337,2.822340760280486,0.2597345418185337,2.85749423355305,1.636417211591465,220.56772375436532,3.0095062235070325,954.7274430417449,True,0.6635948075452052,26.312313852893823,193.20658101724513,99.99970395266467,-2.8843953115074656,0.9627128998916081,5.28139766277372,2.9039051475422046,180.03468901547734,-1.7666367855378753,1,0,0,0,0,1,0
410,True,0.6377382985693011,30.79671418731373,308.3814315766984,87.81631624761738,-0.9182322568284665,0.993833641922672,3.4742714866687696,1.5115080821343192,224.38168205876633,0.30933599357981245,973.0339779369332,False,0.7195407016929469,29.696132630197933,226.86659202869748,105.43070599115997,3.248185082885206,0.6422223933754172,4.457294248355156,2.100586610838364,214.48316984153865,3.7063949432055923,0,1,0,0,1,0,0
411,True,0.6377382985693011,30.79671418731373,308.3814315766984,87.81631624761738,-0.9182322568284665,0.993833641922672,3.4742714866687696,1.5115080821343192,224.38168205876633,0.30933599357981245,973.0339779369332,False,0.7195407016929469,29.696132630197933,226.86659202869748,105.43070599115997,3.248185082885206,0.6422223933754172,4.457294248355156,2.100586610838364,214.48316984153865,3.7063949432055923,0,1,0,0,1,0,0
417,True,0.7060858266188367,31.442574257425743,232.5846534653465,155.659900990099,10.09873130070691,0.26955445544554457,3.6881188118811887,2.118316831683168,258.6777227722772,8.873536654038004,1372.9502475247525,False,0.7036358297145515,32.68620026618868,224.22982231727752,150.01040057054723,5.228605311645428,0.9026785530343678,5.069175990800523,2.33936785951091,254.4604166647856,2.3996345682823,0,1,0,0,1,0,0
418,True,0.7060858266188367,31.442574257425743,232.5846534653465,155.659900990099,10.09873130070691,0.26955445544554457,3.6881188118811887,2.118316831683168,258.6777227722772,8.873536654038004,1372.9502475247525,False,0.7036358297145515,32.68620026618868,224.22982231727752,150.01040057054723,5.228605311645428,0.9026785530343678,5.069175990800523,2.33936785951091,254.4604166647856,2.3996345682823,0,1,0,0,1,0,0
420,False,0.7043191563185079,29.439041383091958,224.37484436989965,124.98293713511593,8.467824060260044,0.35476889333290323,3.3159339418765934,1.5901977228010191,238.05115311421474,5.3033319963911465,1310.3541060542527,True,0.6899032541877711,38.76800270352361,266.28483935679145,126.24665197803371,3.5960062335961895,0.7066879484397436,7.8295601300537045,3.3346912986695596,276.04875315277866,3.1222776544152278,0,1,0,0,1,0,0
421,False,0.7043191563185079,29.439041383091958,224.37484436989965,124.98293713511593,8.467824060260044,0.35476889333290323,3.3159339418765934,1.5901977228010191,238.05115311421474,5.3033319963911465,1310.3541060542527,True,0.6899032541877711,38.76800270352361,266.28483935679145,126.24665197803371,3.5960062335961895,0.7066879484397436,7.8295601300537045,3.3346912986695596,276.04875315277866,3.1222776544152278,0,1,0,0,1,0,0
422,True,0.7234669416958095,31.26092867875455,217.05572706359717,153.90222808418983,11.813354386546546,0.2692838414488593,3.7217262113238117,1.2070239513847811,267.4359264106954,7.288272034707722,1338.9430003749949,False,0.6540797703539536,29.801424072930494,236.0554717465746,102.79429545096953,4.560952963607556,0.6445221962999353,3.5240638736300562,2.1203099998179087,216.84394148868466,-0.05216536134933657,0,1,0,0,1,0,0
423,True,0.7234669416958095,31.26092867875455,217.05572706359717,153.90222808418983,11.813354386546546,0.2692838414488593,3.7217262113238117,1.2070239513847811,267.4359264106954,7.288272034707722,1338.9430003749949,False,0.6540797703539536,29.801424072930494,236.0554717465746,102.79429545096953,4.560952963607556,0.6445221962999353,3.5240638736300562,2.1203099998179087,216.84394148868466,-0.05216536134933657,0,1,0,0,1,0,0
424,True,0.7231837590035162,32.33909024321449,241.61356936950648,141.86671624477796,10.468037244823186,0.4355252890396105,4.240044477870107,1.1599250047398855,268.7017799670497,7.7006390265894975,1343.9610740883777,False,0.6213207508128724,32.52905428664096,291.6890813160952,97.2663531548695,-0.7220216555557138,0.7535470325367587,5.630584372551149,2.614783356763158,230.88738605424865,-1.5591796589530098,0,1,0,0,1,0,0
425,True,0.7231837590035162,32.33909024321449,241.61356936950648,141.86671624477796,10.468037244823186,0.4355252890396105,4.240044477870107,1.1599250047398855,268.7017799670497,7.7006390265894975,1343.9610740883777,False,0.6213207508128724,32.52905428664096,291.6890813160952,97.2663531548695,-0.7220216555557138,0.7535470325367587,5.630584372551149,2.614783356763158,230.88738605424865,-1.5591796589530098,0,1,0,0,1,0,0
429,True,0.6484484552827645,29.193969142295398,264.4431266711976,84.91695240545963,8.793485775139164,0.17140109007077317,4.697316636109924,1.2157518529111937,217.75516943472806,2.97947697726828,1143.0263004915414,False,0.6854247025221154,30.676413973734753,275.4683857963365,95.76959211079748,-0.41648728545167973,1.2005558881271219,4.21438456755051,1.745436827016152,232.537566800075,2.3115236154136505,0,1,0,0,1,0,0
430,True,0.6484484552827645,29.193969142295398,264.4431266711976,84.91695240545963,8.793485775139164,0.17140109007077317,4.697316636109924,1.2157518529111937,217.75516943472806,2.97947697726828,1143.0263004915414,False,0.6854247025221154,30.676413973734753,275.4683857963365,95.76959211079748,-0.41648728545167973,1.2005558881271219,4.21438456755051,1.745436827016152,232.537566800075,2.3115236154136505,0,1,0,0,1,0,0
431,False,0.6602020115458284,28.174552708900976,273.58080932941016,86.89594460486842,8.643111722972105,0.33402957752098233,3.971647069146083,1.1734063983335086,220.94353016276807,4.75753327400138,1120.0576361440847,True,0.6147309773786094,35.703953622355996,308.1589449489519,91.03390541145042,-2.6033557949935417,0.6321226560321509,7.551151350802219,3.8821597387421334,230.57994319652917,-2.113209280099937,0,1,0,0,1,0,0
432,False,0.6602020115458284,28.174552708900976,273.58080932941016,86.89594460486842,8.643111722972105,0.33402957752098233,3.971647069146083,1.1734063983335086,220.94353016276807,4.75753327400138,1120.0576361440847,True,0.6147309773786094,35.703953622355996,308.1589449489519,91.03390541145042,-2.6033557949935417,0.6321226560321509,7.551151350802219,3.8821597387421334,230.57994319652917,-2.113209280099937,0,1,0,0,1,0,0
435,False,0.6263157933950424,19.0,191.25000000000003,53.699999999999996,-14.298936986923218,1.55,7.199999999999999,4.6499999999999995,151.25,-7.578084087371826,657.65,True,0.6457181482224927,35.23446210358505,319.9209390575706,114.44852866319364,-4.042738595275362,0.9416989210861709,6.140796043256293,2.9303775496639286,245.7136323477052,-0.8128268124326505,1,0,0,1,0,0,0
436,False,0.6263157933950424,19.0,191.25000000000003,53.699999999999996,-14.298936986923218,1.55,7.199999999999999,4.6499999999999995,151.25,-7.578084087371826,657.65,True,0.6457181482224927,35.23446210358505,319.9209390575706,114.44852866319364,-4.042738595275362,0.9416989210861709,6.140796043256293,2.9303775496639286,245.7136323477052,-0.8128268124326505,1,0,0,1,0,0,0
437,True,0.6090371220610862,21.00996677740864,218.08305647840535,45.37873754152824,-11.532984524470232,1.3289036544850499,7.923588039867108,4.790697674418604,147.93355481727576,-4.581144990640819,769.1428571428571,False,0.6776012229526771,34.33528510764628,268.60653221391397,108.42347923277842,2.5246129695627,0.5105768511055871,4.185478336032673,1.7703024452700222,245.54554669222065,4.318017521618963,1,0,0,0,0,0,1
438,True,0.6090371220610862,21.00996677740864,218.08305647840535,45.37873754152824,-11.532984524470232,1.3289036544850499,7.923588039867108,4.790697674418604,147.93355481727576,-4.581144990640819,769.1428571428571,False,0.6776012229526771,34.33528510764628,268.60653221391397,108.42347923277842,2.5246129695627,0.5105768511055871,4.185478336032673,1.7703024452700222,245.54554669222065,4.318017521618963,1,0,0,0,0,0,1
441,True,0.5991448762520426,25.18074541173435,248.44838564009936,59.232677482824236,-12.853309602144975,1.7625100796697095,8.290650904751153,3.167893429668096,149.9448875915234,-7.974446192677686,796.0972921975292,False,0.7123889309847917,31.030313572231115,203.28657184437648,152.38016208043686,9.697017941012344,0.6035923379334914,4.241643311185344,1.7906964677651434,272.1694776956108,4.745032005311466,1,0,0,0,0,0,1
442,True,0.5991448762520426,25.18074541173435,248.44838564009936,59.232677482824236,-12.853309602144975,1.7625100796697095,8.290650904751153,3.167893429668096,149.9448875915234,-7.974446192677686,796.0972921975292,False,0.7123889309847917,31.030313572231115,203.28657184437648,152.38016208043686,9.697017941012344,0.6035923379334914,4.241643311185344,1.7906964677651434,272.1694776956108,4.745032005311466,1,0,0,0,0,0,1
443,False,0.6223992613192062,24.655273370156372,225.44915895469885,64.23676796605487,-7.524624600323518,1.3378159522019626,7.738696054365958,3.3683976865932608,153.09064524548836,-6.018238413864897,885.9518649158928,True,0.6892981171399072,34.22849835660868,255.83610809056907,139.6247219441375,5.616888372507745,0.33867646769254905,7.27378816245523,2.367071327900683,269.20654423946553,5.795298711757363,0,0,0,0,0,1,0
444,False,0.6223992613192062,24.655273370156372,225.44915895469885,64.23676796605487,-7.524624600323518,1.3378159522019626,7.738696054365958,3.3683976865932608,153.09064524548836,-6.018238413864897,885.9518649158928,True,0.6892981171399072,34.22849835660868,255.83610809056907,139.6247219441375,5.616888372507745,0.33867646769254905,7.27378816245523,2.367071327900683,269.20654423946553,5.795298711757363,0,0,0,0,0,1,0
447,True,0.7207718106223631,30.123997568675126,214.59165506558696,94.48422579949414,5.475665474414933,0.6066939863924236,2.35413031117037,2.0333130722927,207.3148369639811,4.718139123779656,1192.1718593753062,False,0.6366375649972984,29.689033622632873,242.0362541777733,104.14221101473841,-1.484837726015097,0.5850798748839157,4.968770103563663,2.6409780573395225,202.20849241891983,-3.118755493337326,0,1,0,0,1,0,0
448,True,0.7207718106223631,30.123997568675126,214.59165506558696,94.48422579949414,5.475665474414933,0.6066939863924236,2.35413031117037,2.0333130722927,207.3148369639811,4.718139123779656,1192.1718593753062,False,0.6366375649972984,29.689033622632873,242.0362541777733,104.14221101473841,-1.484837726015097,0.5850798748839157,4.968770103563663,2.6409780573395225,202.20849241891983,-3.118755493337326,0,1,0,0,1,0,0
455,True,0.6423979987461393,22.870963314444815,154.21493696202037,99.28138663947766,-1.2943482417311958,0.23487774749514714,3.108193956981236,1.4360110586066943,154.07186133605225,-4.505687767067495,877.4301876433796,False,0.6506931009516289,34.63964000943504,226.34183280796455,118.7729339405521,-7.656276032708936,1.1397217882400954,7.003692422291441,3.4133743265820393,207.3172871867529,-2.902750499689616,0,0,0,1,0,0,0
456,True,0.6423979987461393,22.870963314444815,154.21493696202037,99.28138663947766,-1.2943482417311958,0.23487774749514714,3.108193956981236,1.4360110586066943,154.07186133605225,-4.505687767067495,877.4301876433796,False,0.6506931009516289,34.63964000943504,226.34183280796455,118.7729339405521,-7.656276032708936,1.1397217882400954,7.003692422291441,3.4133743265820393,207.3172871867529,-2.902750499689616,0,0,0,1,0,0,0
461,True,0.680522636717736,29.767441860465116,168.4485049833887,101.05980066445183,2.181041738717659,0.3289036544850499,4.0,2.0764119601328908,180.13953488372093,-1.2708401670091571,1357.3189368770763,False,0.6767072149677584,34.551463697415805,245.73146440958672,132.46288806997063,0.4984720375531009,1.164209946994113,7.11028384876232,2.566874608128429,236.09182222778105,1.7023698549797015,0,0,0,0,1,0,0
462,True,0.680522636717736,29.767441860465116,168.4485049833887,101.05980066445183,2.181041738717659,0.3289036544850499,4.0,2.0764119601328908,180.13953488372093,-1.2708401670091571,1357.3189368770763,False,0.6767072149677584,34.551463697415805,245.73146440958672,132.46288806997063,0.4984720375531009,1.164209946994113,7.11028384876232,2.566874608128429,236.09182222778105,1.7023698549797015,0,0,0,0,1,0,0
465,False,0.7450060571928319,23.25799494127566,204.9748632379757,84.72994647163782,6.479083424561051,0.23487774749514714,4.854100899982353,3.3529734711084096,210.6995745181467,11.522213618434325,913.4409913531107,True,0.7141332954533195,29.085084192543402,216.3691883455046,104.67769575673803,1.9734524235632416,0.4833930534825625,6.240046608200669,2.911323409423741,235.36682707256574,2.8972514518333248,1,0,0,0,0,0,1
466,False,0.7450060571928319,23.25799494127566,204.9748632379757,84.72994647163782,6.479083424561051,0.23487774749514714,4.854100899982353,3.3529734711084096,210.6995745181467,11.522213618434325,913.4409913531107,True,0.7141332954533195,29.085084192543402,216.3691883455046,104.67769575673803,1.9734524235632416,0.4833930534825625,6.240046608200669,2.911323409423741,235.36682707256574,2.8972514518333248,1,0,0,0,0,0,1
470,True,0.6314494061499683,25.54311410414115,235.5432455075543,91.09916058494483,-4.9472733579388395,0.5886201229918369,4.410541652598815,2.8168232016114034,201.39605009015247,-0.24927946600897996,951.140608949584,False,0.6533492607762474,34.93520805931226,234.26847583154773,119.55975491324217,-0.46859036060118003,0.7599585619726139,4.762895133205048,2.1761326188916152,238.7209559390085,-2.9926894456849826,0,1,0,0,1,0,0
471,True,0.6314494061499683,25.54311410414115,235.5432455075543,91.09916058494483,-4.9472733579388395,0.5886201229918369,4.410541652598815,2.8168232016114034,201.39605009015247,-0.24927946600897996,951.140608949584,False,0.6533492607762474,34.93520805931226,234.26847583154773,119.55975491324217,-0.46859036060118003,0.7599585619726139,4.762895133205048,2.1761326188916152,238.7209559390085,-2.9926894456849826,0,1,0,0,1,0,0
472,False,0.6235304134716757,26.899422793208362,240.05036906938628,87.50737648790968,-4.916757202134972,0.6750330023105533,4.534361012475714,2.6452444524054153,205.09386829690493,-1.255089612701888,1012.8675856801624,True,0.679347064844897,31.500615490751464,238.68801112640358,152.74828040578635,6.304086497252022,0.605456854503519,4.358930155900043,1.890395096645113,259.5913713587298,2.662772931985402,0,1,0,1,0,0,0
473,False,0.6235304134716757,26.899422793208362,240.05036906938628,87.50737648790968,-4.916757202134972,0.6750330023105533,4.534361012475714,2.6452444524054153,205.09386829690493,-1.255089612701888,1012.8675856801624,True,0.679347064844897,31.500615490751464,238.68801112640358,152.74828040578635,6.304086497252022,0.605456854503519,4.358930155900043,1.890395096645113,259.5913713587298,2.662772931985402,0,1,0,1,0,0,0
484,False,0.5909892915689271,17.222591362126245,184.95681063122922,45.611295681063126,-2.110405398365668,0.7308970099667775,4.059800664451827,1.7308970099667773,132.3388704318937,-1.7931278290542658,950.6777408637874,True,0.7094454163104063,26.926544169177607,182.49168622233609,99.6441903175595,-1.5691629608710222,0.5546893450251268,5.447836148151233,2.1912674567143537,186.2527253813304,4.366780215895421,0,1,0,0,1,0,0
485,False,0.5909892915689271,17.222591362126245,184.95681063122922,45.611295681063126,-2.110405398365668,0.7308970099667775,4.059800664451827,1.7308970099667773,132.3388704318937,-1.7931278290542658,950.6777408637874,True,0.7094454163104063,26.926544169177607,182.49168622233609,99.6441903175595,-1.5691629608710222,0.5546893450251268,5.447836148151233,2.1912674567143537,186.2527253813304,4.366780215895421,0,1,0,0,1,0,0
486,True,0.6433762353614415,20.77326732673267,177.39356435643563,70.77797029702971,-3.8544648286729766,1.1490099009900991,4.04009900990099,1.8195544554455443,158.9131188118812,-0.8317234140221438,1070.705693069307,False,0.6343754509938793,33.19183263020595,308.66258650164866,99.6397052698857,-4.656485122985417,0.9522991172523216,6.660651308118786,3.306672540634124,227.03842646630423,-0.6873834798280031,0,1,0,0,1,0,0
487,True,0.6433762353614415,20.77326732673267,177.39356435643563,70.77797029702971,-3.8544648286729766,1.1490099009900991,4.04009900990099,1.8195544554455443,158.9131188118812,-0.8317234140221438,1070.705693069307,False,0.6343754509938793,33.19183263020595,308.66258650164866,99.6397052698857,-4.656485122985417,0.9522991172523216,6.660651308118786,3.306672540634124,227.03842646630423,-0.6873834798280031,0,1,0,0,1,0,0
490,False,0.6527847329910887,23.389658212236657,248.0361182650432,61.442410030904995,-0.6105626500885144,0.9215050817174918,3.979077807436437,1.5643593426175937,169.70669268311133,-1.328754064181979,1206.0088428398778,True,0.6851548135291229,32.64977869078432,260.76840209342384,109.26700916447787,4.084371550525834,0.31395303026107996,5.243450284633707,2.2612078060590144,245.28952014604724,3.3108707333135294,0,1,0,1,0,0,0
491,False,0.6527847329910887,23.389658212236657,248.0361182650432,61.442410030904995,-0.6105626500885144,0.9215050817174918,3.979077807436437,1.5643593426175937,169.70669268311133,-1.328754064181979,1206.0088428398778,True,0.6851548135291229,32.64977869078432,260.76840209342384,109.26700916447787,4.084371550525834,0.31395303026107996,5.243450284633707,2.2612078060590144,245.28952014604724,3.3108707333135294,0,1,0,1,0,0,0
494,True,0.6587979598800735,29.611386138613863,251.13910891089108,116.06237623762378,0.5979039466026996,0.8685643564356436,3.0225247524752477,1.1715346534653466,233.0292079207921,-2.3278439121671246,1115.6683168316831,False,0.6775806503238496,27.905435888295383,198.78379918592233,88.6027421677633,1.1485370224728002,0.4904707210198978,4.860572831816449,2.4958615383970777,199.87553609256275,3.865024003036747,0,0,0,1,0,0,0
495,True,0.6587979598800735,29.611386138613863,251.13910891089108,116.06237623762378,0.5979039466026996,0.8685643564356436,3.0225247524752477,1.1715346534653466,233.0292079207921,-2.3278439121671246,1115.6683168316831,False,0.6775806503238496,27.905435888295383,198.78379918592233,88.6027421677633,1.1485370224728002,0.4904707210198978,4.860572831816449,2.4958615383970777,199.87553609256275,3.865024003036747,0,0,0,1,0,0,0
497,False,0.6240404707215291,32.29780343837693,274.5675853949618,114.63979776150697,-1.52347617952246,0.4583895106925136,3.743866722575235,1.5627729574557299,238.7059623262265,-4.088478694547166,1121.9641325033062,True,0.7012279398789784,30.92553136396223,229.39604175854342,110.13588609640958,-2.6734970256802555,0.8565034549730519,3.762792344509882,1.9955709741892576,219.57194965089255,3.2292694426452386,0,1,0,1,0,0,0
498,False,0.6240404707215291,32.29780343837693,274.5675853949618,114.63979776150697,-1.52347617952246,0.4583895106925136,3.743866722575235,1.5627729574557299,238.7059623262265,-4.088478694547166,1121.9641325033062,True,0.7012279398789784,30.92553136396223,229.39604175854342,110.13588609640958,-2.6734970256802555,0.8565034549730519,3.762792344509882,1.9955709741892576,219.57194965089255,3.2292694426452386,0,1,0,1,0,0,0
499,False,0.6169451982205714,33.430843917949446,281.6596149862469,99.7870826312098,-0.25460393147142607,0.3479360525651103,3.8055845533134005,1.4271672818422925,234.43953667121824,-1.9655655936770389,1131.3702084615,True,0.6855976832262041,37.20321503671763,265.0827200255039,127.08245396973788,-0.6628560343484002,1.0191184522137255,6.6742842274183145,2.8595073050013453,268.0904235579488,-0.32101062561379634,0,0,0,0,1,0,0
500,False,0.6169451982205714,33.430843917949446,281.6596149862469,99.7870826312098,-0.25460393147142607,0.3479360525651103,3.8055845533134005,1.4271672818422925,234.43953667121824,-1.9655655936770389,1131.3702084615,True,0.6855976832262041,37.20321503671763,265.0827200255039,127.08245396973788,-0.6628560343484002,1.0191184522137255,6.6742842274183145,2.8595073050013453,268.0904235579488,-0.32101062561379634,0,0,0,0,1,0,0
506,False,0.6777773507319091,37.51210760573322,334.45614791866825,111.31111154683244,9.12512382924614,0.34940491362914455,5.513636987510049,1.7270445677535735,315.7894355012647,1.8273915574704007,1167.9352561714477,True,0.6899449120172231,34.24727637623758,265.37077417931346,103.20116715888624,4.97128238019717,0.3286389421420251,5.115050295280506,1.8522257265492452,244.04269224601606,6.565218794639661,0,1,0,0,1,0,0
507,False,0.6777773507319091,37.51210760573322,334.45614791866825,111.31111154683244,9.12512382924614,0.34940491362914455,5.513636987510049,1.7270445677535735,315.7894355012647,1.8273915574704007,1167.9352561714477,True,0.6899449120172231,34.24727637623758,265.37077417931346,103.20116715888624,4.97128238019717,0.3286389421420251,5.115050295280506,1.8522257265492452,244.04269224601606,6.565218794639661,0,1,0,0,1,0,0
509,True,0.6630802944160294,34.155270989884386,320.5435006945634,90.62750906169545,7.432811545153156,0.1963275531715356,4.456201431400357,1.364709081118445,256.97796017764176,2.1823459755015455,1139.2674959171536,False,0.6657228502133649,28.121793162997694,237.33305801972503,100.44387174982151,2.680727355461007,0.5321936809456276,4.192513901501645,1.9650876764740093,208.36758796313558,0.14761372467502562,1,0,0,0,0,1,0
510,True,0.6630802944160294,34.155270989884386,320.5435006945634,90.62750906169545,7.432811545153156,0.1963275531715356,4.456201431400357,1.364709081118445,256.97796017764176,2.1823459755015455,1139.2674959171536,False,0.6657228502133649,28.121793162997694,237.33305801972503,100.44387174982151,2.680727355461007,0.5321936809456276,4.192513901501645,1.9650876764740093,208.36758796313558,0.14761372467502562,1,0,0,0,0,1,0
511,False,0.682854946326139,33.66493645284725,320.1923468479996,93.89732001511162,8.435181798323931,0.15166208866901215,4.352413407197714,1.509240826804122,262.4430900059868,4.57057257097683,1217.695801955915,True,0.6977079432675675,33.56302006829451,274.27382414481036,100.12466044773208,5.20253665213883,0.1939835979049975,2.8359487673079364,1.276718290816464,238.5000021638641,2.8048725928075213,0,1,0,0,1,0,0
512,False,0.682854946326139,33.66493645284725,320.1923468479996,93.89732001511162,8.435181798323931,0.15166208866901215,4.352413407197714,1.509240826804122,262.4430900059868,4.57057257097683,1217.695801955915,True,0.6977079432675675,33.56302006829451,274.27382414481036,100.12466044773208,5.20253665213883,0.1939835979049975,2.8359487673079364,1.276718290816464,238.5000021638641,2.8048725928075213,0,1,0,0,1,0,0
516,False,0.6684301743029825,31.849588705309877,266.73003714994184,105.47372912047972,5.172491471084294,0.4592829937892315,3.77016909158379,1.2664608407621236,244.4912644357615,2.201314211729206,1079.659578670726,True,0.694529383311879,28.765387689986724,242.98648113876735,104.27642386980368,0.7781434223569325,0.8361041565273861,3.585689651051982,2.0740465805266526,221.46144991107246,2.4657893543087757,0,0,0,0,1,0,0
517,False,0.6684301743029825,31.849588705309877,266.73003714994184,105.47372912047972,5.172491471084294,0.4592829937892315,3.77016909158379,1.2664608407621236,244.4912644357615,2.201314211729206,1079.659578670726,True,0.694529383311879,28.765387689986724,242.98648113876735,104.27642386980368,0.7781434223569325,0.8361041565273861,3.585689651051982,2.0740465805266526,221.46144991107246,2.4657893543087757,0,0,0,0,1,0,0
518,True,0.6765257360449672,31.682840566441186,258.1471755113187,103.61432740160924,7.181735932286032,0.3691398645906591,3.422739329794734,1.0178935200958965,251.6568066207481,2.56516583482103,1071.6793536181156,False,0.6203864293652518,33.77684413621171,363.854152227157,89.38408924180216,2.1924022240425285,0.8345077681891595,6.0985948494148206,2.5057261789861864,265.77860456879375,-0.22774073234505907,1,0,0,0,0,1,0
519,True,0.6765257360449672,31.682840566441186,258.1471755113187,103.61432740160924,7.181735932286032,0.3691398645906591,3.422739329794734,1.0178935200958965,251.6568066207481,2.56516583482103,1071.6793536181156,False,0.6203864293652518,33.77684413621171,363.854152227157,89.38408924180216,2.1924022240425285,0.8345077681891595,6.0985948494148206,2.5057261789861864,265.77860456879375,-0.22774073234505907,1,0,0,0,0,1,0
